phone_name,review_url,image_url,image_alt
Samsung Galaxy A27 review,https://www.gsmarena.com/samsung_galaxy_a27-review-2977.php,https://fdn.gsmarena.com/imgroot/reviews/26/samsung-galaxy-a27/-347x151/gsmarena_001.jpg,
Oppo Reno16 review,https://www.gsmarena.com/oppo_reno16-review-2976.php,https://fdn.gsmarena.com/imgroot/reviews/26/oppo-reno16/-347x151/gsmarena_000.jpg,
Tecno Pova 8 review,https://www.gsmarena.com/tecno_pova_8-review-2975.php,https://fdn.gsmarena.com/imgroot/reviews/26/tecno-pova-8/-347x151/gsmarena_001.jpg,
Motorola Razr Fold review,https://www.gsmarena.com/motorola_razr_fold-review-2974.php,https://fdn.gsmarena.com/imgroot/reviews/26/motorola-razr-fold/-347x151/gsmarena_001.jpg,
Oppo Reno16 Pro review,https://www.gsmarena.com/oppo_reno16_pro-review-2973.php,https://fdn.gsmarena.com/imgroot/reviews/26/oppo-reno16-pro/-347x151/gsmarena_000.jpg,
Motorola Razr 70 Ultra/Razr Ultra 2026 review,https://www.gsmarena.com/motorola_razr_70_ultra-review-2972.php,https://fdn.gsmarena.com/imgroot/reviews/26/motorola-razr-70-ultra/-347x151/gsmarena_000.jpg,
Motorola Razr 70/Razr 2026 review,https://www.gsmarena.com/motorola_razr_70-review-2971.php,https://fdn.gsmarena.com/imgroot/reviews/26/motorola-razr-70/-347x151/gsmarena_001.jpg,
Xiaomi Redmi Turbo 5 hands-on review,https://www.gsmarena.com/xiaomi_redmi_turbo_5-review-2970.php,https://fdn.gsmarena.com/imgroot/reviews/26/xiaomi_redmi_turbo_5/-347x151/gsmarena_001.jpg,
Honor Magic V6 review,https://www.gsmarena.com/honor_magic_v6-review-2968.php,https://fdn.gsmarena.com/imgroot/reviews/26/honor-magic-v6/-347x151/gsmarena_000.jpg,
Infinix GT 50 Pro review,https://www.gsmarena.com/infinix_gt_50_pro-review-2966.php,https://fdn.gsmarena.com/imgroot/reviews/26/infinix-gt-50-pro/-347x151/gsmarena_001.jpg,
RedMagic 11S Pro review,https://www.gsmarena.com/nubia_redmagic_11s_pro-review-2969.php,https://fdn.gsmarena.com/imgroot/reviews/26/nubia-redmagic-11s-pro/-347x151/gsmarena_000.jpg,
Xiaomi 17T Pro review,https://www.gsmarena.com/xiaomi_17t_pro-review-2965.php,https://fdn.gsmarena.com/imgroot/reviews/26/xiaomi-17t-pro/-347x151/gsmarena_000.jpg,
Xiaomi 17T review,https://www.gsmarena.com/xiaomi_17t-review-2967.php,https://fdn.gsmarena.com/imgroot/reviews/26/xiaomi-17t/-347x151/gsmarena_001.jpg,
Infinix Note 60 Pro review,https://www.gsmarena.com/infinix_note_60_pro-review-2962.php,https://fdn.gsmarena.com/imgroot/reviews/26/infinix-note-60-pro/-347x151/gsmarena_002.jpg,
Honor 600 review,https://www.gsmarena.com/honor_600-review-2964.php,https://fdn.gsmarena.com/imgroot/reviews/26/honor-600/-347x151/gsmarena_000.jpg,
Sony Xperia 1 VIII review,https://www.gsmarena.com/sony_xperia_1_viii-review-2963.php,https://fdn.gsmarena.com/imgroot/reviews/26/sony-xperia-1-viii/-347x151/gsmarena_001.jpg,
vivo X300 FE review,https://www.gsmarena.com/vivo_x300_fe-review-2959.php,https://fdn.gsmarena.com/imgroot/reviews/26/vivo-x300-fe/-347x151/gsmarena_002.jpg,
OnePlus Nord CE6 hands-on  review,https://www.gsmarena.com/oneplus_nord_ce6-review-2961.php,https://fdn.gsmarena.com/imgroot/reviews/26/oneplus-nord-ce6/-347x151/gsmarena_001.jpg,
Honor 600 Pro review,https://www.gsmarena.com/honor_600_pro-review-2960.php,https://fdn.gsmarena.com/imgroot/reviews/26/honor-600-pro/-347x151/gsmarena_001.jpg,
OnePlus Pad 4 hands-on review,https://www.gsmarena.com/oneplus_pad_4_hands_on-review-2958.php,https://fdn.gsmarena.com/imgroot/reviews/26/oneplus-pad-4/-347x151/gsmarena_002.jpg,
vivo X300 Ultra review,https://www.gsmarena.com/vivo_x300_ultra-review-2957.php,https://fdn.gsmarena.com/imgroot/reviews/26/vivo-x300-ultra/-347x151/gsmarena_001.jpg,
Moto G Stylus (2026) review,https://www.gsmarena.com/motorola_moto_g_stylus_2026-review-2956.php,https://fdn.gsmarena.com/imgroot/reviews/26/motorola-moto-g-stylus-2026/-347x151/gsmarena_001.jpg,
Infinix Note 60 Ultra review,https://www.gsmarena.com/infinix_note_60_ultra-review-2953.php,https://fdn.gsmarena.com/imgroot/reviews/26/infinix-note-60-ultra/-347x151/gsmarena_001.jpg,
Oppo Find X9 Ultra review,https://www.gsmarena.com/oppo_find_x9_ultra-review-2955.php,https://fdn.gsmarena.com/imgroot/reviews/26/oppo-find-x9-ultra/-347x151/gsmarena_000.jpg,
vivo V70 FE review,https://www.gsmarena.com/vivo_v70_fe-review-2954.php,https://fdn.gsmarena.com/imgroot/reviews/26/vivo-v70-fe/-347x151/gsmarena_001.jpg,
Samsung Galaxy A37 review,https://www.gsmarena.com/samsung_galaxy_a37-review-2952.php,https://fdn.gsmarena.com/imgroot/reviews/26/samsung-galaxy-a37/-347x151/gsmarena_001.jpg,
Samsung Galaxy A57 review,https://www.gsmarena.com/samsung_galaxy_a57-review-2950.php,https://fdn.gsmarena.com/imgroot/reviews/26/samsung-galaxy-a57/-347x151/gsmarena_001.jpg,
OnePlus Nord 6 hands-on review,https://www.gsmarena.com/oneplus_nord_6-review-2951.php,https://fdn.gsmarena.com/imgroot/reviews/26/oneplus-nord-6/-347x151/gsmarena_001.jpg,
Nothing Phone (4a) Pro review,https://www.gsmarena.com/nothing_phone_4a_pro-review-2949.php,https://fdn.gsmarena.com/imgroot/reviews/26/nothing-phone-4a-pro/-347x151/gsmarena_001.jpg,
Nothing Phone (4a) review,https://www.gsmarena.com/nothing_phone_4a-review-2948.php,https://fdn.gsmarena.com/imgroot/reviews/26/nothing-phone-4a/-347x151/gsmarena_001.jpg,
Oppo Find N6 review,https://www.gsmarena.com/oppo_find_n6-review-2947.php,https://fdn.gsmarena.com/imgroot/reviews/26/oppo-find-n6/-347x151/gsmarena_001.jpg,
Xiaomi Pad 8 Pro review,https://www.gsmarena.com/xiaomi_pad_8_pro-review-2937.php,https://fdn.gsmarena.com/imgroot/reviews/26/xiaomi-pad-8-pro/-347x151/gsmarena_001.jpg,
Poco X8 Pro review,https://www.gsmarena.com/poco_x8_pro-review-2946.php,https://fdn.gsmarena.com/imgroot/reviews/26/poco-x8-pro/-347x151/gsmarena_001.jpg,
Apple iPhone 17e review,https://www.gsmarena.com/apple_iphone_17e-review-2945.php,https://fdn.gsmarena.com/imgroot/reviews/26/apple-iphone-17e/-347x151/gsmarena_000.jpg,
Poco X8 Pro Max review,https://www.gsmarena.com/poco_x8_pro_max-review-2944.php,https://fdn.gsmarena.com/imgroot/reviews/26/poco-x8-pro-max/-347x151/gsmarena_001.jpg,
Google Pixel 10a review,https://www.gsmarena.com/google_pixel_10a-review-2943.php,https://fdn.gsmarena.com/imgroot/reviews/26/google-pixel-10a/-347x151/gsmarena_002.jpg,
Samsung Galaxy S26 review,https://www.gsmarena.com/samsung_galaxy_s26-review-2942.php,https://fdn.gsmarena.com/imgroot/reviews/26/samsung-galaxy-s26/-347x151/gsmarena_000.jpg,
Samsung Galaxy S26+ review,https://www.gsmarena.com/samsung_galaxy_s26_plus-review-2941.php,https://fdn.gsmarena.com/imgroot/reviews/26/samsung-galaxy-s26-plus/-347x151/gsmarena_001.jpg,
vivo V70 review,https://www.gsmarena.com/vivo_v70-review-2936.php,https://fdn.gsmarena.com/imgroot/reviews/26/vivo-v70/-347x151/gsmarena_002.jpg,
Samsung Galaxy S26 Ultra review,https://www.gsmarena.com/samsung_galaxy_s26_ultra-review-2939.php,https://fdn.gsmarena.com/imgroot/reviews/26/samsung-galaxy-s26-ultra/-347x151/gsmarena_001.jpg,
Google Pixel 10a hands-on review,https://www.gsmarena.com/pixel_10a_hands_on-review-2940.php,https://fdn.gsmarena.com/imgroot/reviews/26/pixel-10a/hands-on/-347x151/gsmarena_001.jpg,
Tecno Camon 50 Ultra review,https://www.gsmarena.com/tecno_camon_50_ultra-review-2938.php,https://fdn.gsmarena.com/imgroot/reviews/26/tecno-camon-50-ultra/-347x151/gsmarena_002.jpg,
Xiaomi 17 review,https://www.gsmarena.com/xiaomi_17-review-2934.php,https://fdn.gsmarena.com/imgroot/reviews/26/xiaomi-17/-347x151/gsmarena_000.jpg,
Xiaomi 17 Ultra (Global) review,https://www.gsmarena.com/xiaomi_17_ultra_global-review-2933.php,https://fdn.gsmarena.com/imgroot/reviews/26/xiaomi-17-ultra-global/-347x151/gsmarena_000.jpg,
"Samsung Galaxy S26 Ultra, S26 Plus and S26 hands-on review",https://www.gsmarena.com/samsung_galaxy_s26_ultra_s26_plus_s26_handson-review-2935.php,https://fdn.gsmarena.com/imgroot/reviews/26/samsung-galaxy-s26-hands-on/-347x151/gsmarena_002.jpg,
Poco M8 5G review,https://www.gsmarena.com/poco_m8_5g-review-2928.php,https://fdn.gsmarena.com/imgroot/reviews/26/poco-m8/-347x151/gsmarena_001.jpg,
Poco Pad M1 review,https://www.gsmarena.com/poco_pad_m1-review-2916.php,https://fdn.gsmarena.com/imgroot/reviews/25/poco-pad-m1/-347x151/gsmarena_001.jpg,
Motorola Signature review,https://www.gsmarena.com/motorola_signature-review-2932.php,https://fdn.gsmarena.com/imgroot/reviews/26/motorola-signature/-347x151/gsmarena_000.jpg,
Realme P4 Power review,https://www.gsmarena.com/realme_p4_power-review-2930.php,https://fdn.gsmarena.com/imgroot/reviews/26/realme-p4-power/-347x151/gsmarena_000.jpg,
Moto G & G Play (2026) review,https://www.gsmarena.com/motorola_moto_g_2026_g_play_2026-review-2925.php,https://fdn.gsmarena.com/imgroot/reviews/26/motorola-moto-g-2026/-347x151/gsmarena_001.jpg,
Infinix Note Edge review,https://www.gsmarena.com/infinix_note_edge-review-2929.php,https://fdn.gsmarena.com/imgroot/reviews/26/infinix-note-edge/-347x151/gsmarena_001.jpg,
OnePlus Pad Go 2 review,https://www.gsmarena.com/oneplus_pad_go_2-review-2931.php,https://fdn.gsmarena.com/imgroot/reviews/26/oneplus-pad-go-2/-347x151/gsmarena_001.jpg,
Xiaomi Redmi Note 15 5G review,https://www.gsmarena.com/redmi_note_15_5g-review-2927.php,https://fdn.gsmarena.com/imgroot/reviews/26/redmi-note-15/-347x151/gsmarena_002.jpg,
Oppo Reno15 review,https://www.gsmarena.com/oppo_reno15-review-2924.php,https://fdn.gsmarena.com/imgroot/reviews/26/oppo-reno15/-347x151/gsmarena_002.jpg,
RedMagic 11 Air review,https://www.gsmarena.com/nubia_redmagic_11_air-review-2926.php,https://fdn.gsmarena.com/imgroot/reviews/26/nubia-redmagic-11-air/-347x151/gsmarena_000.jpg,
OnePlus 15R review,https://www.gsmarena.com/oneplus_15r-review-2923.php,https://fdn.gsmarena.com/imgroot/reviews/26/oneplus-15r/-347x151/gsmarena_002.jpg,
Xiaomi 17 Ultra Leica Edition review,https://www.gsmarena.com/xiaomi_17_ultra_leica_edition-review-2922.php,https://fdn.gsmarena.com/imgroot/reviews/26/xiaomi-17-ultra/-347x151/gsmarena_000.jpg,
Moto G Power (2026) review,https://www.gsmarena.com/motorola_moto_g_power_2026-review-2921.php,https://fdn.gsmarena.com/imgroot/reviews/26/motorola-moto-g-power-2026/-347x151/gsmarena_001.jpg,
Oppo Reno15 Pro (mini) review,https://www.gsmarena.com/oppo_reno15_pro_mini-review-2920.php,https://fdn.gsmarena.com/imgroot/reviews/26/oppo-reno15-pro-mini/-347x151/gsmarena_002.jpg,
Realme 16 Pro+ review,https://www.gsmarena.com/realme_16_pro_plus-review-2919.php,https://fdn.gsmarena.com/imgroot/reviews/26/realme-16-pro-plus/-347x151/gsmarena_000.jpg,
Honor Magic8 Pro review,https://www.gsmarena.com/honor_magic8_pro-review-2909.php,https://fdn.gsmarena.com/imgroot/reviews/26/honor-magic8-pro/-347x151/gsmarena_004.jpg,
Poco M8 Pro review,https://www.gsmarena.com/poco_m8_pro-review-2918.php,https://fdn.gsmarena.com/imgroot/reviews/26/poco-m8-pro/-347x151/gsmarena_001.jpg,
The Pro cameraphone comparison: Honor vs Oppo vs Vivo,https://www.gsmarena.com/honor_magic8_pro_oppo_find_x9_pro_vivo_x300_pro-review-2912.php,https://fdn.gsmarena.com/imgroot/reviews/25/honor-oppo-vivo/-347x151/gsmarena_002.jpg,
Best-sounding phones and tablets we tested in 2025,https://www.gsmarena.com/best_sounding_smartphones_and_tablets_tested_2025-review-2917.php,https://fdn.gsmarena.com/imgroot/reviews/25/best-smartphone-speakers-2025/-347x151/gsmarena_201.jpg,
Huawei Mate X7 review,https://www.gsmarena.com/huawei_mate_x7-review-2914.php,https://fdn.gsmarena.com/imgroot/reviews/25/huawei-mate-x7/-347x151/gsmarena_001.jpg,
Xiaomi Redmi Note 15 Pro 5G review,https://www.gsmarena.com/xiaomi_redmi_note_15_pro_5g-review-2915.php,https://fdn.gsmarena.com/imgroot/reviews/25/redmi-note-15-pro/-347x151/gsmarena_001.jpg,
Xiaomi Redmi Note 15 Pro+ review,https://www.gsmarena.com/redmi_note_pro_plus-review-2913.php,https://fdn.gsmarena.com/imgroot/reviews/25//redmi-note-15-pro-plus/-347x151/gsmarena_000.jpg,
OnePlus 15R hands-on review,https://www.gsmarena.com/oneplus_15r_handson-review-2911.php,https://fdn.gsmarena.com/imgroot/reviews/25/oneplus-15r-handson/-347x151/gsmarena_002.jpg,
Huawei Mate X7 hands-on review,https://www.gsmarena.com/huawei_mate_x7_handson-review-2910.php,https://fdn.gsmarena.com/imgroot/reviews/25/huawei-mate-x7-handson/-347x151/gsmarena_000.jpg,
Honor Magic8 Lite review,https://www.gsmarena.com/honor_magic8_lite-review-2908.php,https://fdn.gsmarena.com/imgroot/reviews/25/honor-magic8-lite/-347x151/gsmarena_001.jpg,
Nothing Phone (3a) Lite review,https://www.gsmarena.com/nothing_phone_3a_lite-review-2904.php,https://fdn.gsmarena.com/imgroot/reviews/25/nothing-phone-3a-lite/-347x151/gsmarena_002.jpg,
Poco F8 Pro review,https://www.gsmarena.com/poco_f8_pro-review-2907.php,https://fdn.gsmarena.com/imgroot/reviews/25/poco-f8-pro/-347x151/gsmarena_000.jpg,
Poco F8 Ultra review,https://www.gsmarena.com/poco_f8_ultra-review-2906.php,https://fdn.gsmarena.com/imgroot/reviews/25/poco-f8-ultra/-347x151/gsmarena_001.jpg,
iQOO 15 review,https://www.gsmarena.com/iqoo_15-review-2905.php,https://fdn.gsmarena.com/imgroot/reviews/25/iqoo-15/-347x151/gsmarena_001.jpg,
Motorola Edge 70 review,https://www.gsmarena.com/motorola_edge_70-review-2899.php,https://fdn.gsmarena.com/imgroot/reviews/25/motorola-edge-70/-347x151/gsmarena_002.jpg,
Realme GT 8 Pro review,https://www.gsmarena.com/realme_gt_8_pro-review-2903.php,https://fdn.gsmarena.com/imgroot/reviews/25/realme-gt-8-pro/-347x151/gsmarena_001.jpg,
RedMagic 11 Pro review,https://www.gsmarena.com/nubia_redmagic_11_pro-review-2902.php,https://fdn.gsmarena.com/imgroot/reviews/25/nubia-redmagic-11-pro/-347x151/gsmarena_0000.jpg,
Honor Magic8 Pro hands-on review,https://www.gsmarena.com/honor_magic8_pro_hands_on-review-2900.php,https://fdn.gsmarena.com/imgroot/reviews/25/honor-magic-8-pro-hands-on/-347x151/gsmarena_001.jpg,
OnePlus 15 review,https://www.gsmarena.com/oneplus_15-review-2898.php,https://fdn.gsmarena.com/imgroot/reviews/25/oneplus-15/-347x151/gsmarena_000.jpg,
nubia Z80 Ultra review,https://www.gsmarena.com/nubia_z80_ultra-review-2901.php,https://fdn.gsmarena.com/imgroot/reviews/25/nubia-z80-ultra/-347x151/gsmarena_002.jpg,
vivo X300 review,https://www.gsmarena.com/vivo_x300-review-2897.php,https://fdn.gsmarena.com/imgroot/reviews/25/vivo-x300/-347x151/gsmarena_002.jpg,
vivo X300 Pro review,https://www.gsmarena.com/vivo_x300_pro-review-2896.php,https://fdn.gsmarena.com/imgroot/reviews/25/vivo-x300-pro/-347x151/gsmarena_001.jpg,
Xiaomi 17 Pro Max review,https://www.gsmarena.com/xiaomi_17_pro_max-review-2895.php,https://fdn.gsmarena.com/imgroot/reviews/25/xiaomi-17-pro-max/-347x151/gsmarena_000.jpg,
Oppo Find X9 Pro review,https://www.gsmarena.com/oppo_find_x9_pro-review-2894.php,https://fdn.gsmarena.com/imgroot/reviews/25/oppo-find-x9-pro/-347x151/gsmarena_001.jpg,
Xiaomi Redmi Pad 2 Pro review,https://www.gsmarena.com/xiaomi_redmi_pad_2_pro-review-2891.php,https://fdn.gsmarena.com/imgroot/reviews/25/xiaomi-redmi-pad-2-pro/-347x151/gsmarena_001.jpg,
vivo X300 & X300 Pro hands-on review,https://www.gsmarena.com/vivo_x300_and_x300_pro_hands_on-review-2892.php,https://fdn.gsmarena.com/imgroot/reviews/25/vivo-x300-and-x300-pro/-347x151/gsmarena_032.jpg,
Xiaomi 17 Pro Max hands-on review,https://www.gsmarena.com/xiaomi_17_pro_hands_on-review-2893.php,https://fdn.gsmarena.com/imgroot/reviews/25/xiaomi-17-pro-max-handson/-347x151/gsmarena_000.jpg,
Samsung Galaxy Tab S11 Ultra review,https://www.gsmarena.com/samsung_galaxy_tab_s11_ultra-review-2890.php,https://fdn.gsmarena.com/imgroot/reviews/25/samsung-galaxy-tab-s11-ultra/-347x151/gsmarena_003.jpg,
Xiaomi 15T review,https://www.gsmarena.com/xiaomi_15t-review-2889.php,https://fdn.gsmarena.com/imgroot/reviews/25/xiaomi-15t/-347x151/gsmarena_001.jpg,
Xiaomi 15T Pro review,https://www.gsmarena.com/xiaomi_15t_pro-review-2888.php,https://fdn.gsmarena.com/imgroot/reviews/25/xiaomi-15t-pro/-347x151/gsmarena_002.jpg,
Apple iPhone 17 Pro review,https://www.gsmarena.com/apple_iphone_17_pro-review-2887.php,https://fdn.gsmarena.com/imgroot/reviews/25/apple-iphone-17-pro/-347x151/gsmarena_002.jpg,
Honor Magic V Flip 2 review,https://www.gsmarena.com/honor_magic_v_flip_2-review-2882.php,https://fdn.gsmarena.com/imgroot/reviews/25/honor-magic-v-flip-2/-347x151/gsmarena_001.jpg,
Apple iPhone 17 review,https://www.gsmarena.com/apple_iphone_17-review-2886.php,https://fdn.gsmarena.com/imgroot/reviews/25/apple-iphone-17/-347x151/gsmarena_001.jpg,
Apple iPhone Air review,https://www.gsmarena.com/apple_iphone_air-review-2885.php,https://fdn.gsmarena.com/imgroot/reviews/25/apple-iphone-air/-347x151/gsmarena_000.jpg,
Apple iPhone 17 Pro Max review,https://www.gsmarena.com/apple_iphone_17_pro_max-review-2884.php,https://fdn.gsmarena.com/imgroot/reviews/25/apple-iphone-17-pro-max/-347x151/gsmarena_002.jpg,
Realme P3 Ultra review,https://www.gsmarena.com/realme_p3_ultra-review-2873.php,https://fdn.gsmarena.com/imgroot/reviews/25/realme-p3-ultra/-347x151/gsmarena_002.jpg,
Samsung Galaxy A07 4G review,https://www.gsmarena.com/samsung_galaxy_a07_4g-review-2883.php,https://fdn.gsmarena.com/imgroot/reviews/25/samsung-galaxy-a07-4g/-347x151/gsmarena_001.jpg,
Google Pixel 10 Pro XL review,https://www.gsmarena.com/google_pixel_10_pro_xl-review-2881.php,https://fdn.gsmarena.com/imgroot/reviews/25/google-pixel-10-pro-xl/review/-347x151/gsmarena_001.jpg,
Sony Xperia 10 VII review,https://www.gsmarena.com/sony_xperia_10_vii-review-2879.php,https://fdn.gsmarena.com/imgroot/reviews/25/sony-xperia-10-vii/-347x151/gsmarena_001.jpg,
Samsung Galaxy S25 FE review,https://www.gsmarena.com/samsung_galaxy_s25_fe-review-2880.php,https://fdn.gsmarena.com/imgroot/reviews/25/samsung-galaxy-s25-fe/-347x151/gsmarena_000.jpg,
Google Pixel 10 Pro review,https://www.gsmarena.com/google_pixel_10_pro-review-2877.php,https://fdn.gsmarena.com/imgroot/reviews/25/google-pixel-10-pro/-347x151/gsmarena_001.jpg,
Google Pixel 10 review,https://www.gsmarena.com/google_pixel_10-review-2878.php,https://fdn.gsmarena.com/imgroot/reviews/25/google-pixel-10/-347x151/gsmarena_000.jpg,
Xiaomi Redmi 15 5G hands-on review,https://www.gsmarena.com/xiaomi_redmi_15_5g_hands_on-review-2876.php,https://fdn.gsmarena.com/imgroot/reviews/25/xiaomi-redmi-15-5g/-347x151/gsmarena_001.jpg,
Huawei MatePad Pro 12.2 (2025) review,https://www.gsmarena.com/huawei_matepad_pro_12_2_2025-review-2865.php,https://fdn.gsmarena.com/imgroot/reviews/25/huawei-matepad-pro-12-2-2025/-347x151/gsmarena_003.jpg,
The Ultra cameraphone comparison,https://www.gsmarena.com/huawei_oppo_samsung_vivo_xiaomi_ultra_camera_compa-review-2867.php,https://fdn.gsmarena.com/imgroot/reviews/25/ultra-vs/-347x151/gsmarena_001.jpg,
Honor Magic V5 review,https://www.gsmarena.com/honor_magic_v5-review-2870.php,https://fdn.gsmarena.com/imgroot/reviews/25/honor-magic-v5/-347x151/gsmarena_001.jpg,
Google Pixel 10 Pro XL hands-on review,https://www.gsmarena.com/google_pixel_10_pro_xl_handson-review-2875.php,https://fdn.gsmarena.com/imgroot/reviews/25/google-pixel-10-pro-xl/-347x151/gsmarena_001.jpg,
vivo V60 review,https://www.gsmarena.com/vivo_v60-review-2874.php,https://fdn.gsmarena.com/imgroot/reviews/25/vivo-v60/-347x151/gsmarena_001.jpg,
RedMagic Astra review,https://www.gsmarena.com/redmagic_astra-review-2864.php,https://fdn.gsmarena.com/imgroot/reviews/25/redmagic-astra/-347x151/gsmarena_001.jpg,
Realme 15 Pro review,https://www.gsmarena.com/realme_15_pro-review-2871.php,https://fdn.gsmarena.com/imgroot/reviews/25/realme-15-pro/-347x151/gsmarena_002.jpg,
Realme P4 Pro hands-on review,https://www.gsmarena.com/realme_p4_pro_handson-review-2872.php,https://fdn.gsmarena.com/imgroot/reviews/25/realme-p4-pro/hands-on/-347x151/gsmarena_001.jpg,
Samsung Galaxy A17 5G review,https://www.gsmarena.com/samsung_galaxy_a17_5g-review-2869.php,https://fdn.gsmarena.com/imgroot/reviews/25/samsung-galaxy-a17/-347x151/gsmarena_000.jpg,
Poco M7 Pro 5G review,https://www.gsmarena.com/poco_m7_pro_5g-review-2866.php,https://fdn.gsmarena.com/imgroot/reviews/25/poco-m7-pro-5g/-347x151/gsmarena_003.jpg,
Infinix Hot 60 Pro+ review,https://www.gsmarena.com/infinix_hot_60_pro_plus-review-2868.php,https://fdn.gsmarena.com/imgroot/reviews/25/infinix-hot-60-pro-plus/-347x151/gsmarena_001.jpg,
Huawei Pura 80 Ultra review,https://www.gsmarena.com/huawei_pura_80_ultra-review-2863.php,https://fdn.gsmarena.com/imgroot/reviews/25/huawei-pura-80-ultra/-347x151/gsmarena_001.jpg,
Tecno Spark 40 Pro+ review,https://www.gsmarena.com/tecno_spark_40_pro_plus-review-2862.php,https://fdn.gsmarena.com/imgroot/reviews/25/tecno-spark-40-pro-plus/-347x151/gsmarena_001.jpg,
OnePlus Pad 3 review,https://www.gsmarena.com/oneplus_pad_3-review-2854.php,https://fdn.gsmarena.com/imgroot/reviews/25/oneplus-pad-3/-347x151/gsmarena_001.jpg,
Samsung Galaxy Z Flip7 FE review,https://www.gsmarena.com/samsung_galaxy_z_flip7_fe-review-2861.php,https://fdn.gsmarena.com/imgroot/reviews/25/samsung-galaxy-z-flip7-fe/-347x151/gsmarena_001.jpg,
vivo X Fold5 review,https://www.gsmarena.com/vivo_x_fold5-review-2859.php,https://fdn.gsmarena.com/imgroot/reviews/25/vivo-x-fold5/-347x151/gsmarena_001.jpg,
Samsung Galaxy Watch8 and Galaxy Watch8 Classic review,https://www.gsmarena.com/samsung_galaxy_watch8_and_galaxy_watch8_classic-review-2860.php,https://fdn.gsmarena.com/imgroot/reviews/25/samsung-galaxy-watch8-series/-347x151/gsmarena_001.jpg,
Realme 15 Pro hands-on review,https://www.gsmarena.com/realme_15_pro_handson-review-2858.php,https://fdn.gsmarena.com/imgroot/reviews/25/realme-15-pro/hands-on/-347x151/gsmarena_001.jpg,
Samsung Galaxy Z Flip7 review,https://www.gsmarena.com/samsung_galaxy_z_flip7-review-2857.php,https://fdn.gsmarena.com/imgroot/reviews/25/samsung-galaxy-z-flip7/-347x151/gsmarena_001.jpg,
Apple iPad 11-inch A16 (2025) review,https://www.gsmarena.com/ipad_11_inch_a16_2025-review-2848.php,https://fdn.gsmarena.com/imgroot/reviews/25/ipad-11-inch-a16-2025/-347x151/gsmarena_001.jpg,
Samsung Galaxy Z Fold7 review,https://www.gsmarena.com/samsung_galaxy_z_fold7-review-2856.php,https://fdn.gsmarena.com/imgroot/reviews/25/samsung-galaxy-z-fold7/-347x151/gsmarena_000.jpg,
OnePlus Nord CE5 review,https://www.gsmarena.com/oneplus_nord_ce5-review-2855.php,https://fdn.gsmarena.com/imgroot/reviews/25/oneplus-nord-ce5/-347x151/gsmarena_001.jpg,
Nothing Phone (3) review,https://www.gsmarena.com/nothing_phone_3-review-2853.php,https://fdn.gsmarena.com/imgroot/reviews/25/nothing-phone-3/-347x151/gsmarena_001.jpg,
vivo X200 FE review,https://www.gsmarena.com/vivo_x200_fe-review-2850.php,https://fdn.gsmarena.com/imgroot/reviews/25/vivo-x200-fe/-347x151/gsmarena_001.jpg,
Huawei Pura 80 Ultra hands-on review,https://www.gsmarena.com/huawei_pura_80_ultra-review-2852.php,https://fdn.gsmarena.com/imgroot/reviews/25/huawei-pura-80-ultra-handson/-347x151/gsmarena_000.jpg,
Samsung Galaxy Z Fold7 and Z Flip7 hands-on review,https://www.gsmarena.com/samsung_galaxy_z_fold7_and_z_flip7_hands_on-review-2851.php,https://fdn.gsmarena.com/imgroot/reviews/25/samsung-galaxy-unpacked-july/-347x151/gsmarena_000.jpg,
OnePlus Nord 5 review,https://www.gsmarena.com/oneplus_nord_5-review-2849.php,https://fdn.gsmarena.com/imgroot/reviews/25/oneplus-nord-5/-347x151/gsmarena_000.jpg,
Tecno Camon 40 Premier review,https://www.gsmarena.com/tecno_camon_40_premier-review-2847.php,https://fdn.gsmarena.com/imgroot/reviews/25/tecno-camon-40-premier/-347x151/gsmarena_000.jpg,
Infinix Xpad GT review,https://www.gsmarena.com/infinix_xpad_gt-review-2840.php,https://fdn.gsmarena.com/imgroot/reviews/25/infinix-xpad-gt/-347x151/gsmarena_001.jpg,
Tecno Camon 40 Pro review,https://www.gsmarena.com/tecno_camon_40_pro-review-2830.php,https://fdn.gsmarena.com/imgroot/reviews/25/tecno-camon-40-pro/-347x151/gsmarena_003.jpg,
Poco F7 review,https://www.gsmarena.com/poco_f7-review-2846.php,https://fdn.gsmarena.com/imgroot/reviews/25/poco-f7/-347x151/gsmarena_001.jpg,
Honor 400 review,https://www.gsmarena.com/honor_400-review-2843.php,https://fdn.gsmarena.com/imgroot/reviews/25/honor-400/-347x151/gsmarena_001.jpg,
Motorola Razr+ 2025 review,https://www.gsmarena.com/motorola_razr_plus_2025-review-2844.php,https://fdn.gsmarena.com/imgroot/reviews/25/motorola-razr-plus-2025/-347x151/gsmarena_003.jpg,
Tecno Pova Curve hands-on review,https://www.gsmarena.com/tecno_pova_curve_hands_on-review-2845.php,https://fdn.gsmarena.com/imgroot/reviews/25/tecno-pova-curve-hands-on/-347x151/gsmarena_001.jpg,
Xiaomi Redmi Pad 2 review,https://www.gsmarena.com/redmi_pad_2-review-2839.php,https://fdn.gsmarena.com/imgroot/reviews/25/redmi-pad-2/-347x151/gsmarena_002.jpg,
Infinix GT 30 Pro review,https://www.gsmarena.com/infinix_gt_30_pro-review-2841.php,https://fdn.gsmarena.com/imgroot/reviews/25/infinix-gt-30-pro/-347x151/gsmarena_001.jpg,
Motorola Razr 2025/Razr 60 review,https://www.gsmarena.com/motorola_razr_2025_razr_60-review-2842.php,https://fdn.gsmarena.com/imgroot/reviews/25/motorola-razr-2025/-347x151/gsmarena_001.jpg,
Xiaomi Pad 7 Pro review,https://www.gsmarena.com/xiaomi_pad_7_pro-review-2832.php,https://fdn.gsmarena.com/imgroot/reviews/25/xiaomi-pad-7-pro/-347x151/gsmarena_002.jpg,
Honor 400 Pro review,https://www.gsmarena.com/honor_400_pro-review-2837.php,https://fdn.gsmarena.com/imgroot/reviews/25/honor-400-pro/-347x151/gsmarena_002.jpg,
OnePlus 13s hands-on review,https://www.gsmarena.com/oneplus_13s_handson-review-2838.php,https://fdn.gsmarena.com/imgroot/reviews/25/oneplus-13s/-347x151/gsmarena_001.jpg,
nubia Z70S Ultra review,https://www.gsmarena.com/nubia_z70s_ultra-review-2836.php,https://fdn.gsmarena.com/imgroot/reviews/25/nubia-z70s-ultra/-347x151/gsmarena_003.jpg,
vivo X200 Ultra review,https://www.gsmarena.com/vivo_x200_ultra-review-2835.php,https://fdn.gsmarena.com/imgroot/reviews/25/vivo-x200-ultra/-347x151/gsmarena_003.jpg,
Realme GT 7 review,https://www.gsmarena.com/realme_gt_7-review-2833.php,https://fdn.gsmarena.com/imgroot/reviews/25/realme-gt-7/-347x151/gsmarena_001.jpg,
Samsung Galaxy S25 Edge review,https://www.gsmarena.com/samsung_galaxy_s25_edge-review-2834.php,https://fdn.gsmarena.com/imgroot/reviews/25/samsung-galaxy-s25-edge/-347x151/gsmarena_000.jpg,
Motorola Edge 60 review,https://www.gsmarena.com/motorola_edge_60-review-2831.php,https://fdn.gsmarena.com/imgroot/reviews/25/motorola-edge-60/-347x151/gsmarena_003.jpg,
Motorola Edge 60 Pro review,https://www.gsmarena.com/motorola_edge_60_pro-review-2829.php,https://fdn.gsmarena.com/imgroot/reviews/25/motorola-edge-60-pro/-347x151/gsmarena_001.jpg,
Sony Xperia 1 VII review,https://www.gsmarena.com/sony_xperia_1_vii-review-2828.php,https://fdn.gsmarena.com/imgroot/reviews/25/sony-xperia-1-vii/rev13/-347x151/gsmarena_001.jpg,
Nothing CMF Phone 2 Pro review,https://www.gsmarena.com/nothing_cmf_phone_2_pro-review-2827.php,https://fdn.gsmarena.com/imgroot/reviews/25/nothing-cmf-phone-2-pro/-347x151/gsmarena_001.jpg,
Moto G Stylus 5G (2025) review,https://www.gsmarena.com/motoro_moto_g_stylus_5g_2025-review-2826.php,https://fdn.gsmarena.com/imgroot/reviews/25/motorola-moto-g-stylus-2025/-347x151/gsmarena_001.jpg,
Google Pixel 9a review,https://www.gsmarena.com/google_pixel_9a-review-2825.php,https://fdn.gsmarena.com/imgroot/reviews/25/google-pixel-9a/-347x151/gsmarena_001.jpg,
Motorola Razr 60 Ultra review,https://www.gsmarena.com/motorola_razr_60_ultra-review-2824.php,https://fdn.gsmarena.com/imgroot/reviews/25/motorola-razr-60-ultra/-347x151/gsmarena_002.jpg,
RedMagic 10 Air review,https://www.gsmarena.com/redmagic_10_air-review-2823.php,https://fdn.gsmarena.com/imgroot/reviews/25/redmagic-10-air/-347x151/gsmarena_011.jpg,
Oppo Find X8 Ultra review,https://www.gsmarena.com/oppo_find_x8_ultra-review-2822.php,https://fdn.gsmarena.com/imgroot/reviews/25/oppo-find-x8-ultra/-347x151/gsmarena_001.jpg,
Infinix Note 50 Pro 4G review,https://www.gsmarena.com/infinix_note_50_pro_4g-review-2818.php,https://fdn.gsmarena.com/imgroot/reviews/25/infinix-note-50-pro-4g/-347x151/gsmarena_003.jpg,
Google Pixel 9a hands-on review,https://www.gsmarena.com/google_pixel_9a_handson-review-2821.php,https://fdn.gsmarena.com/imgroot/reviews/25/pixel-9a-handson/-347x151/gsmarena_001.jpg,
AI Object Removal - which phone is best?,https://www.gsmarena.com/ai_object_removal_which_phone_is_best-review-2819.php,https://fdn.gsmarena.com/imgroot/reviews/25/ai-erasers-compared/-347x151/gsmarena_000.jpg,
Motorola Edge 60 Fusion review,https://www.gsmarena.com/motorola_edge_60_fusion-review-2820.php,https://fdn.gsmarena.com/imgroot/reviews/25/motorola-edge-60-fusion/-347x151/gsmarena_000.jpg,
vivo V50 review,https://www.gsmarena.com/vivo_v50-review-2815.php,https://fdn.gsmarena.com/imgroot/reviews/25/vivo-v50/-347x151/gsmarena_001.jpg,
Infinix Note 50 Pro+ review,https://www.gsmarena.com/infinix_note_50_pro_plus-review-2817.php,https://fdn.gsmarena.com/imgroot/reviews/25/infinix-note-50-pro-plus/-347x151/gsmarena_001.jpg,
Samsung Galaxy A26 review,https://www.gsmarena.com/samsung_galaxy_a26-review-2816.php,https://fdn.gsmarena.com/imgroot/reviews/25/samsung-galaxy-a26/-347x151/gsmarena_000.jpg,
Poco F7 Pro review,https://www.gsmarena.com/poco_f7_pro-review-2813.php,https://fdn.gsmarena.com/imgroot/reviews/25/poco-f7-pro/-347x151/gsmarena_001.jpg,
Poco F7 Ultra review,https://www.gsmarena.com/poco_f7_ultra-review-2810.php,https://fdn.gsmarena.com/imgroot/reviews/25/poco-f7-ultra/re/-347x151/gsmarena_002.jpg,
Samsung Galaxy A36 review,https://www.gsmarena.com/samsung_galaxy_a36-review-2814.php,https://fdn.gsmarena.com/imgroot/reviews/25/samsung-galaxy-a36/-347x151/gsmarena_003.jpg,
Nothing Phone (3a) review,https://www.gsmarena.com/nothing_phone_3a-review-2811.php,https://fdn.gsmarena.com/imgroot/reviews/25/nothing-phone-3a/-347x151/gsmarena_001.jpg,
Samsung Galaxy A56 review,https://www.gsmarena.com/samsung_galaxy_a56-review-2812.php,https://fdn.gsmarena.com/imgroot/reviews/25/samsung-galaxy-a56/-347x151/gsmarena_000.jpg,
Nothing Phone (3a) Pro review,https://www.gsmarena.com/nothing_phone_3a_pro-review-2809.php,https://fdn.gsmarena.com/imgroot/reviews/25/nothing-phone-3a-pro/-347x151/gsmarena_001.jpg,
Huawei Mate XT Ultimate review,https://www.gsmarena.com/huawei_mate_xt_ultimate-review-2808.php,https://fdn.gsmarena.com/imgroot/reviews/25/huawei-mate-xt-ultimate/-347x151/gsmarena_003.jpg,
Oppo Reno13 review,https://www.gsmarena.com/oppo_reno13-review-2807.php,https://fdn.gsmarena.com/imgroot/reviews/25/oppo-reno13/-347x151/gsmarena_000.jpg,
Apple iPhone 16e review,https://www.gsmarena.com/apple_iphone_16e-review-2805.php,https://fdn.gsmarena.com/imgroot/reviews/25/apple-iphone-16e/-347x151/gsmarena_002.jpg,
Nothing Phone (3a) and Phone (3a) Pro hands-on review,https://www.gsmarena.com/nothing_phone_3a_3a_pro_hands_on-review-2806.php,https://fdn.gsmarena.com/imgroot/reviews/25/nothing-phone-3a-3a-pro-hands-on/-347x151/gsmarena_001.jpg,
Samsung Galaxy A36 and A56 hands-on review,https://www.gsmarena.com/samsung_galaxy_a36_and_a56_hands_on-review-2804.php,https://fdn.gsmarena.com/imgroot/reviews/25/samsung-glaxy-a36-a56-hands-on/-347x151/gsmarena_001.jpg,
Xiaomi 15 Ultra review,https://www.gsmarena.com/xiaomi_15_ultra-review-2802.php,https://fdn.gsmarena.com/imgroot/reviews/25/xiaomi-15-ultra/rev/-347x151/gsmarena_001.jpg,
Xiaomi 15 review,https://www.gsmarena.com/xiaomi_15-review-2803.php,https://fdn.gsmarena.com/imgroot/reviews/25/xiaomi-15/-347x151/gsmarena_001.jpg,
Moto G Power (2025) review,https://www.gsmarena.com/motorola_moto_g_power_2025-review-2801.php,https://fdn.gsmarena.com/imgroot/reviews/25/motorola-moto-g-power-2025/-347x151/gsmarena_000.jpg,
Oppo Find N5 review,https://www.gsmarena.com/oppo_find_n5-review-2800.php,https://fdn.gsmarena.com/imgroot/reviews/25/oppo-find-n5/-347x151/gsmarena_027.jpg,
Xiaomi Redmi Note 14 5G review,https://www.gsmarena.com/xiaomi_redmi_note_14_5g-review-2797.php,https://fdn.gsmarena.com/imgroot/reviews/25/xiaomi-redmi-note-14-5g/-347x151/gsmarena_003.jpg,
Honor Magic7 RSR Porsche Design review,https://www.gsmarena.com/honor_magic7_rsr_porsche_design-review-2799.php,https://fdn.gsmarena.com/imgroot/reviews/25/honor-magic7-rsr/-347x151/gsmarena_001.jpg,
Xiaomi Redmi Note 14 4G review,https://www.gsmarena.com/xiaomi_redmi_note_14_4g-review-2798.php,https://fdn.gsmarena.com/imgroot/reviews/25/xiaomi-redmi-note-14-4g/-347x151/gsmarena_001.jpg,
Samsung Galaxy S25+ review,https://www.gsmarena.com/samsung_galaxy_s25_plus-review-2795.php,https://fdn.gsmarena.com/imgroot/reviews/25/samsung-galaxy-s25-plus/-347x151/gsmarena_001.jpg,
Asus Zenfone 12 Ultra review,https://www.gsmarena.com/asus_zenfone_12_ultra-review-2796.php,https://fdn.gsmarena.com/imgroot/reviews/25/asus-zenfone-12-ultra/-347x151/gsmarena_001.jpg,
Samsung Galaxy S25 review,https://www.gsmarena.com/samsung_galaxy_s25-review-2794.php,https://fdn.gsmarena.com/imgroot/reviews/25/samsung-galaxy-s25/-347x151/gsmarena_002.jpg,
Samsung Galaxy S25 Ultra review,https://www.gsmarena.com/samsung_galaxy_s25_ultra-review-2793.php,https://fdn.gsmarena.com/imgroot/reviews/25/samsung-galaxy-s25-ultra/-347x151/gsmarena_002.jpg,
Realme 14 Pro+ review,https://www.gsmarena.com/realme_14_pro_plus-review-2791.php,https://fdn.gsmarena.com/imgroot/reviews/25/realme-14-pro-plus/-347x151/gsmarena_001.jpg,
Xiaomi Pad 7 hands-on review,https://www.gsmarena.com/xiaomi_pad_7_handson-review-2792.php,https://fdn.gsmarena.com/imgroot/reviews/25/xiaomi-pad-7/-347x151/gsmarena_001.jpg,
vivo X200 review,https://www.gsmarena.com/vivo_x200-review-2790.php,https://fdn.gsmarena.com/imgroot/reviews/25/vivo-x200/-347x151/gsmarena_002.jpg,
"Samsung Galaxy S25 Ultra, S25+ and S25 hands-on review",https://www.gsmarena.com/samsung_galaxy_s25_ultra_s25_plus_s25_handson-review-2789.php,https://fdn.gsmarena.com/imgroot/reviews/25/samsung-galaxy-s25-series-handson/-347x151/gsmarena_0000.jpg,
Xiaomi Redmi Note 14 Pro 4G review,https://www.gsmarena.com/xiaomi_redmi_note_14_pro_4g-review-2787.php,https://fdn.gsmarena.com/imgroot/reviews/25/xiaomi-redmi-note-14-pro-4g/-347x151/gsmarena_001.jpg,
Xiaomi Redmi Note 14 Pro+ (Global) review,https://www.gsmarena.com/xiaomi_redmi_note_14_pro_plus-review-2788.php,https://fdn.gsmarena.com/imgroot/reviews/25/xiaomi-redmi-note-14-pro-plus/-347x151/gsmarena_002.jpg,
Honor Magic7 Pro review,https://www.gsmarena.com/honor_magic7_pro-review-2786.php,https://fdn.gsmarena.com/imgroot/reviews/25/honor-magic7-pro/-347x151/gsmarena_001.jpg,
Poco X7 Pro review,https://www.gsmarena.com/poco_x7_pro-review-2785.php,https://fdn.gsmarena.com/imgroot/reviews/25/poco-x7-pro/-347x151/gsmarena_001.jpg,
OnePlus 13R review,https://www.gsmarena.com/oneplus_13r-review-2778.php,https://fdn.gsmarena.com/imgroot/reviews/25/oneplus-13r/-347x151/gsmarena_000.jpg,
Xiaomi Redmi Note 14 Pro 5G (Global) review,https://www.gsmarena.com/xiaomi_redmi_note_14_pro_5g-review-2784.php,https://fdn.gsmarena.com/imgroot/reviews/25/xiaomi-redmi-note-14-pro-5g/-347x151/gsmarena_001.jpg,
Poco X7 (Global) review,https://www.gsmarena.com/poco_x7-review-2783.php,https://fdn.gsmarena.com/imgroot/reviews/25/poco-x7/-347x151/gsmarena_003.jpg,
vivo X200 Pro (Global) review,https://www.gsmarena.com/vivo_x200_pro-review-2759.php,https://fdn.gsmarena.com/imgroot/reviews/24/vivo-x200-pro/-347x151/gsmarena_102.jpg,
OnePlus 13 review,https://www.gsmarena.com/oneplus_13-review-2777.php,https://fdn.gsmarena.com/imgroot/reviews/25/oneplus-13/rev07/-347x151/gsmarena_001.jpg,
The best-sounding smartphones and tablets of 2024,https://www.gsmarena.com/best_sounding_smartphones_and_tablets_2024-review-2779.php,https://fdn.gsmarena.com/imgroot/reviews/24/best-smartphone-speakers-2024/-347x151/gsmarena_204.jpg,
Poco C75 5G hands-on review,https://www.gsmarena.com/poco_c75_5g_hands_on-review-2782.php,https://fdn.gsmarena.com/imgroot/reviews/24/poco-c75-5g/-347x151/gsmarena_001.jpg,
Huawei Mate X6 review,https://www.gsmarena.com/huawei_mate_x6-review-2781.php,https://fdn.gsmarena.com/imgroot/reviews/24/huawei-mate-x6/-347x151/gsmarena_001.jpg,
Infinix Hot 50 Pro+ 4G review,https://www.gsmarena.com/infinix_hot_50_pro_plus_4g-review-2780.php,https://fdn.gsmarena.com/imgroot/reviews/24/infinix-hot-50-pro-plus-4g/-347x151/gsmarena_001.jpg,
Infinix Zero Flip review,https://www.gsmarena.com/infinix_zero_flip-review-2772.php,https://fdn.gsmarena.com/imgroot/reviews/24/infinix-zero-flip/-347x151/gsmarena_001.jpg,
Ulefone Armor Mini 20T Pro review,https://www.gsmarena.com/ulefone_armor_mini_20t_pro-review-2774.php,https://fdn.gsmarena.com/imgroot/reviews/24/ulefone-armor-mini-20t-pro/-347x151/gsmarena_001.jpg,
Tecno Phantom V Fold2 review,https://www.gsmarena.com/tecno_phantom_v_fold2_handson-review-2775.php,https://fdn.gsmarena.com/imgroot/reviews/24/tecno-phantom-v-fold2/-347x151/gsmarena_000.jpg,
Xiaomi Redmi Note 14 Pro+ hands-on review,https://www.gsmarena.com/redmi_note_14_pro_plus_hands_on-review-2776.php,https://fdn.gsmarena.com/imgroot/reviews/24/xiaomi-redmi-note-14-pro-plus-hands-on/-347x151/gsmarena_002.jpg,
Tecno Phantom V Flip2 review,https://www.gsmarena.com/tecno_phantom_v_flip2-review-2773.php,https://fdn.gsmarena.com/imgroot/reviews/24/tecno-phantom-v-flip2/-347x151/gsmarena_001.jpg,
RedMagic 10 Pro review,https://www.gsmarena.com/nubia_red_magic_10_pro-review-2771.php,https://fdn.gsmarena.com/imgroot/reviews/24/nubia-red-magic-10-pro/-347x151/gsmarena_000.jpg,
Samsung Galaxy A16 4G review,https://www.gsmarena.com/samsung_galaxy_a16_4g-review-2770.php,https://fdn.gsmarena.com/imgroot/reviews/24/samsung-galaxy-a16-4g/-347x151/gsmarena_001.jpg,
iQOO 13 review,https://www.gsmarena.com/iqoo_13-review-2768.php,https://fdn.gsmarena.com/imgroot/reviews/24/iqoo-13/-347x151/gsmarena_000.jpg,
nubia Z70 Ultra review,https://www.gsmarena.com/nubia_z70_ultra-review-2769.php,https://fdn.gsmarena.com/imgroot/reviews/24/nubia-z70-ultra/-347x151/gsmarena_001.jpg,
Oppo Find X8 review,https://www.gsmarena.com/oppo_find_x8-review-2767.php,https://fdn.gsmarena.com/imgroot/reviews/24/oppo-find-x8/-347x151/gsmarena_001.jpg,
Oppo Find X8 Pro review,https://www.gsmarena.com/oppo_find_x8_pro-review-2766.php,https://fdn.gsmarena.com/imgroot/reviews/24/oppo-find-x8-pro/-347x151/gsmarena_001.jpg,
Asus ROG Phone 9/9 Pro review,https://www.gsmarena.com/asus_rog_phone_9_pro-review-2765.php,https://fdn.gsmarena.com/imgroot/reviews/24/asus-rog-phone-9-pro/-347x151/gsmarena_001.jpg,
Realme GT 7 Pro review,https://www.gsmarena.com/realme_gt_7_pro-review-2763.php,https://fdn.gsmarena.com/imgroot/reviews/24/realme-gt7-pro/-347x151/gsmarena_001.jpg,
Motorola Edge 50 review,https://www.gsmarena.com/motorola_edge_50-review-2764.php,https://fdn.gsmarena.com/imgroot/reviews/24/motorola-edge-50/-347x151/gsmarena_000.jpg,
Honor MagicPad 2 review,https://www.gsmarena.com/honor_magicpad_2-review-2762.php,https://fdn.gsmarena.com/imgroot/reviews/24/honor-magicpad-2/-347x151/gsmarena_001.jpg,
RedMagic Nova review,https://www.gsmarena.com/nubia_red_magic_nova-review-2761.php,https://fdn.gsmarena.com/imgroot/reviews/24/nubia-red-magic-nova/-347x151/gsmarena_001.jpg,
Infinix Zero 40 5G hands-on review,https://www.gsmarena.com/infinix_zero_40_5g-review-2760.php,https://fdn.gsmarena.com/imgroot/reviews/24/infinix-zero-40-5g/-347x151/gsmarena_001.jpg,
Samsung Galaxy A16 5G review,https://www.gsmarena.com/samsung_galaxy_a16_5g-review-2758.php,https://fdn.gsmarena.com/imgroot/reviews/24/samsung-galaxy-a16-5g/-347x151/gsmarena_001.jpg,
vivo V40 Pro review,https://www.gsmarena.com/vivo_v40_pro-review-2757.php,https://fdn.gsmarena.com/imgroot/reviews/24/vivo-v40-pro/-347x151/gsmarena_000.jpg,
Motorola Edge 50 Neo review,https://www.gsmarena.com/motorola_edge_50_neo-review-2754.php,https://fdn.gsmarena.com/imgroot/reviews/24/motorola-edge-50-neo/-347x151/gsmarena_000.jpg,
vivo X200 Pro hands-on review,https://www.gsmarena.com/vivo_x200_pro_handson-review-2756.php,https://fdn.gsmarena.com/imgroot/reviews/24/vivo-x200-pro-handson/-347x151/gsmarena_000.jpg,
Samsung Galaxy S24 FE review,https://www.gsmarena.com/samsung_galaxy_s24_fe-review-2755.php,https://fdn.gsmarena.com/imgroot/reviews/24/samsung-galaxy-s24-fe/-347x151/gsmarena_001.jpg,
vivo V40 review,https://www.gsmarena.com/vivo_v40-review-2753.php,https://fdn.gsmarena.com/imgroot/reviews/24/vivo-v40/-347x151/gsmarena_001.jpg,
Xiaomi Redmi 13 5G hands-on review,https://www.gsmarena.com/xiaomi_redmi_13_5g_handson-review-2747.php,https://fdn.gsmarena.com/imgroot/reviews/24/xiaomi-redmi-13-5g/-347x151/gsmarena_001.jpg,
Apple iPhone 16 Pro review,https://www.gsmarena.com/apple_iphone_16_pro-review-2752.php,https://fdn.gsmarena.com/imgroot/reviews/24/apple-iphone-16-pro/-347x151/gsmarena_002.jpg,
Apple iPhone 16 Plus review,https://www.gsmarena.com/apple_iphone_16_plus-review-2751.php,https://fdn.gsmarena.com/imgroot/reviews/24/iphone-16-plus/-347x151/gsmarena_0000.jpg,
Apple iPhone 16 Pro Max review,https://www.gsmarena.com/apple_iphone_16_pro_max-review-2750.php,https://fdn.gsmarena.com/imgroot/reviews/24/apple-iphone-16-pro-max/-347x151/gsmarena_002.jpg,
Xiaomi 14T review,https://www.gsmarena.com/xiaomi_14t-review-2748.php,https://fdn.gsmarena.com/imgroot/reviews/24/xiaomi-14t/-347x151/gsmarena_001.jpg,
Apple iPhone 16 review,https://www.gsmarena.com/apple_iphone_16-review-2749.php,https://fdn.gsmarena.com/imgroot/reviews/24/apple-iphone-16/-347x151/gsmarena_001.jpg,
Xiaomi 14T Pro review,https://www.gsmarena.com/xiaomi_14t_pro-review-2746.php,https://fdn.gsmarena.com/imgroot/reviews/24/xiaomi-14t-pro/rev26/-347x151/gsmarena_003.jpg,
Google Pixel 9 Pro review,https://www.gsmarena.com/google_pixel_9_pro-review-2745.php,https://fdn.gsmarena.com/imgroot/reviews/24/google-pixel-9-pro/-347x151/gsmarena_001.jpg,
Google Pixel 9 Pro Fold review,https://www.gsmarena.com/google_pixel_9_pro_fold-review-2744.php,https://fdn.gsmarena.com/imgroot/reviews/24/google-pixel-9-pro-fold/-347x151/gsmarena_000.jpg,
Samsung Galaxy A06 review,https://www.gsmarena.com/samsung_galaxy_a06-review-2743.php,https://fdn.gsmarena.com/imgroot/reviews/24/samsung-galaxy-a06/-347x151/gsmarena_001.jpg,
Honor Magic V3 review,https://www.gsmarena.com/honor_magic_v3-review-2742.php,https://fdn.gsmarena.com/imgroot/reviews/24/honor-magic-v3/-347x151/gsmarena_000.jpg,
Motorola Edge 50 and Edge 50 Neo hands-on review,https://www.gsmarena.com/motorola_edge_50_and_50_neo_handson-review-2741.php,https://fdn.gsmarena.com/imgroot/reviews/24/motorola-edge-50-and-50-neo-handson/-347x151/gsmarena_000.jpg,
Xiaomi 14 Civi review,https://www.gsmarena.com/xiaomi_14_civi-review-2740.php,https://fdn.gsmarena.com/imgroot/reviews/24/xiaomi-14-civi/review/-347x151/gsmarena_000.jpg,
Google Pixel 9 review,https://www.gsmarena.com/google_pixel_9-review-2739.php,https://fdn.gsmarena.com/imgroot/reviews/24/google-pixel-9/-347x151/gsmarena_001.jpg,
Google Pixel 9 Pro XL review,https://www.gsmarena.com/google_pixel_9_pro_xl-review-2738.php,https://fdn.gsmarena.com/imgroot/reviews/24/google-pixel-9-pro-xl/-347x151/gsmarena_001.jpg,
OnePlus Pad 2 review,https://www.gsmarena.com/oneplus_pad_2-review-2736.php,https://fdn.gsmarena.com/imgroot/reviews/24/oneplus-pad-2/-347x151/thumb.jpg,
Samsung Galaxy Watch Ultra review,https://www.gsmarena.com/samsung_galaxy_watch_ultra-review-2737.php,https://fdn.gsmarena.com/imgroot/reviews/24/samsung-galaxy-watch-ultra/-347x151/gsmarena_100.jpg,
Motorola Razr 50/razr (2024) review,https://www.gsmarena.com/motorola_razr_50_razr_2024-review-2735.php,https://fdn.gsmarena.com/imgroot/reviews/24/motorola-razr-50/-347x151/gsmarena_001.jpg,
Nothing Phone (2a) Plus review,https://www.gsmarena.com/nothing_phone_2a_plus-review-2734.php,https://fdn.gsmarena.com/imgroot/reviews/24/nothing-phone-2a-plus/-347x151/gsmarena_002.jpg,
HMD Skyline review,https://www.gsmarena.com/hmd_skyline-review-2733.php,https://fdn.gsmarena.com/imgroot/reviews/24/hmd-skyline/-347x151/gsmarena_0000.jpg,
Xiaomi Mix Flip review,https://www.gsmarena.com/xiaomi_mix_flip-review-2732.php,https://fdn.gsmarena.com/imgroot/reviews/24/xiaomi-mix-flip/-347x151/gsmarena_001.jpg,
Realme 13 Pro+ review,https://www.gsmarena.com/realme_13_pro_plus-review-2731.php,https://fdn.gsmarena.com/imgroot/reviews/24/realme-13-pro-plus/-347x151/gsmarena_001.jpg,
Realme GT 6T review,https://www.gsmarena.com/realme_gt_6t-review-2730.php,https://fdn.gsmarena.com/imgroot/reviews/24/realme-gt-6t/-347x151/gsmarena_001.jpg,
vivo X Fold3 Pro review,https://www.gsmarena.com/vivo_x_fold3_pro-review-2729.php,https://fdn.gsmarena.com/imgroot/reviews/24/vivo-x-fold3-pro/-347x151/gsmarena_001.jpg,
Samsung Galaxy Z Flip6 review,https://www.gsmarena.com/samsung_galaxy_z_flip6-review-2727.php,https://fdn.gsmarena.com/imgroot/reviews/24/samsung-galaxy-z-flip6/-347x151/gsmarena_001.jpg,
Xiaomi Mix Flip and Mix Fold 4 hands-on review,https://www.gsmarena.com/xiaomi_mix_flip_mix_fold_4_hands_on-review-2728.php,https://fdn.gsmarena.com/imgroot/reviews/24/xiaomi-mix-flip-mix-fold-4-hands-on/-347x151/gsmarena_004.jpg,
nubia Red Magic 9S Pro review,https://www.gsmarena.com/zte_nubia_red_magic_9s_pro-review-2726.php,https://fdn.gsmarena.com/imgroot/reviews/24/zte-nubia-red-magic-9s-pro/-347x151/gsmarena_002.jpg,
Samsung Galaxy Z Fold6 review,https://www.gsmarena.com/samsung_galaxy_z_fold6-review-2725.php,https://fdn.gsmarena.com/imgroot/reviews/24/samsung-galaxy-z-fold6/-347x151/gsmarena_001.jpg,
OnePlus Nord 4 review,https://www.gsmarena.com/oneplus_nord_4-review-2724.php,https://fdn.gsmarena.com/imgroot/reviews/24/oneplus-nord-4/-347x151/gsmarena_000.jpg,
Moto G Stylus 5G (2024) review,https://www.gsmarena.com/moto_g_stylus_5g_2024-review-2723.php,https://fdn.gsmarena.com/imgroot/reviews/24/moto-g-stylus-5g-2024/-347x151/gsmarena_000.jpg,
Samsung Galaxy Z Fold6 and Z Flip6 hands-on review,https://www.gsmarena.com/samsung_galaxy_zfold6_zflip6_hands_on-review-2722.php,https://fdn.gsmarena.com/imgroot/reviews/24/samsung-galaxy-zfold6-zflip6-hands-on/-347x151/gsmarena_001.jpg,
CMF Phone 1 by Nothing review,https://www.gsmarena.com/nothing_cmf_phone_1-review-2719.php,https://fdn.gsmarena.com/imgroot/reviews/24/nothing-cmf-phone-1/-347x151/gsmarena_001.jpg,
Poco Pad review,https://www.gsmarena.com/poco_pad-review-2721.php,https://fdn.gsmarena.com/imgroot/reviews/24/poco-pad/-347x151/gsmarena_002.jpg,
Xiaomi 14 Civi hands-on review,https://www.gsmarena.com/xiaomi_14_civi_hands_on-review-2720.php,https://fdn.gsmarena.com/imgroot/reviews/24/xiaomi-14-civi/-347x151/gsmarena_001.jpg,
Xiaomi Redmi Pad Pro review,https://www.gsmarena.com/xiaomi_redmi_pad_pro-review-2718.php,https://fdn.gsmarena.com/imgroot/reviews/24/xiaomi-redmi-pad-pro/-347x151/gsmarena_001.jpg,
vivo X100 Ultra review,https://www.gsmarena.com/vivo_x100_ultra-review-2717.php,https://fdn.gsmarena.com/imgroot/reviews/24/vivo-x100-ultra/-347x151/gsmarena_003.jpg,
Oppo Reno12 Pro review,https://www.gsmarena.com/oppo_reno12_pro-review-2716.php,https://fdn.gsmarena.com/imgroot/reviews/24/oppo-reno12-pro/-347x151/gsmarena_000.jpg,
Motorola Razr 50 Ultra/razr+ (2024) review,https://www.gsmarena.com/motorola_razr_50_ultra-review-2715.php,https://fdn.gsmarena.com/imgroot/reviews/24/motorola-razr-50-ultra/-347x151/gsmarena_005.jpg,
OnePlus Nord CE4 Lite hands-on review,https://www.gsmarena.com/oneplus_nord_ce4_lite_hands_on-review-2714.php,https://fdn.gsmarena.com/imgroot/reviews/24/oneplus-nord-ce4-lite/-347x151/gsmarena_001.jpg,
Xiaomi Redmi 13 review,https://www.gsmarena.com/xiaomi_redmi_13-review-2713.php,https://fdn.gsmarena.com/imgroot/reviews/24/xiaomi-redmi-13/-347x151/gsmarena_001.jpg,
Realme GT 6 review,https://www.gsmarena.com/realme_gt_6-review-2712.php,https://fdn.gsmarena.com/imgroot/reviews/24/realme-gt-6/-347x151/gsmarena_001.jpg,
Infinix Note 40 Pro+ review,https://www.gsmarena.com/infinix_note_40_pro_plus-review-2711.php,https://fdn.gsmarena.com/imgroot/reviews/24/infinix-note-40-pro-plus/-347x151/gsmarena_000.jpg,
Honor 200 Pro review,https://www.gsmarena.com/honor_200_pro-review-2710.php,https://fdn.gsmarena.com/imgroot/reviews/24/honor-200-pro/-347x151/gsmarena_001.jpg,
Motorola Edge 50 Fusion review,https://www.gsmarena.com/motorola_edge_50_fusion-review-2709.php,https://fdn.gsmarena.com/imgroot/reviews/24/motorola-edge-50-fusion/-347x151/gsmarena_001.jpg,
Motorola Edge 50 Ultra review,https://www.gsmarena.com/motorola_edge_50_ultra-review-2708.php,https://fdn.gsmarena.com/imgroot/reviews/24/motorola-edge-50-ultra/-347x151/gsmarena_002.jpg,
Xiaomi Pad 6S Pro 12.4 review,https://www.gsmarena.com/xiaomi_pad_6s_pro_12_4-review-2707.php,https://fdn.gsmarena.com/imgroot/reviews/24/xiaomi-pad-6s-pro-12-4/-347x151/gsmarena_001.jpg,
Tecno Camon 30 Pro review,https://www.gsmarena.com/tecno_camon_30_pro-review-2696.php,https://fdn.gsmarena.com/imgroot/reviews/24/tecno-camon-30-pro/-347x151/gsmarena_002.jpg,
Google Pixel 8a review,https://www.gsmarena.com/google_pixel_8a-review-2705.php,https://fdn.gsmarena.com/imgroot/reviews/24/google-pixel-8a/-347x151/gsmarena_001.jpg,
Poco F6 review,https://www.gsmarena.com/poco_f6-review-2706.php,https://fdn.gsmarena.com/imgroot/reviews/24/poco-f6/-347x151/gsmarena_000.jpg,
Apple iPad Pro 11 (2024) review,https://www.gsmarena.com/apple_ipad_pro_11_2024-review-2703.php,https://fdn.gsmarena.com/imgroot/reviews/24/apple-ipad-pro-11-2024/-347x151/gsmarena_002.jpg,
Poco F6 Pro review,https://www.gsmarena.com/poco_f6_pro-review-2704.php,https://fdn.gsmarena.com/imgroot/reviews/24/poco-f6-pro/-347x151/gsmarena_001.jpg,
Huawei Pura 70 Ultra review,https://www.gsmarena.com/huawei_pura_70_ultra-review-2700.php,https://fdn.gsmarena.com/imgroot/reviews/24/huawei-pura-70-ultra/-347x151/gsmarena_002.jpg,
Google Pixel 8a hands-on review,https://www.gsmarena.com/google_pixel_8a_hands_on-review-2702.php,https://fdn.gsmarena.com/imgroot/reviews/24/pixel-8a-hands-on/-347x151/gsmarena_001.jpg,
Sony Xperia 10 VI review,https://www.gsmarena.com/sony_xperia_10_vi-review-2701.php,https://fdn.gsmarena.com/imgroot/reviews/24/sony-xperia-10-vi/-347x151/gsmarena_001.jpg,
Sony Xperia 1 VI review,https://www.gsmarena.com/sony_xperia_1_vi-review-2699.php,https://fdn.gsmarena.com/imgroot/reviews/24/sony-xperia-1-vi/-347x151/gsmarena_003.jpg,
Huawei Pura 70 Ultra hands-on review,https://www.gsmarena.com/huawei_pura_70_ultra_hands_on-review-2698.php,https://fdn.gsmarena.com/imgroot/reviews/24/huawei-pura-70-ultra-hands-on/-347x151/gsmarena_001.jpg,
Honor Magic6 RSR Porsche Design review,https://www.gsmarena.com/honor_magic6_rsr_porsche_design-review-2697.php,https://fdn.gsmarena.com/imgroot/reviews/24/honor-magic6-rsr-porsche-design/-347x151/gsmarena_001.jpg,
Tecno Camon 30 Premier review,https://www.gsmarena.com/tecno_camon_30_premier-review-2695.php,https://fdn.gsmarena.com/imgroot/reviews/24/tecno-camon-30-premier/-347x151/gsmarena_000.jpg,
Honor Magic V2 and V2 RSR Porsche Design review,https://www.gsmarena.com/honor_magic_v2_rsr_porsche_design-review-2694.php,https://fdn.gsmarena.com/imgroot/reviews/24/honor-magic-v2/-347x151/gsmarena_100.jpg,
Honor Pad 9 review,https://www.gsmarena.com/honor_pad_9-review-2693.php,https://fdn.gsmarena.com/imgroot/reviews/24/honor-pad-9/-347x151/gsmarena_001.jpg,
Apple iPhone 15 Pro long-term  review,https://www.gsmarena.com/apple_iphone_15_pro_long_term-review-2692.php,https://fdn.gsmarena.com/imgroot/reviews/24/apple-iphone-15-pro-long-term/-347x151/gsmarena_001.jpg,
Motorola Edge 50 Pro review,https://www.gsmarena.com/motorola_edge_50_pro-review-2690.php,https://fdn.gsmarena.com/imgroot/reviews/24/motorola-edge-50-pro/-347x151/gsmarena_001.jpg,
Motorola Edge 50 Ultra hands-on review,https://www.gsmarena.com/motorola_edge_50_ultra_handson-review-2691.php,https://fdn.gsmarena.com/imgroot/reviews/24/motorola-edge-50-ultra-handson/-347x151/gsmarena_005.jpg,
Realme 12+ review,https://www.gsmarena.com/realme_12_plus-review-2689.php,https://fdn.gsmarena.com/imgroot/reviews/24/realme-12-plus/-347x151/gsmarena_001.jpg,
Tecno Spark 20 Pro+ review,https://www.gsmarena.com/tecno_spark_20_pro_plus-review-2687.php,https://fdn.gsmarena.com/imgroot/reviews/24/tecno-spark-20-pro-plus/-347x151/gsmarena_200.jpg,
Poco X6 Neo hands-on review,https://www.gsmarena.com/poco_x6_neo_hands_on-review-2688.php,https://fdn.gsmarena.com/imgroot/reviews/24/poco-x6-neo/-347x151/gsmarena_001.jpg,
nubia Z60 Ultra review,https://www.gsmarena.com/nubia_z60_ultra-review-2685.php,https://fdn.gsmarena.com/imgroot/reviews/24/nubia-z60-ultra/-347x151/gsmarena_001.jpg,
OnePlus Nord CE4 hands-on review,https://www.gsmarena.com/oneplus_nord_ce4_hands_on-review-2686.php,https://fdn.gsmarena.com/imgroot/reviews/24/oneplus-nord-ce4/-347x151/gsmarena_001.jpg,
Samsung Galaxy A55 review,https://www.gsmarena.com/samsung_galaxy_a55-review-2684.php,https://fdn.gsmarena.com/imgroot/reviews/24/samsung-galaxy-a55/-347x151/gsmarena_000.jpg,
Xiaomi 14 Ultra review,https://www.gsmarena.com/xiaomi_14_ultra-review-2683.php,https://fdn.gsmarena.com/imgroot/reviews/24/xiaomi-14-ultra/-347x151/gsmarena_002.jpg,
Samsung Galaxy A35 review,https://www.gsmarena.com/samsung_galaxy_a35-review-2682.php,https://fdn.gsmarena.com/imgroot/reviews/24/samsung-galaxy-a35/-347x151/gsmarena_001.jpg,
Tecno Pova 6 Pro review,https://www.gsmarena.com/tecno_pova_6_pro-review-2680.php,https://fdn.gsmarena.com/imgroot/reviews/24/tecno-pova-6-pro/-347x151/gsmarena_000.jpg,
Asus Zenfone 11 Ultra review,https://www.gsmarena.com/asus_zenfone_11_ultra-review-2679.php,https://fdn.gsmarena.com/imgroot/reviews/24/asus-zenfone-11-ultra/-347x151/gsmarena_001.jpg,
Nothing Phone (2a) review,https://www.gsmarena.com/nothing_phone_2a-review-2681.php,https://fdn.gsmarena.com/imgroot/reviews/24/nothing-phone-2a/-347x151/gsmarena_001.jpg,
vivo V30 review,https://www.gsmarena.com/vivo_v30-review-2677.php,https://fdn.gsmarena.com/imgroot/reviews/24/vivo-v30/-347x151/gsmarena_003.jpg,
Oppo Find X7 Ultra review,https://www.gsmarena.com/oppo_find_x7_ultra-review-2678.php,https://fdn.gsmarena.com/imgroot/reviews/24/oppo-find-x7-ultra/-347x151/gsmarena_001.jpg,
Poco M6 5G hands-on review,https://www.gsmarena.com/poco_m6_hands_on-review-2676.php,https://fdn.gsmarena.com/imgroot/reviews/24/poco-m6/-347x151/gsmarena_001.jpg,
vivo V30 Pro review,https://www.gsmarena.com/vivo_v30_pro-review-2675.php,https://fdn.gsmarena.com/imgroot/reviews/24/vivo-v30-pro/-347x151/gsmarena_001.jpg,
Xiaomi 14 review,https://www.gsmarena.com/xiaomi_14-review-2672.php,https://fdn.gsmarena.com/imgroot/reviews/24/xiaomi-14/-347x151/gsmarena_000.jpg,
Honor Magic6 Pro review,https://www.gsmarena.com/honor_magic6_pro-review-2674.php,https://fdn.gsmarena.com/imgroot/reviews/24/honor-magic6-pro/-347x151/gsmarena_003.jpg,
Xiaomi Redmi Note 13 Pro+ review,https://www.gsmarena.com/xiaomi_redmi_note_13_pro_plus-review-2669.php,https://fdn.gsmarena.com/imgroot/reviews/24/redmi-note-13-pro-plus/-347x151/gsmarena_001.jpg,
Xiaomi Redmi Note 13 4G review,https://www.gsmarena.com/xiaomi_redmi_note_13_4g-review-2666.php,https://fdn.gsmarena.com/imgroot/reviews/24/redmi-note-13-4g/-347x151/gsmarena_001.jpg,
Xiaomi 13T Pro long-term review,https://www.gsmarena.com/xiaomi_13t_pro_long_term-review-2673.php,https://fdn.gsmarena.com/imgroot/reviews/24/xiaomi-13t-pro-long-term/-347x151/gsmarena_001.jpg,
Samsung Galaxy A15 5G review,https://www.gsmarena.com/samsung_galaxy_a15_5g-review-2671.php,https://fdn.gsmarena.com/imgroot/reviews/24/samsung-galaxy-a15-5g/-347x151/gsmarena_001.jpg,
Realme 12 Pro+ review,https://www.gsmarena.com/realme_12_pro_plus-review-2668.php,https://fdn.gsmarena.com/imgroot/reviews/24/realme-12-pro-plus/-347x151/gsmarena_000.jpg,
Samsung Galaxy S24 Ultra review,https://www.gsmarena.com/samsung_galaxy_s24_ultra-review-2670.php,https://fdn.gsmarena.com/imgroot/reviews/24/samsung-galaxy-s24-ultra/-347x151/gsmarena_003.jpg,
Xiaomi Redmi Note 13 5G review,https://www.gsmarena.com/xiaomi_redmi_note_13_5g-review-2667.php,https://fdn.gsmarena.com/imgroot/reviews/24/redmi-note-13-5g/-347x151/gsmarena_001.jpg,
OnePlus 12R review,https://www.gsmarena.com/oneplus_12r-review-2665.php,https://fdn.gsmarena.com/imgroot/reviews/24/oneplus-12r/-347x151/gsmarena_001.jpg,
Samsung Galaxy S24+ review,https://www.gsmarena.com/samsung_galaxy_s24_plus-review-2664.php,https://fdn.gsmarena.com/imgroot/reviews/24/samsung-galaxy-s24-plus/-347x151/gsmarena_001.jpg,
Samsung Galaxy S24 review,https://www.gsmarena.com/samsung_galaxy_s24-review-2663.php,https://fdn.gsmarena.com/imgroot/reviews/24/samsung-galaxy-s24/-347x151/gsmarena_001.jpg,
Xiaomi Redmi Note 13 Pro 5G review,https://www.gsmarena.com/xiaomi_redmi_note_13_pro_5g-review-2660.php,https://fdn.gsmarena.com/imgroot/reviews/24/redmi-note-13-pro/-347x151/gsmarena_003.jpg,
Samsung Galaxy A15 4G review,https://www.gsmarena.com/samsung_galaxy_a15-review-2662.php,https://fdn.gsmarena.com/imgroot/reviews/24/samsung-galaxy-a15/-347x151/gsmarena_001.jpg,
Samsung Galaxy A25 review,https://www.gsmarena.com/samsung_galaxy_a25-review-2661.php,https://fdn.gsmarena.com/imgroot/reviews/24/samsung-galaxy-a25/-347x151/gsmarena_002.jpg,
OnePlus 12 review,https://www.gsmarena.com/oneplus_12-review-2659.php,https://fdn.gsmarena.com/imgroot/reviews/24/oneplus-12/rev23/-347x151/gsmarena_002.jpg,
Infinix Hot 40 Pro review,https://www.gsmarena.com/infinix_hot_40_pro-review-2658.php,https://fdn.gsmarena.com/imgroot/reviews/24/infinix-hot-40-pro/-347x151/gsmarena_000.jpg,
Xiaomi Redmi Note 13 Pro 4G review,https://www.gsmarena.com/xiaomi_redmi_note_13_pro_4g-review-2657.php,https://fdn.gsmarena.com/imgroot/reviews/24/xiaomi-redmi-note-13-pro-4g/-347x151/gsmarena_001.jpg,
"Samsung Galaxy S24 Ultra, S24+ and S24 hands-on review",https://www.gsmarena.com/samsung_galaxy_s24_ultra_s24_plus_s24_handson-review-2656.php,https://fdn.gsmarena.com/imgroot/reviews/24/samsung-galaxy-s24-series-handson/-347x151/gsmarena_000.jpg,
Asus ROG Phone 8/8 Pro review,https://www.gsmarena.com/asus_rog_phone_8_pro-review-2650.php,https://fdn.gsmarena.com/imgroot/reviews/23/asus-rog-phone-8-pro/-347x151/gsmarena_001.jpg,
Poco M6 Pro review,https://www.gsmarena.com/xiaomi_poco_m6_pro-review-2655.php,https://fdn.gsmarena.com/imgroot/reviews/24/xiaomi-poco-m6-pro/-347x151/gsmarena_002.jpg,
Poco X6 Pro review,https://www.gsmarena.com/poco_x6_pro-review-2653.php,https://fdn.gsmarena.com/imgroot/reviews/24/poco-x6-pro/-347x151/gsmarena_001.jpg,
Poco X6 review,https://www.gsmarena.com/poco_x6-review-2654.php,https://fdn.gsmarena.com/imgroot/reviews/24/poco-x6/-347x151/gsmarena_002.jpg,
Xiaomi Redmi Note 13 Pro+ hands-on review,https://www.gsmarena.com/xiaomi_redmi_note_13_pro_plus_hands_on-review-2652.php,https://fdn.gsmarena.com/imgroot/reviews/24/redmi-note-13-pro-plus/preview/-347x151/gsmarena_001.jpg,
Samsung Galaxy S23 long-term review,https://www.gsmarena.com/samsung_galaxy_s23_long_term-review-2651.php,https://fdn.gsmarena.com/imgroot/reviews/24/samsung-galaxy-s23-long-term/-347x151/gsmarena_001.jpg,
Realme GT5 Pro review,https://www.gsmarena.com/realme_gt5_pro-review-2649.php,https://fdn.gsmarena.com/imgroot/reviews/23/realme-gt5-pro/-347x151/gsmarena_004.jpg,
The best-sounding smartphones of 2023,https://www.gsmarena.com/best_sounding_smartphones_2023-review-2648.php,https://fdn.gsmarena.com/imgroot/reviews/23/best-smartphone-speakers-2023/-347x151/gsmarena_003.jpg,
Samsung Galaxy A05s review,https://www.gsmarena.com/samsung_galaxy_a05s-review-2646.php,https://fdn.gsmarena.com/imgroot/reviews/23/samsung-galaxy-a05s/-347x151/gsmarena_001.jpg,
RedMagic 9 Pro review,https://www.gsmarena.com/nubia_red_magic_9_pro-review-2647.php,https://fdn.gsmarena.com/imgroot/reviews/23/nubia-red-magic-9-pro/-347x151/gsmarena_000.jpg,
vivo X100 Pro review,https://www.gsmarena.com/vivo_x100_pro-review-2645.php,https://fdn.gsmarena.com/imgroot/reviews/23/vivo-x100-pro/-347x151/gsmarena_001.jpg,
Huawei MatePad Pro 13.2 review,https://www.gsmarena.com/huawei_matepad_pro_13_2-review-2644.php,https://fdn.gsmarena.com/imgroot/reviews/23/huawei-matepad-pro-13-2/-347x151/gsmarena_001.jpg,
nubia Z50S Pro review,https://www.gsmarena.com/zte_nubia_z50s_pro-review-2643.php,https://fdn.gsmarena.com/imgroot/reviews/23/zte-nubia-z50s-pro/-347x151/gsmarena_001.jpg,
iQOO 12 review,https://www.gsmarena.com/iqoo_12-review-2642.php,https://fdn.gsmarena.com/imgroot/reviews/23/iqoo-12/-347x151/gsmarena_008.jpg,
Samsung Galaxy A54 long-term review,https://www.gsmarena.com/samsung_galaxy_a54_long_term-review-2641.php,https://fdn.gsmarena.com/imgroot/reviews/23/samsung-galaxy-a54-long-term/-347x151/gsmarena_001.jpg,
Redmi Pad SE review,https://www.gsmarena.com/xiaomi_redmi_pad_seaa-review-2639.php,https://fdn.gsmarena.com/imgroot/reviews/23/xiaomi-redmi-pad-se/-347x151/gsmarena_001.jpg,
Oppo Find N3 review,https://www.gsmarena.com/oppo_find_n3-review-2635.php,https://fdn.gsmarena.com/imgroot/reviews/23/oppo-find-n3/-347x151/gsmarena_001.jpg,
Honor Pad X9 review,https://www.gsmarena.com/honor_pad_x9-review-2638.php,https://fdn.gsmarena.com/imgroot/reviews/23/honor-pad-x9/-347x151/gsmarena_001.jpg,
Poco C65/Redmi 13C 4G review,https://www.gsmarena.com/xiaomi_poco_c65-review-2637.php,https://fdn.gsmarena.com/imgroot/reviews/23/poco-c65/-347x151/gsmarena_001.jpg,
Moto G54 (Power edition) review,https://www.gsmarena.com/motorola_g54_power-review-2633.php,https://fdn.gsmarena.com/imgroot/reviews/23/motorola-g54-power/-347x151/gsmarena_001.jpg,
Samsung Galaxy S23 FE review,https://www.gsmarena.com/samsung_galaxy_s23_fe-review-2636.php,https://fdn.gsmarena.com/imgroot/reviews/23/samsung-galaxy-s23-fe/-347x151/gsmarena_001.jpg,
Poco F5 / Redmi Note 12 Turbo long-term review,https://www.gsmarena.com/poco_f5_redmi_note_12_turbo_long_term-review-2634.php,https://fdn.gsmarena.com/imgroot/reviews/23/poco-f5-long-term/-347x151/gsmarena_001.jpg,
OnePlus Pad Go hands-on review,https://www.gsmarena.com/oneplus_pad_go-review-2631.php,https://fdn.gsmarena.com/imgroot/reviews/23/oneplus-pad-go/-347x151/gsmarena_001.jpg,
Realme GT5 240W review,https://www.gsmarena.com/realme_gt5_240w-review-2632.php,https://fdn.gsmarena.com/imgroot/reviews/23/realme-gt5/-347x151/gsmarena_000.jpg,
Samsung Galaxy S23 Ultra long-term review,https://www.gsmarena.com/samsung_galaxy_s23_ultra_long_term-review-2626.php,https://fdn.gsmarena.com/imgroot/reviews/23/samsung-galaxy-s23-ultra-ltr/-347x151/gsmarena_000.jpg,
Oppo Find N3 Flip review,https://www.gsmarena.com/oppo_find_n3_flip-review-2630.php,https://fdn.gsmarena.com/imgroot/reviews/23/oppo-find-n3-flip/-347x151/gsmarena_002.jpg,
Google Pixel 8 Pro review,https://www.gsmarena.com/google_pixel_8_pro-review-2629.php,https://fdn.gsmarena.com/imgroot/reviews/23/google-pixel-8-pro/-347x151/gsmarena_001.jpg,
Google Pixel 8 review,https://www.gsmarena.com/google_pixel_8-review-2628.php,https://fdn.gsmarena.com/imgroot/reviews/23/google-pixel-8/-347x151/gsmarena_003.jpg,
OnePlus Open review,https://www.gsmarena.com/oneplus_open-review-2627.php,https://fdn.gsmarena.com/imgroot/reviews/23/oneplus-open/-347x151/gsmarena_000.jpg,
vivo V29 Pro review,https://www.gsmarena.com/vivo_v29_pro-review-2625.php,https://fdn.gsmarena.com/imgroot/reviews/23/vivo-v29-pro/-347x151/gsmarena_001.jpg,
Google Pixel 8 & 8 Pro hands-on review,https://www.gsmarena.com/google_pixel_8_and_8_pro_hands_on-review-2624.php,https://fdn.gsmarena.com/imgroot/reviews/23/pixel-8-pixel-8-pro-handson/-347x151/gsmarena_001.jpg,
Xiaomi 13T review,https://www.gsmarena.com/xiaomi_13t-review-2623.php,https://fdn.gsmarena.com/imgroot/reviews/23/xiaomi-13t/-347x151/gsmarena_000.jpg,
Xiaomi 13T Pro review,https://www.gsmarena.com/xiaomi_13t_pro-review-2622.php,https://fdn.gsmarena.com/imgroot/reviews/23/xiaomi-13t-pro/-347x151/gsmarena_000.jpg,
Apple iPhone 15 Pro review,https://www.gsmarena.com/apple_iphone_15_pro-review-2620.php,https://fdn.gsmarena.com/imgroot/reviews/23/apple-iphone-15-pro/-347x151/gsmarena_004.jpg,
Apple iPhone 15 Plus review,https://www.gsmarena.com/apple_iphone_15_plus-review-2621.php,https://fdn.gsmarena.com/imgroot/reviews/23/iphone-15-plus/-347x151/gsmarena_000.jpg,
Apple iPhone 15 review,https://www.gsmarena.com/apple_iphone_15-review-2619.php,https://fdn.gsmarena.com/imgroot/reviews/23/iphone-15/-347x151/gsmarena_001.jpg,
Apple iPhone 15 Pro Max review,https://www.gsmarena.com/apple_iphone_15_pro_max-review-2618.php,https://fdn.gsmarena.com/imgroot/reviews/23/apple-iphone-15-pro-max/-347x151/gsmarena_003.jpg,
Moto G84 review,https://www.gsmarena.com/moto_g84-review-2617.php,https://fdn.gsmarena.com/imgroot/reviews/23/moto-g84/-347x151/gsmarena_003.jpg,
Tecno Phantom V Flip review,https://www.gsmarena.com/tecno_phantom_v_flip-review-2616.php,https://fdn.gsmarena.com/imgroot/reviews/23/tecno-phantom-v-flip/-347x151/gsmarena_004.jpg,
Motorola Edge 40 Neo review,https://www.gsmarena.com/motorola_edge_40_neo-review-2615.php,https://fdn.gsmarena.com/imgroot/reviews/23/motorola-edge-40-neo/-347x151/gsmarena_001.jpg,
Fairphone 5 review,https://www.gsmarena.com/fairphone_5-review-2614.php,https://fdn.gsmarena.com/imgroot/reviews/23/fairphone-5/-347x151/gsmarena_000.jpg,
OnePlus 11 long-term review,https://www.gsmarena.com/oneplus_11_long_term-review-2613.php,https://fdn.gsmarena.com/imgroot/reviews/23/oneplus-11-long-term/-347x151/gsmarena_001.jpg,
OnePlus Nord CE3 hands-on review,https://www.gsmarena.com/oneplus_nord_ce3_handson-review-2612.php,https://fdn.gsmarena.com/imgroot/reviews/23/oneplus-nord-ce3/-347x151/gsmarena_001.jpg,
Honor 90 review,https://www.gsmarena.com/honor_90-review-2611.php,https://fdn.gsmarena.com/imgroot/reviews/23/honor-90/-347x151/gsmarena_004.jpg,
Samsung Galaxy Tab S9 Ultra review,https://www.gsmarena.com/samsung_galaxy_tab_s9_ultra-review-2610.php,https://fdn.gsmarena.com/imgroot/reviews/23/samsung-galaxy-tab-s9-ultra/-347x151/gsmarena_002.jpg,
Tecno Pova 5 Pro review,https://www.gsmarena.com/tecno_pova_5_pro-review-2608.php,https://fdn.gsmarena.com/imgroot/reviews/23/tecno-pova-5-pro/-347x151/gsmarena_000.jpg,
Xiaomi Redmi 12 5G hands-on review,https://www.gsmarena.com/xiaomi_redmi_12_5g_hands_on-review-2609.php,https://fdn.gsmarena.com/imgroot/reviews/23/xiaomi-redmi-12-5g/-347x151/gsmarena_001.jpg,
Infinix Zero 30 review,https://www.gsmarena.com/infinix_zero_30-review-2606.php,https://fdn.gsmarena.com/imgroot/reviews/23/infinix-zero-30/-347x151/gsmarena_000.jpg,
Sony Xperia 5 V review,https://www.gsmarena.com/sony_xperia_5_v-review-2605.php,https://fdn.gsmarena.com/imgroot/reviews/23/sony-xperia-5-v/-347x151/gsmarena_001.jpg,
Xiaomi 13 Pro long-term review,https://www.gsmarena.com/xiaomi_13_pro_long_term-review-2607.php,https://fdn.gsmarena.com/imgroot/reviews/23/xiaomi-13-pro-long-term/-347x151/gsmarena_001.jpg,
vivo V29 review,https://www.gsmarena.com/vivo_v29-review-2604.php,https://fdn.gsmarena.com/imgroot/reviews/23/vivo-v29/-347x151/gsmarena_001.jpg,
Xiaomi Mix Fold 3 review,https://www.gsmarena.com/xiaomi_mix_fold_3-review-2603.php,https://fdn.gsmarena.com/imgroot/reviews/23/xiaomi-mix-fold-3/-347x151/gsmarena_001.jpg,
HTC U23 Pro review,https://www.gsmarena.com/htc_u23_pro-review-2602.php,https://fdn.gsmarena.com/imgroot/reviews/23/htc-u23-pro/-347x151/gsmarena_001.jpg,
Samsung Galaxy Watch6 Classic review,https://www.gsmarena.com/samsung_galaxy_watch6_classic-review-2601.php,https://fdn.gsmarena.com/imgroot/reviews/23/samsung-galaxy-watch6-classic/-347x151/gsmarena_000.jpg,
Oppo Reno10 review,https://www.gsmarena.com/oppo_reno10-review-2600.php,https://fdn.gsmarena.com/imgroot/reviews/23/oppo-reno10/-347x151/gsmarena_001.jpg,
Samsung Galaxy Z Fold5 review,https://www.gsmarena.com/samsung_galaxy_z_fold5-review-2599.php,https://fdn.gsmarena.com/imgroot/reviews/23/samsung-galaxy-z-fold5/-347x151/gsmarena_001.jpg,
Infinix GT 10 Pro review,https://www.gsmarena.com/infinix_gt_10_pro-review-2598.php,https://fdn.gsmarena.com/imgroot/reviews/23/infinix-gt-10-pro/-347x151/gsmarena_000.jpg,
Samsung Galaxy Z Flip5 review,https://www.gsmarena.com/samsung_galaxy_z_flip5-review-2597.php,https://fdn.gsmarena.com/imgroot/reviews/23/samsung-galaxy-z-flip5/-347x151/gsmarena_004.jpg,
Xiaomi Pad 6 review,https://www.gsmarena.com/xiaomi_pad_6-review-2596.php,https://fdn.gsmarena.com/imgroot/reviews/23/xiaomi-pad-6/-347x151/gsmarena_001.jpg,
RedMagic 8S Pro review,https://www.gsmarena.com/nubia_red_magic_8s_pro-review-2595.php,https://fdn.gsmarena.com/imgroot/reviews/23/nubia-red-magic-8s-pro/-347x151/gsmarena_000.jpg,
Motorola Razr 40 review,https://www.gsmarena.com/motorola_razr_40-review-2594.php,https://fdn.gsmarena.com/imgroot/reviews/23/motorola-razr-40/-347x151/gsmarena_000.jpg,
"Galaxy Z Fold5, Z Flip5, Watch6, Tab S9 hands-on review",https://www.gsmarena.com/samsung_galaxy_z_fold5_z_flip5_watch6_tab_s9_hands-review-2593.php,https://fdn.gsmarena.com/imgroot/reviews/23/samsung-unpacked-summer-2023/-347x151/gsmarena_101.jpg,
Oppo Reno10 Pro review,https://www.gsmarena.com/oppo_reno10_pro-review-2592.php,https://fdn.gsmarena.com/imgroot/reviews/23/oppo-reno10-pro/-347x151/gsmarena_001.jpg,
Huawei nova 11 Pro review,https://www.gsmarena.com/huawe_nova_11_pro-review-2591.php,https://fdn.gsmarena.com/imgroot/reviews/23/huawei-nova-11-pro/-347x151/gsmarena_001.jpg,
Nothing Phone (2) review,https://www.gsmarena.com/nothing_phone_2-review-2586.php,https://fdn.gsmarena.com/imgroot/reviews/23/nothing-phone-2/-347x151/gsmarena_001.jpg,
Honor Magic V2 hands-on review,https://www.gsmarena.com/honor_magic_v2_hands_on-review-2590.php,https://fdn.gsmarena.com/imgroot/reviews/23/honor-magic-v2/hands-on/-347x151/gsmarena_001.jpg,
Nothing Phone (2) hands-on review,https://www.gsmarena.com/nothing_phone_2_hands_on-review-2589.php,https://fdn.gsmarena.com/imgroot/reviews/23/nothing-phone-2-hands-on/-347x151/gsmarena_002.jpg,
Samsung Galaxy Z Fold4 long-term review,https://www.gsmarena.com/samsung_galaxy_z_fold4_long_term-review-2588.php,https://fdn.gsmarena.com/imgroot/reviews/23/samsung-galaxy-z-fold4-long-term/-347x151/gsmarena_001.jpg,
Honor 90 hands-on review,https://www.gsmarena.com/honor_90_hands_on-review-2587.php,https://fdn.gsmarena.com/imgroot/reviews/23/honor-90-hands-on/-347x151/gsmarena_003.jpg,
OnePlus Nord 3 review,https://www.gsmarena.com/oneplus_nord_3-review-2584.php,https://fdn.gsmarena.com/imgroot/reviews/23/oneplus-nord-3/-347x151/gsmarena_001.jpg,
Xiaomi Redmi 12 review,https://www.gsmarena.com/xiaomi_redmi_12-review-2585.php,https://fdn.gsmarena.com/imgroot/reviews/23/xiaomi-redmi-12/-347x151/gsmarena_000.jpg,
Asus Zenfone 10 review,https://www.gsmarena.com/asus_zenfone_10-review-2583.php,https://fdn.gsmarena.com/imgroot/reviews/23/asus-zenfone-10/rev29/-347x151/gsmarena_000.jpg,
vivo X Fold2 review,https://www.gsmarena.com/vivo_x_fold2-review-2579.php,https://fdn.gsmarena.com/imgroot/reviews/23/vivo-x-fold2/-347x151/gsmarena_0000.jpg,
Realme 11 Pro review,https://www.gsmarena.com/realme_11_pro-review-2582.php,https://fdn.gsmarena.com/imgroot/reviews/23/realme-11-pro/-347x151/gsmarena_001.jpg,
Tecno Camon 20 Premier review,https://www.gsmarena.com/tecno_camon_20_premier-review-2581.php,https://fdn.gsmarena.com/imgroot/reviews/23/tecno-camon-20-premier/-347x151/gsmarena_001.jpg,
OnePlus Nord N30 5G review,https://www.gsmarena.com/oneplus_nord_n30_5g-review-2580.php,https://fdn.gsmarena.com/imgroot/reviews/23/oneplus-nord-n30-5g/-347x151/gsmarena_001.jpg,
Galaxy Z Flip4 vs. Find N2 Flip: Our long-term Flip review,https://www.gsmarena.com/galaxy_z_flip4_vs_oppo_find_n2_flip_long_term-review-2578.php,https://fdn.gsmarena.com/imgroot/reviews/23/samsung-galaxy-z-flip4-vs-oppo-find-n2-flip-long-term/-347x151/gsmarena_001.jpg,
Realme 11 Pro+ review,https://www.gsmarena.com/realme_11_pro_plus-review-2577.php,https://fdn.gsmarena.com/imgroot/reviews/23/realme-11-pro-plus/-347x151/gsmarena_001.jpg,
vivo X Flip review,https://www.gsmarena.com/vivo_x_flip-review-2576.php,https://fdn.gsmarena.com/imgroot/reviews/23/vivo-x-flip/-347x151/gsmarena_003.jpg,
Samsung Galaxy A24 4G review,https://www.gsmarena.com/samsung_galaxy_a24_4g-review-2575.php,https://fdn.gsmarena.com/imgroot/reviews/23/samsung-galaxy-a24-4g/-347x151/gsmarena_002.jpg,
Motorola Razr 40 Ultra review,https://www.gsmarena.com/motorola_razr_40_ultra-review-2574.php,https://fdn.gsmarena.com/imgroot/reviews/23/motorola-razr-40-ultra/-347x151/gsmarena_000.jpg,
Infinix Note 30 review,https://www.gsmarena.com/infinix_note_30-review-2572.php,https://fdn.gsmarena.com/imgroot/reviews/23/infinix-note-30/-347x151/gsmarena_001.jpg,
Google Pixel 7a review,https://www.gsmarena.com/google_pixel_7a-review-2573.php,https://fdn.gsmarena.com/imgroot/reviews/23/google-pixel-7a/review/-347x151/gsmarena_002.jpg,
Poco F5 Pro review,https://www.gsmarena.com/poco_f5_pro-review-2571.php,https://fdn.gsmarena.com/imgroot/reviews/23/poco-f5-pro/-347x151/gsmarena_100.jpg,
Motorola Edge 40 review,https://www.gsmarena.com/motorola_edge_40-review-2570.php,https://fdn.gsmarena.com/imgroot/reviews/23/motorola-edge-40/-347x151/gsmarena_006.jpg,
Sony Xperia 10 V review,https://www.gsmarena.com/sony_xperia_10_v-review-2569.php,https://fdn.gsmarena.com/imgroot/reviews/23/sony-xperia-10-v/-347x151/gsmarena_001.jpg,
Poco F5/Redmi Note 12 Turbo review,https://www.gsmarena.com/poco_f5-review-2568.php,https://fdn.gsmarena.com/imgroot/reviews/23/poco-f5/-347x151/gsmarena_000.jpg,
Sony Xperia 1 V review,https://www.gsmarena.com/sony_xperia_1_v-review-2567.php,https://fdn.gsmarena.com/imgroot/reviews/23/sony-xperia-1-v/-347x151/gsmarena_001.jpg,
Huawei P60 Pro review,https://www.gsmarena.com/huawei_p60_pro-review-2564.php,https://fdn.gsmarena.com/imgroot/reviews/23/huawei-p60-pro/-347x151/gsmarena_002.jpg,
Google Pixel 7a hands-on review,https://www.gsmarena.com/google_pixel_7a_handson-review-2566.php,https://fdn.gsmarena.com/imgroot/reviews/23/google-pixel-7a/hands-on/-347x151/gsmarena_100.jpg,
Huawei Mate X3 review,https://www.gsmarena.com/huawei_mate_x3-review-2565.php,https://fdn.gsmarena.com/imgroot/reviews/23/huawei-mate-x3/-347x151/gsmarena_001.jpg,
OnePlus Pad review,https://www.gsmarena.com/oneplus_pad-review-2563.php,https://fdn.gsmarena.com/imgroot/reviews/23/oneplus-pad/-347x151/gsmarena_001.jpg,
Xiaomi 13 Ultra review,https://www.gsmarena.com/xiaomi_13_ultra-review-2562.php,https://fdn.gsmarena.com/imgroot/reviews/23/xiaomi-13-ultra/-347x151/gsmarena_003.jpg,
Blackview BV9200 review,https://www.gsmarena.com/blackview_bv9200-review-2561.php,https://fdn.gsmarena.com/imgroot/reviews/23/blackview-bv9200/-347x151/gsmarena_000.jpg,
Tecno Spark 10 Pro review,https://www.gsmarena.com/tecno_spark_10_pro-review-2560.php,https://fdn.gsmarena.com/imgroot/reviews/23/tecno-spark-10-pro/-347x151/gsmarena_000.jpg,
Realme C55 review,https://www.gsmarena.com/realme_c55-review-2559.php,https://fdn.gsmarena.com/imgroot/reviews/23/realme-c55/-347x151/gsmarena_002.jpg,
vivo V27 review,https://www.gsmarena.com/vivo_v27-review-2558.php,https://fdn.gsmarena.com/imgroot/reviews/23/vivo-v27/-347x151/gsmarena_002.jpg,
Asus ROG Phone 7 review,https://www.gsmarena.com/asus_rog_phone_7-review-2556.php,https://fdn.gsmarena.com/imgroot/reviews/23/asus-rog-phone-7/-347x151/gsmarena_001.jpg,
Oppo Find X6 Pro review,https://www.gsmarena.com/oppo_find_x6_pro-review-2551.php,https://fdn.gsmarena.com/imgroot/reviews/23/oppo-find-x6-pro/-347x151/gsmarena_003.jpg,
Asus ROG Phone 7 Ultimate review,https://www.gsmarena.com/asus_rog_phone_7_ultimate-review-2555.php,https://fdn.gsmarena.com/imgroot/reviews/23/asus-rog-phone-7-ultimate/-347x151/gsmarena_001.jpg,
Xiaomi Redmi Note 12 5G review,https://www.gsmarena.com/xiaomi_redmi_note_12_5g-review-2557.php,https://fdn.gsmarena.com/imgroot/reviews/23/xiaomi-redmi-note-12/-347x151/gsmarena_000.jpg,
Samsung Galaxy A34 review,https://www.gsmarena.com/samsung_galaxy_a34-review-2554.php,https://fdn.gsmarena.com/imgroot/reviews/23/samsung-galaxy-a34/-347x151/gsmarena_001.jpg,
Nothing phone (1) long-term review,https://www.gsmarena.com/nothing_phone_1_long_term-review-2553.php,https://fdn.gsmarena.com/imgroot/reviews/23/nothing-phone-1-long-term/-347x151/gsmarena_001.jpg,
Motorola Edge 40 Pro review,https://www.gsmarena.com/motorola_edge_40_pro-review-2552.php,https://fdn.gsmarena.com/imgroot/reviews/23/motorola-edge-40-pro/-347x151/gsmarena_001.jpg,
OnePlus Nord CE 3 Lite hands-on review,https://www.gsmarena.com/oneplus_nord_ce_3_lite_hands_on-review-2550.php,https://fdn.gsmarena.com/imgroot/reviews/23/oneplus_nord_ce_3_lite/preview/-347x151/gsmarena_0.jpg,
Xiaomi Redmi Note 12 4G review,https://www.gsmarena.com/xiaomi_redmi_note_12_4g-review-2549.php,https://fdn.gsmarena.com/imgroot/reviews/23/xiaomi-redmi-note-12-4g/-347x151/gsmarena_0.jpg,
Xiaomi Redmi Note 12 Pro review,https://www.gsmarena.com/xiaomi_redmi_note_12_pro-review-2548.php,https://fdn.gsmarena.com/imgroot/reviews/23/xiaomi-redmi-note-12-pro/-347x151/gsmarena_002.jpg,
Samsung Galaxy A54 review,https://www.gsmarena.com/samsung_galaxy_a54-review-2546.php,https://fdn.gsmarena.com/imgroot/reviews/23/samsung-galaxy-a54/-347x151/gsmarena_005.jpg,
Xiaomi Redmi Note 12 Pro+ review,https://www.gsmarena.com/xiaomi_redmi_note_12_pro_plus-review-2547.php,https://fdn.gsmarena.com/imgroot/reviews/23/xiaomi-redmi-note-12-pro-plus/-347x151/gsmarena_001.jpg,
Tecno Phantom V Fold review,https://www.gsmarena.com/tecno_phantom_v_fold-review-2545.php,https://fdn.gsmarena.com/imgroot/reviews/23/tecno-phantom-v-fold/-347x151/gsmarena_002.jpg,
200MP vs 1-inch - testing the best Android phones for photography,https://www.gsmarena.com/best_android_phone_for_photography-review-2541.php,https://fdn.gsmarena.com/imgroot/reviews/23/the-big-camera-shootout-q1-2023/-347x151/gsmarena_000.jpg,
Motorola Moto G53 review,https://www.gsmarena.com/motorola_moto_g53-review-2544.php,https://fdn.gsmarena.com/imgroot/reviews/23/motorola-moto-g53/-347x151/gsmarena_001.jpg,
Honor Magic5 Pro review,https://www.gsmarena.com/honor_magic5_pro-review-2543.php,https://fdn.gsmarena.com/imgroot/reviews/23/honor-magic5-pro/-347x151/gsmarena_004.jpg,
Realme GT3 review,https://www.gsmarena.com/realme_gt3-review-2542.php,https://fdn.gsmarena.com/imgroot/reviews/23/realme-gt3/-347x151/gsmarena_000.jpg,
Motorola ThinkPhone review,https://www.gsmarena.com/motorola_thinkphone-review-2538.php,https://fdn.gsmarena.com/imgroot/reviews/23/motorola-thinkphone/-347x151/gsmarena_000.jpg,
Honor Magic Vs review,https://www.gsmarena.com/honor_magic_vs-review-2540.php,https://fdn.gsmarena.com/imgroot/reviews/23/honor-magic-vs/-347x151/gsmarena_005.jpg,
OnePlus 11R hands-on review,https://www.gsmarena.com/oneplus_11r_hands_on-review-2539.php,https://fdn.gsmarena.com/imgroot/reviews/23/oneplus-11r/-347x151/gsmarena_001.jpg,
vivo V27 Pro review,https://www.gsmarena.com/vivo_v27_pro-review-2537.php,https://fdn.gsmarena.com/imgroot/reviews/23/vivo-v27-pro/-347x151/gsmarena_003.jpg,
Realme GT3 hands-on review,https://www.gsmarena.com/realme_gt3_handson-review-2536.php,https://fdn.gsmarena.com/imgroot/reviews/23/realme-gt3-handson/-347x151/gsmarena_000.jpg,
Xiaomi 13 Lite review,https://www.gsmarena.com/xiaomi_13_lite-review-2532.php,https://fdn.gsmarena.com/imgroot/reviews/23/xiaomi-13-lite/-347x151/gsmarena_000.jpg,
Xiaomi 13 review,https://www.gsmarena.com/xiaomi_13-review-2531.php,https://fdn.gsmarena.com/imgroot/reviews/23/xiaomi-13/-347x151/gsmarena_001.jpg,
Xiaomi 13 Pro review,https://www.gsmarena.com/xiaomi_13_pro-review-2535.php,https://fdn.gsmarena.com/imgroot/reviews/23/xiaomi-13-pro/-347x151/gsmarena_004.jpg,
Samsung Galaxy A14 5G review,https://www.gsmarena.com/samsung_galaxy_a14_5g-review-2534.php,https://fdn.gsmarena.com/imgroot/reviews/23/samsung-galaxy-a14-5g/-347x151/gsmarena_002.jpg,
Xiaomi 12T Pro long-term review,https://www.gsmarena.com/xiaomi_12t_pro_long_term-review-2533.php,https://fdn.gsmarena.com/imgroot/reviews/23/xiaomi-12t-pro-long-term/-347x151/gsmarena_001.jpg,
Honor Magic5 Lite/Honor x9a review,https://www.gsmarena.com/honor_magic5_lite_x9a-review-2529.php,https://fdn.gsmarena.com/imgroot/reviews/23/honor-magic5-lite/-347x151/gsmarena_000.jpg,
vivo X90 Pro review,https://www.gsmarena.com/vivo_x90_pro-review-2530.php,https://fdn.gsmarena.com/imgroot/reviews/23/vivo-x90-pro/-347x151/gsmarena_001.jpg,
Oppo Find N2 Flip review,https://www.gsmarena.com/oppo_find_n2_flip-review-2528.php,https://fdn.gsmarena.com/imgroot/reviews/23/oppo-find-n2-flip/-347x151/gsmarena_001.jpg,
Samsung Galaxy S23 Ultra review,https://www.gsmarena.com/samsung_galaxy_s23_ultra-review-2526.php,https://fdn.gsmarena.com/imgroot/reviews/23/samsung-galaxy-s23-ultra/-347x151/gsmarena_003.jpg,
Samsung Galaxy S23+ review,https://www.gsmarena.com/samsung_galaxy_s23_plus-review-2527.php,https://fdn.gsmarena.com/imgroot/reviews/23/samsung-galaxy-s23-plus/-347x151/gsmarena_001.jpg,
Samsung Galaxy S23 review,https://www.gsmarena.com/samsung_galaxy_s23-review-2525.php,https://fdn.gsmarena.com/imgroot/reviews/23/samsung-galaxy-s23/-347x151/gsmarena_001.jpg,
OnePlus 11 review,https://www.gsmarena.com/oneplus_11-review-2524.php,https://fdn.gsmarena.com/imgroot/reviews/23/oneplus-11/-347x151/gsmarena_000.jpg,
Poco X5 Pro review,https://www.gsmarena.com/poco_x5_pro-review-2521.php,https://fdn.gsmarena.com/imgroot/reviews/23/poco-x5-pro/-347x151/gsmarena_002.jpg,
Poco X5 review,https://www.gsmarena.com/poco_x5-review-2522.php,https://fdn.gsmarena.com/imgroot/reviews/23/poco-x5/f6/-347x151/gsmarena_002.jpg,
"Samsung Galaxy S23 Ultra, S23+, and S23 hands-on review",https://www.gsmarena.com/samsung_galaxy_s23_ultra_s23_plus_s23-review-2523.php,https://fdn.gsmarena.com/imgroot/reviews/23/samsung-galaxy-s23-series-hands-on/-347x151/gsmarena_00.jpg,
RedMagic 8 Pro review,https://www.gsmarena.com/nubia_red_magic_8_pro-review-2520.php,https://fdn.gsmarena.com/imgroot/reviews/23/zte-nubia-red-magic-8-pro/-347x151/gsmarena_004.jpg,
Asus Zenfone 9 long-term review,https://www.gsmarena.com/asus_zenfone_9_long_term-review-2519.php,https://fdn.gsmarena.com/imgroot/reviews/23/asus-zenfone-9-long-term/-347x151/gsmarena_001.jpg,
Lenovo Tab P11 Pro Gen 2 hands-on review,https://www.gsmarena.com/lenovo_tab_p11_pro_gen2-review-2518.php,https://fdn.gsmarena.com/imgroot/reviews/23/lenovo-tab-p11-pro-gen2/-347x151/gsmarena_005.jpg,
Motorola Moto G72 review,https://www.gsmarena.com/motorola_moto_g72-review-2517.php,https://fdn.gsmarena.com/imgroot/reviews/22/motorola-moto-g72/-347x151/gsmarena_001.jpg,
Oppo Find N2 review,https://www.gsmarena.com/oppo_find_n2-review-2515.php,https://fdn.gsmarena.com/imgroot/reviews/22/oppo-find-n2/-347x151/gsmarena_001.jpg,
Samsung Galaxy A23 5G review,https://www.gsmarena.com/samsung_galaxy_a23_5g-review-2504.php,https://fdn.gsmarena.com/imgroot/reviews/22/samsung-galaxy-a23-5g/-347x151/gsmarena_001.jpg,
Poco F4 long-term review,https://www.gsmarena.com/poco_f4_long_term-review-2516.php,https://fdn.gsmarena.com/imgroot/reviews/22/poco-f4-long-term/-347x151/gsmarena_001.jpg,
Tecno Phantom X2 review,https://www.gsmarena.com/tecno_phantom_x2-review-2514.php,https://fdn.gsmarena.com/imgroot/reviews/22/tecno-phantom-x2/-347x151/gsmarena_001.jpg,
Realme 10 Pro review,https://www.gsmarena.com/realme_10_pro-review-2513.php,https://fdn.gsmarena.com/imgroot/reviews/22/realme-10-pro/-347x151/gsmarena_000.jpg,
iQOO 11 review,https://www.gsmarena.com/iqoo_11-review-2512.php,https://fdn.gsmarena.com/imgroot/reviews/22/iqoo-11/-347x151/gsmarena_002.jpg,
Realme 10 Pro+ review,https://www.gsmarena.com/realme_10_pro_plus-review-2511.php,https://fdn.gsmarena.com/imgroot/reviews/22/realme-10-pro-plus/-347x151/gsmarena_005.jpg,
Tecno Phantom X2 Pro review,https://www.gsmarena.com/tecno_phantom_x2_pro-review-2510.php,https://fdn.gsmarena.com/imgroot/reviews/22/tecno-phantom-x2-pro/-347x151/gsmarena_001.jpg,
Moto G82 review,https://www.gsmarena.com/motorola_moto_g82-review-2508.php,https://fdn.gsmarena.com/imgroot/reviews/22/motorola-moto-g82/-347x151/gsmarena_000.jpg,
Honor Magic Vs hands-on review,https://www.gsmarena.com/honor_magic_vs_hands_on-review-2509.php,https://fdn.gsmarena.com/imgroot/reviews/22/honor-magic-vs/-347x151/gsmarena_002.jpg,
Nokia X30 review,https://www.gsmarena.com/nokia_x30-review-2507.php,https://fdn.gsmarena.com/imgroot/reviews/22/nokia-x30/-347x151/gsmarena_002.jpg,
Samsung Galaxy S22 Ultra long-term review,https://www.gsmarena.com/samsung_galaxy_s22_ultra_long_term-review-2506.php,https://fdn.gsmarena.com/imgroot/reviews/22/samsung-galaxy-s22-ultra/ltr/-347x151/gsmarena_001.jpg,
OnePlus Nord N300 review,https://www.gsmarena.com/oneplus_nord_n300-review-2505.php,https://fdn.gsmarena.com/imgroot/reviews/22/oneplus-nord-n300/-347x151/gsmarena_000.jpg,
Poco M5 review,https://www.gsmarena.com/xiaomi_poco_m5-review-2503.php,https://fdn.gsmarena.com/imgroot/reviews/22/xiaomi-poco-m5/-347x151/gsmarena_000.jpg,
Huawei MatePad Pro 11 (2022) review,https://www.gsmarena.com/huawei_matepad_pro_11_2022-review-2502.php,https://fdn.gsmarena.com/imgroot/reviews/22/huawei-matepad-pro-11-2022/-347x151/gsmarena_001.jpg,
Poco F4 GT long-term review,https://www.gsmarena.com/poco_f4_gt_long_term-review-2501.php,https://fdn.gsmarena.com/imgroot/reviews/22/poco-f4-gt-long-term/-347x151/gsmarena_001.jpg,
Realme 10 review,https://www.gsmarena.com/realme_10-review-2500.php,https://fdn.gsmarena.com/imgroot/reviews/22/realme-10/-347x151/gsmarena_002.jpg,
Samsung Galaxy A04s review,https://www.gsmarena.com/samsung_galaxy_a04s-review-2499.php,https://fdn.gsmarena.com/imgroot/reviews/22/samsung-galaxy-a04s/-347x151/gsmarena_000.jpg,
Motorola Razr 2022 review,https://www.gsmarena.com/motorola_razr_2022-review-2498.php,https://fdn.gsmarena.com/imgroot/reviews/22/motorola-razr-2022/-347x151/gsmarena_001.jpg,
Huawei Mate 50 Pro review,https://www.gsmarena.com/huawei_mate_50_pro-review-2497.php,https://fdn.gsmarena.com/imgroot/reviews/22/huawei-mate-50-pro/-347x151/gsmarena_001.jpg,
vivo V25/X80 Lite review,https://www.gsmarena.com/vivo_v25-review-2496.php,https://fdn.gsmarena.com/imgroot/reviews/22/vivo-v25/-347x151/gsmarena_001.jpg,
Google Pixel 7 review,https://www.gsmarena.com/google_pixel_7-review-2495.php,https://fdn.gsmarena.com/imgroot/reviews/22/google-pixel-7/-347x151/gsmarena_000.jpg,
Google Pixel 7 Pro review,https://www.gsmarena.com/google_pixel_7_pro-review-2494.php,https://fdn.gsmarena.com/imgroot/reviews/22/google-pixel-7-pro/-347x151/gsmarena_004.jpg,
Oppo Pad Air review,https://www.gsmarena.com/oppo_pad_air-review-2489.php,https://fdn.gsmarena.com/imgroot/reviews/22/oppo-pad-air/-347x151/gsmarena_00.jpg,
Realme Pad X review,https://www.gsmarena.com/realme_pad_x-review-2488.php,https://fdn.gsmarena.com/imgroot/reviews/22/realme-pad-x/-347x151/gsmarena_001.jpg,
Xiaomi Redmi Pad review,https://www.gsmarena.com/xiaomi_redmi_pad-review-2487.php,https://fdn.gsmarena.com/imgroot/reviews/22/xiaomi-redmi-pad/-347x151/gsmarena_003.jpg,
Honor Pad 8 review,https://www.gsmarena.com/honor_pad_8-review-2490.php,https://fdn.gsmarena.com/imgroot/reviews/22/honor-pad-8/-347x151/gsmarena_001.jpg,
Huawei nova 10 Pro review,https://www.gsmarena.com/huawei_nova_10_pro-review-2491.php,https://fdn.gsmarena.com/imgroot/reviews/22/huawei-nova-10-pro/-347x151/gsmarena_005.jpg,
Apple iPhone 14 Plus review,https://www.gsmarena.com/apple_iphone_14_plus-review-2493.php,https://fdn.gsmarena.com/imgroot/reviews/22/apple-iphone-14-plus/-347x151/gsmarena_001.jpg,
Google Pixel 7 and 7 Pro hands-on review,https://www.gsmarena.com/pixel_7_and_7_pro-review-2492.php,https://fdn.gsmarena.com/imgroot/reviews/22/pixel-7-and-7-pro/-347x151/gsmarena_001.jpg,
Poco M5s review,https://www.gsmarena.com/poco_m5s-review-2478.php,https://fdn.gsmarena.com/imgroot/reviews/22/poco-m5s/-347x151/gsmarena_003.jpg,
Motorola Edge 30 Neo review,https://www.gsmarena.com/motorola_edge_30_neo-review-2486.php,https://fdn.gsmarena.com/imgroot/reviews/22/motorola-edge-30-neo/-347x151/gsmarena_000.jpg,
Xiaomi 12T Pro review,https://www.gsmarena.com/xiaomi_12t_pro-review-2484.php,https://fdn.gsmarena.com/imgroot/reviews/22/xiaomi-12t-pro/-347x151/gsmarena_004.jpg,
Xiaomi 12T review,https://www.gsmarena.com/xiaomi_12t-review-2485.php,https://fdn.gsmarena.com/imgroot/reviews/22/xiaomi-12t/-347x151/gsmarena_002.jpg,
Samsung Galaxy Watch5 and Watch5 Pro review,https://www.gsmarena.com/samsung_galaxy_watch5-review-2474.php,https://fdn.gsmarena.com/imgroot/reviews/22/samsung-galaxy-watch5-series/-347x151/gsmarena_0000.jpg,
Xiaomi 12 Pro long-term review,https://www.gsmarena.com/xiaomi_12_pro_long_term-review-2483.php,https://fdn.gsmarena.com/imgroot/reviews/22/xiaomi-12-pro-long-term/-347x151/gsmarena_001.jpg,
Apple iPhone 14 Pro Max review,https://www.gsmarena.com/apple_iphone_14_pro_max-review-2482.php,https://fdn.gsmarena.com/imgroot/reviews/22/apple-iphone-14-pro-max/-347x151/gsmarena_002.jpg,
Apple iPhone 14 review,https://www.gsmarena.com/apple_iphone_14-review-2481.php,https://fdn.gsmarena.com/imgroot/reviews/22/apple-iphone-14/-347x151/gsmarena_002.jpg,
Apple iPhone 14 Pro review,https://www.gsmarena.com/apple_iphone_14_pro-review-2480.php,https://fdn.gsmarena.com/imgroot/reviews/22/apple-iphone-14-pro/-347x151/gsmarena_004.jpg,
iQOO 9T review,https://www.gsmarena.com/iqoo_9t-review-2479.php,https://fdn.gsmarena.com/imgroot/reviews/22/iqoo-9t/-347x151/gsmarena_000.jpg,
ASUS ROG Phone 6D Ultimate review,https://www.gsmarena.com/asus_rog_phone_6d_ultimate-review-2477.php,https://fdn.gsmarena.com/imgroot/reviews/22/asus-rog-phone-6d-ultimate/-347x151/gsmarena_001.jpg,
Motorola Edge 30 Ultra review,https://www.gsmarena.com/motorola_edge_30_ultra-review-2476.php,https://fdn.gsmarena.com/imgroot/reviews/22/motorola-edge-30-ultra/review/-347x151/gsmarena_001.jpg,
Xiaomi Mix Fold 2 review,https://www.gsmarena.com/xiaomi_mix_fold_2-review-2475.php,https://fdn.gsmarena.com/imgroot/reviews/22/xiaomi-mix-fold-2/-347x151/gsmarena_002.jpg,
Motorola Edge 30 Fusion review,https://www.gsmarena.com/motorola_edge_30_fusion-review-2472.php,https://fdn.gsmarena.com/imgroot/reviews/22/motorola-edge-30-fusion/-347x151/gsmarena_001.jpg,
Motorola Edge 30 Ultra hands-on review,https://www.gsmarena.com/motorola_edge_30_ultra_hands_on-review-2473.php,https://fdn.gsmarena.com/imgroot/reviews/22/motorola-edge-30-ultra/hands-on/-347x151/gsmarena_002.jpg,
Honor 70 review,https://www.gsmarena.com/honor_70-review-2470.php,https://fdn.gsmarena.com/imgroot/reviews/22/honor-70/-347x151/gsmarena_001.jpg,
Sony Xperia 5 IV review,https://www.gsmarena.com/sony_xperia_5_iv-review-2471.php,https://fdn.gsmarena.com/imgroot/reviews/22/sony-xperia-5-iv/-347x151/gsmarena_003.jpg,
vivo V25 Pro review,https://www.gsmarena.com/vivo_v25_pro-review-2469.php,https://fdn.gsmarena.com/imgroot/reviews/22/vivo-v25-pro/-347x151/gsmarena_001.jpg,
Samsung Galaxy Z Fold4 review,https://www.gsmarena.com/samsung_galaxy_z_fold4-review-2468.php,https://fdn.gsmarena.com/imgroot/reviews/22/samsung-galaxy-z-fold4/-347x151/gsmarena_001.jpg,
Samsung Galaxy Z Flip4 review,https://www.gsmarena.com/samsung_galaxy_z_flip4-review-2467.php,https://fdn.gsmarena.com/imgroot/reviews/22/samsung-galaxy-z-flip4/-347x151/gsmarena_001.jpg,
OnePlus 10 Pro long-term review,https://www.gsmarena.com/oneplus_10_pro_long_term-review-2466.php,https://fdn.gsmarena.com/imgroot/reviews/22/oneplus-10-pro-long-term/thumb/-347x151/gsmarena_001.jpg,
OnePlus 10T review,https://www.gsmarena.com/oneplus_10t-review-2465.php,https://fdn.gsmarena.com/imgroot/reviews/22/oneplus-10t/review/-347x151/gsmarena_002.jpg,
Poco M4 5G review,https://www.gsmarena.com/xiaomi_poco_m4_5g-review-2464.php,https://fdn.gsmarena.com/imgroot/reviews/22/xiaomi-poco-m4-5g/-347x151/gsmarena_001.jpg,
Motorola Moto G62 review,https://www.gsmarena.com/motorola_moto_g62-review-2463.php,https://fdn.gsmarena.com/imgroot/reviews/22/motorola-moto-g62/-347x151/gsmarena_000.jpg,
Samsung Galaxy Z Fold4 and Z Flip4 hands-on review,https://www.gsmarena.com/samsung_galaxy_z_fold4_z_flip4_hands_on-review-2462.php,https://fdn.gsmarena.com/imgroot/reviews/22/samsung-galaxy-z-fold4-z-flip4-hands-on/-347x151/gsmarena_000.jpg,
OnePlus Nord 2T review,https://www.gsmarena.com/oneplus_nord_2t-review-2461.php,https://fdn.gsmarena.com/imgroot/reviews/22/oneplus-nord-2t/-347x151/gsmarena_001.jpg,
Google Pixel 6a review,https://www.gsmarena.com/google_pixel_6a-review-2460.php,https://fdn.gsmarena.com/imgroot/reviews/22/google-pixel-6a/-347x151/gsmarena_000.jpg,
Huawei Mate Xs 2 review,https://www.gsmarena.com/huawei_mate_xs_2-review-2459.php,https://fdn.gsmarena.com/imgroot/reviews/22/huawei-mate-xs-2/-347x151/gsmarena_002.jpg,
OnePlus 10T hands-on review,https://www.gsmarena.com/oneplus_10t-review-2458.php,https://fdn.gsmarena.com/imgroot/reviews/22/oneplus-10t/-347x151/thumb.jpg,
Realme GT2 Explorer Master review,https://www.gsmarena.com/realme_gt2_explorer_master-review-2457.php,https://fdn.gsmarena.com/imgroot/reviews/22/realme-gt2-explorer-master/-347x151/gsmarena_000.jpg,
Tecno Camon 19 Pro review,https://www.gsmarena.com/tecno_camon_19_pro-review-2456.php,https://fdn.gsmarena.com/imgroot/reviews/22/tecno-camon-19-pro/-347x151/gsmarena_001.jpg,
Asus Zenfone 9 review,https://www.gsmarena.com/asus_zenfone_9-review-2455.php,https://fdn.gsmarena.com/imgroot/reviews/22/asus-zenfone-9/-347x151/gsmarena_003.jpg,
RedMagic 7S Pro review,https://www.gsmarena.com/nubia_red_magic_7s_pro-review-2454.php,https://fdn.gsmarena.com/imgroot/reviews/22/nubia-red-magic-7s-pro/-347x151/gsmarena_000.jpg,
Nothing Phone (1) review,https://www.gsmarena.com/nothing_phone_1-review-2453.php,https://fdn.gsmarena.com/imgroot/reviews/22/nothing-phone-1/-347x151/gsmarena_003.jpg,
Oppo Reno8 review,https://www.gsmarena.com/oppo_reno8-review-2452.php,https://fdn.gsmarena.com/imgroot/reviews/22/oppo-reno8/-347x151/gsmarena_000.jpg,
Oppo Reno8 Pro review,https://www.gsmarena.com/oppo_reno8_pro-review-2451.php,https://fdn.gsmarena.com/imgroot/reviews/22/oppo-reno8-pro/-347x151/gsmarena_001.jpg,
Xiaomi 12S Ultra review,https://www.gsmarena.com/xiaomi_12s_ultra-review-2450.php,https://fdn.gsmarena.com/imgroot/reviews/22/xiaomi-12s-ultra/-347x151/gsmarena_003.jpg,
Oppo Reno7/F21 Pro review,https://www.gsmarena.com/oppo_reno7_f21_pro-review-2449.php,https://fdn.gsmarena.com/imgroot/reviews/22/oppo-reno7/-347x151/gsmarena_003.jpg,
Realme 9 review,https://www.gsmarena.com/realme_9-review-2448.php,https://fdn.gsmarena.com/imgroot/reviews/22/realme-9/-347x151/gsmarena_000.jpg,
Xiaomi 12 Lite review,https://www.gsmarena.com/xiaomi_12_lite-review-2437.php,https://fdn.gsmarena.com/imgroot/reviews/22/xiaomi-12-lite/-347x151/gsmarena_000.jpg,
Poco X4 GT review,https://www.gsmarena.com/poco_x4_gt-review-2447.php,https://fdn.gsmarena.com/imgroot/reviews/22/poco-x4-gt/-347x151/gsmarena_000.jpg,
Asus ROG Phone 6 Pro review,https://www.gsmarena.com/asus_rog_phone_6_pro-review-2446.php,https://fdn.gsmarena.com/imgroot/reviews/22/asus-rog-phone-6-pro/-347x151/gsmarena_001.jpg,
Realme 9 5G Speed edition hands-on review,https://www.gsmarena.com/realme_9_5g_speed_hands_on-review-2438.php,https://fdn.gsmarena.com/imgroot/reviews/22/realme-9-5g-speed-hands-on/-347x151/gsmarena_001.jpg,
OnePlus Nord 2T 5G hands-on review,https://www.gsmarena.com/oneplus_nord_2t_5g-review-2445.php,https://fdn.gsmarena.com/imgroot/reviews/22/oneplus-nord-2t-5g/-347x151/gsmarena_001.jpg,
Samsung Galaxy M53 review,https://www.gsmarena.com/samsung_galaxy_m53-review-2444.php,https://fdn.gsmarena.com/imgroot/reviews/22/samsung-galaxy-m53/-347x151/gsmarena_001.jpg,
Poco F4 review,https://www.gsmarena.com/poco_f4-review-2443.php,https://fdn.gsmarena.com/imgroot/reviews/22/poco-f4/-347x151/gsmarena_001.jpg,
Samsung Galaxy A52s long-term review,https://www.gsmarena.com/samsung_galaxy_s52s_long_term-review-2442.php,https://fdn.gsmarena.com/imgroot/reviews/22/samsung-galaxy-a52s-long-term/-347x151/gsmarena_001.jpg,
Which cameraphone is king of natural bokeh?,https://www.gsmarena.com/cameraphone_king_natural_bokeh-review-2441.php,https://fdn.gsmarena.com/imgroot/reviews/22/bokeh-experiments/-347x151/gsmarena_003.jpg,
Realme 9 5G (India) hands-on review,https://www.gsmarena.com/realme_9_5g_india_hands_on-review-2440.php,https://fdn.gsmarena.com/imgroot/reviews/22/realme-9-5g-india-hands-on/-347x151/gsmarena_001.jpg,
Samsung Galaxy Z Fold3 long-term review,https://www.gsmarena.com/samsung_galaxy_z_fold3_long_term-review-2439.php,https://fdn.gsmarena.com/imgroot/reviews/22/samsung-galaxy-z-fold3-long-term/-347x151/gsmarena_001.jpg,
iQOO Neo 6 review,https://www.gsmarena.com/iqoo_neo_6-review-2436.php,https://fdn.gsmarena.com/imgroot/reviews/22/iqoo-neo-6/-347x151/gsmarena_001.jpg,
Oppo Reno7 Lite 5G/ F21 Pro 5G review,https://www.gsmarena.com/oppo_reno7_lite_5g_reno7_z_5g_f21_pro_5g-review-2435.php,https://fdn.gsmarena.com/imgroot/reviews/22/oppo-reno7-lite-5g/-347x151/gsmarena_001.jpg,
ZTE Axon 40 Ultra review,https://www.gsmarena.com/zte_axon_40_ultra-review-2434.php,https://fdn.gsmarena.com/imgroot/reviews/22/zte-axon-40-ultra/-347x151/gsmarena_001.jpg,
Black Shark 5 Pro review,https://www.gsmarena.com/black_shark_5_pro-review-2433.php,https://fdn.gsmarena.com/imgroot/reviews/22/xiaomi-black-shark-5-pro/-347x151/gsmarena_001.jpg,
Realme GT Neo 3T review,https://www.gsmarena.com/realme_gt_neo_3t-review-2432.php,https://fdn.gsmarena.com/imgroot/reviews/22/realme-gt-neo-3t/-347x151/gsmarena_000.jpg,
Oppo Reno7 5G/Find X5 Lite review,https://www.gsmarena.com/oppo_reno7_5g_find_x5_lite-review-2431.php,https://fdn.gsmarena.com/imgroot/reviews/22/oppo-reno7-5g/-347x151/gsmarena_002.jpg,
Xiaomi Redmi Note 11S 5G review,https://www.gsmarena.com/xiaomi_redmi_note_11s_5g-review-2430.php,https://fdn.gsmarena.com/imgroot/reviews/22/xiaomi-redmi-note-11s-5g/-347x151/gsmarena_001.jpg,
Realme GT Neo3 150W review,https://www.gsmarena.com/realme_gt_neo3-review-2429.php,https://fdn.gsmarena.com/imgroot/reviews/22/realme-gt-neo3/-347x151/gsmarena_000.jpg,
Blackview BV8800 review,https://www.gsmarena.com/blackview_bv8800-review-2428.php,https://fdn.gsmarena.com/imgroot/reviews/22/blackview-bv8800/-347x151/gsmarena_001.jpg,
vivo X80 Pro review,https://www.gsmarena.com/vivo_x80_pro-review-2427.php,https://fdn.gsmarena.com/imgroot/reviews/22/vivo-x80-pro/-347x151/gsmarena_001.jpg,
Honor Magic4 Pro review,https://www.gsmarena.com/honor_magic4_pro-review-2425.php,https://fdn.gsmarena.com/imgroot/reviews/22/honor-magic4-pro/-347x151/gsmarena_000.jpg,
Testing the brand new Snapdragon 8+ Gen 1,https://www.gsmarena.com/testing_the_snapdragon_8_gen_1_plus-review-2426.php,https://fdn.gsmarena.com/imgroot/reviews/22/snapdragon-8-gen-1-plus-test/-347x151/gsmarena_002.jpg,
OnePlus Nord N20 5G,https://www.gsmarena.com/oneplus_nord_n20_5g-review-2422.php,https://fdn.gsmarena.com/imgroot/reviews/22/oneplus-nord-n20-5g/-347x151/gsmarena_002.jpg,
Samsung Galaxy A33 5G review,https://www.gsmarena.com/samsung_galaxy_a33_5g-review-2424.php,https://fdn.gsmarena.com/imgroot/reviews/22/samsung-galaxy-a33-5g/-347x151/gsmarena_011.jpg,
OnePlus Nord CE 2 Lite 5G hands-on review,https://www.gsmarena.com/oneplus_nord_ce_2_lite_5g-review-2423.php,https://fdn.gsmarena.com/imgroot/reviews/22/oneplus-nord-ce-2-lite-5g/-347x151/gsmarena_001.jpg,
Samsung Galaxy A23 review,https://www.gsmarena.com/samsung_galaxy_a23-review-2420.php,https://fdn.gsmarena.com/imgroot/reviews/22/samsung-galaxy-a23/-347x151/gsmarena_000.jpg,
Sony Xperia 10 IV review,https://www.gsmarena.com/sony_xperia_10_iv-review-2421.php,https://fdn.gsmarena.com/imgroot/reviews/22/sony-xperia-10-iv/-347x151/gsmarena_001.jpg,
Sony Xperia 1 IV review,https://www.gsmarena.com/sony_xperia_1_iv-review-2419.php,https://fdn.gsmarena.com/imgroot/reviews/22/sony-xperia-1-iv/-347x151/gsmarena_001.jpg,
Samsung Galaxy Z Flip3 long-term review,https://www.gsmarena.com/samsung_galaxy_z_flip3_long_term-review-2418.php,https://fdn.gsmarena.com/imgroot/reviews/22/samsung-galaxy-flip3-long-term/-347x151/gsmarena_001.jpg,
OnePlus 10R 150W hands-on review,https://www.gsmarena.com/oneplus_10r_hands_on-review-2417.php,https://fdn.gsmarena.com/imgroot/reviews/22/oneplus-10r/-347x151/gsmarena_001.jpg,
Oppo Find N long-term review,https://www.gsmarena.com/oppo_find_n_long_term-review-2414.php,https://fdn.gsmarena.com/imgroot/reviews/22/oppo-find-n-long-term/-347x151/gsmarena_001.jpg,
Honor Magic4 Lite review,https://www.gsmarena.com/honor_magic4_lite-review-2413.php,https://fdn.gsmarena.com/imgroot/reviews/22/honor-magic4-lite/-347x151/gsmarena_000.jpg,
iQOO 9 review,https://www.gsmarena.com/iqoo_9-review-2412.php,https://fdn.gsmarena.com/imgroot/reviews/22/iqoo-9/-347x151/gsmarena_002.jpg,
Poco F4 GT review,https://www.gsmarena.com/poco_f4_gt-review-2411.php,https://fdn.gsmarena.com/imgroot/reviews/22/poco-f4-gt/rev/-347x151/gsmarena_002.jpg,
iQOO 9 SE review,https://www.gsmarena.com/iqoo_9_se-review-2410.php,https://fdn.gsmarena.com/imgroot/reviews/22/iqoo-9-se/-347x151/gsmarena_001.jpg,
RedMagic 7 Pro review,https://www.gsmarena.com/zte_nubia_red_magic_7_pro-review-2409.php,https://fdn.gsmarena.com/imgroot/reviews/22/zte-nubia-red-magic-7-pro/-347x151/gsmarena_000.jpg,
Xiaomi Redmi Note 11S review,https://www.gsmarena.com/xiaomi_redmi_note_11s-review-2408.php,https://fdn.gsmarena.com/imgroot/reviews/22/xiaomi-redmi-note-11s/-347x151/gsmarena_001.jpg,
Oppo Find X5 Pro review,https://www.gsmarena.com/oppo_find_x5_pro-review-2407.php,https://fdn.gsmarena.com/imgroot/reviews/22/oppo-find-x5-pro/review/-347x151/gsmarena_022.jpg,
Samsung Galaxy A53 5G review,https://www.gsmarena.com/samsung_galaxy_a53_5g-review-2406.php,https://fdn.gsmarena.com/imgroot/reviews/22/samsung-galaxy-a53-5g/-347x151/gsmarena_001.jpg,
Oppo Find X5 review,https://www.gsmarena.com/oppo_find_x5-review-2404.php,https://fdn.gsmarena.com/imgroot/reviews/22/oppo-find-x5/-347x151/gsmarena_000.jpg,
Samsung Galaxy A13 review,https://www.gsmarena.com/samsung_galaxy_a13-review-2403.php,https://fdn.gsmarena.com/imgroot/reviews/22/samsung-galaxy-a13/-347x151/gsmarena_001.jpg,
Apple iPhone SE (2022) review,https://www.gsmarena.com/apple_iphone_se_2022-review-2405.php,https://fdn.gsmarena.com/imgroot/reviews/22/apple-iphone-se-2022/-347x151/gsmarena_001.jpg,
Motorola Edge 30 Pro review,https://www.gsmarena.com/motorola_edge_30_pro-review-2402.php,https://fdn.gsmarena.com/imgroot/reviews/22/motorola-edge-30-pro/-347x151/gsmarena_001.jpg,
Poco M4 Pro review,https://www.gsmarena.com/poco_m4_pro-review-2397.php,https://fdn.gsmarena.com/imgroot/reviews/22/poco-m4-pro/-347x151/gsmarena_003.jpg,
OnePlus 10 Pro review,https://www.gsmarena.com/oneplus_10_pro_review-review-2401.php,https://fdn.gsmarena.com/imgroot/reviews/22/oneplus-10-pro/-347x151/gsmarena_001.jpg,
Xiaomi 11i HyperCharge / Redmi Note 11 Pro+ 5G review,https://www.gsmarena.com/xiaomi_redmi_note_11_pro_plus_5g-review-2400.php,https://fdn.gsmarena.com/imgroot/reviews/22/xiaomi-redmi-note-11-pro-plus-5g/-347x151/gsmarena_001.jpg,
Realme GT2 review,https://www.gsmarena.com/realme_gt2-review-2399.php,https://fdn.gsmarena.com/imgroot/reviews/22/realme-gt2/-347x151/gsmarena_000.jpg,
Poco X4 Pro 5G review,https://www.gsmarena.com/poco_x4_pro_5g-review-2398.php,https://fdn.gsmarena.com/imgroot/reviews/22/poco-x4-pro-5g/-347x151/gsmarena_001.jpg,
Samsung Galaxy S22 review,https://www.gsmarena.com/samsung_galaxy_s22-review-2396.php,https://fdn.gsmarena.com/imgroot/reviews/22/samsung-galaxy-s22/-347x151/gsmarena_001.jpg,
Xiaomi 12X review,https://www.gsmarena.com/xiaomi_12x-review-2395.php,https://fdn.gsmarena.com/imgroot/reviews/22/xiaomi-12x/-347x151/gsmarena_001.jpg,
Xiaomi Redmi Note 11 review,https://www.gsmarena.com/xiaomi_redmi_note_11-review-2394.php,https://fdn.gsmarena.com/imgroot/reviews/22/xiaomi-redmi-note-11/-347x151/gsmarena_001.jpg,
Xiaomi 12 review,https://www.gsmarena.com/xiaomi_12-review-2393.php,https://fdn.gsmarena.com/imgroot/reviews/22/xiaomi-12/-347x151/gsmarena_000.jpg,
Xiaomi 12 Pro review,https://www.gsmarena.com/xiaomi_12_pro-review-2392.php,https://fdn.gsmarena.com/imgroot/reviews/22/xiaomi-12-pro/-347x151/gsmarena_001.jpg,
Xiaomi Redmi Note 11 Pro review,https://www.gsmarena.com/xiaomi_redmi_note_11_pro-review-2391.php,https://fdn.gsmarena.com/imgroot/reviews/22/xiaomi-redmi-note-11-pro/-347x151/gsmarena_001.jpg,
Nokia G21 review,https://www.gsmarena.com/nokia_g21-review-2389.php,https://fdn.gsmarena.com/imgroot/reviews/22/nokia-g21/-347x151/gsmarena_002.jpg,
Xiaomi Redmi Note 11 Pro/Pro+ 5G review,https://www.gsmarena.com/xiaomi_redmi_note_11_pro_5g-review-2390.php,https://fdn.gsmarena.com/imgroot/reviews/22/xiaomi-redmi-note-11-pro-5g/-347x151/gsmarena_001.jpg,
Realme 9i hands-on review,https://www.gsmarena.com/realme_9i_hands_on-review-2386.php,https://fdn.gsmarena.com/imgroot/reviews/22/realme-9i/-347x151/gsmarena_000.jpg,
Realme GT2 Pro review,https://www.gsmarena.com/realme_gt2_pro-review-2388.php,https://fdn.gsmarena.com/imgroot/reviews/22/realme-gt2-pro/-347x151/gsmarena_000.jpg,
Honor Magic4 Pro and Magic V hands-on review,https://www.gsmarena.com/honor_magic4_pro_and_magic_v_hands_on-review-2387.php,https://fdn.gsmarena.com/imgroot/reviews/22/honor-magic4pro-magicv-hands-on/-347x151/gsmarena_000.jpg,
RedMagic 7 review,https://www.gsmarena.com/nubia_red_magic_7-review-2384.php,https://fdn.gsmarena.com/imgroot/reviews/22/zte-nubia-red-magic-7/-347x151/gsmarena_001.jpg,
Samsung Galaxy S22 Ultra review,https://www.gsmarena.com/samsung_galaxy_s22_ultra-review-2382.php,https://fdn.gsmarena.com/imgroot/reviews/22/samsung-galaxy-s22-ultra/-347x151/gsmarena_004.jpg,
Oppo Find X5 Pro hands-on review,https://www.gsmarena.com/oppo_find_x5_pro_hands_on-review-2385.php,https://fdn.gsmarena.com/imgroot/reviews/22/oppo-find-x5-pro/hands-on/-347x151/gsmarena_001.jpg,
iQOO 9 Pro review,https://www.gsmarena.com/iqoo_9_pro-review-2383.php,https://fdn.gsmarena.com/imgroot/reviews/22/iqoo-9-pro/-347x151/gsmarena_001.jpg,
Samsung Galaxy S22+ review,https://www.gsmarena.com/samsung_galaxy_s22_plus-review-2381.php,https://fdn.gsmarena.com/imgroot/reviews/22/samsung-galaxy-s22-plus/-347x151/gsmarena_001.jpg,
Realme 9 Pro+ review,https://www.gsmarena.com/realme_9_pro_plus-review-2380.php,https://fdn.gsmarena.com/imgroot/reviews/22/realme-9-pro-plus/-347x151/gsmarena_004.jpg,
OnePlus Nord CE 2 5G hands-on review,https://www.gsmarena.com/oneplus_nord_ce_2_5g_hands_on-review-2379.php,https://fdn.gsmarena.com/imgroot/reviews/22/oneplus-nord-ce-2-5g/hands-on/-347x151/gsmarena_001.jpg,
Realme 9 Pro review,https://www.gsmarena.com/realme_9_pro-review-2378.php,https://fdn.gsmarena.com/imgroot/reviews/22/realme-9-pro/-347x151/gsmarena_000.jpg,
Infinix Zero 5G review,https://www.gsmarena.com/infinix_zero_5g-review-2377.php,https://fdn.gsmarena.com/imgroot/reviews/22/infinix-zero-5g/-347x151/gsmarena_001.jpg,
Motorola Moto G200 5G review,https://www.gsmarena.com/motorola_moto_g200_5g-review-2376.php,https://fdn.gsmarena.com/imgroot/reviews/22/motorola-moto-g200-5g/-347x151/gsmarena_002.jpg,
"Samsung Galaxy S22, S22+, and S22 Ultra hands-on review",https://www.gsmarena.com/samsung_galaxy_s22_s22+_s22_ultra_hands_on-review-2374.php,https://fdn.gsmarena.com/imgroot/reviews/22/samsung-galaxy-s22-handson/-347x151/gsmarena_003.jpg,
Motorola Moto G51 5G review,https://www.gsmarena.com/motorola_moto_g51_5g-review-2375.php,https://fdn.gsmarena.com/imgroot/reviews/22/motorola-moto-g51-5g/-347x151/gsmarena_000.jpg,
Huawei P50 Pocket review,https://www.gsmarena.com/huawei_p50_pocket-review-2373.php,https://fdn.gsmarena.com/imgroot/reviews/22/huawei-p50-pocket/-347x151/gsmarena_008.jpg,
Oppo Reno7 Pro 5G hands-on review,https://www.gsmarena.com/reno7_pro_5g-review-2372.php,https://fdn.gsmarena.com/imgroot/reviews/22/oppo-reno7-pro-5g-hands-on/-347x151/gsmarena_0000.jpg,
Huawei P50 Pro review,https://www.gsmarena.com/huawei_p50_pro-review-2371.php,https://fdn.gsmarena.com/imgroot/reviews/22/huawei-p50-pro/-347x151/gsmarena_004.jpg,
OnePlus Nord 2 long-term review,https://www.gsmarena.com/oneplus_nord_2_long_term-review-2370.php,https://fdn.gsmarena.com/imgroot/reviews/22/oneplus-nord-2-long-term/thumb/-347x151/gsmarena_001.jpg,
Huawei P50 Pro hands-on review,https://www.gsmarena.com/huawei_p50_pro_hands_on-review-2369.php,https://fdn.gsmarena.com/imgroot/reviews/22/huawei-p50-pro/hands-on/-347x151/gsmarena_003.jpg,
vivo V23 review,https://www.gsmarena.com/vivo_v23-review-2368.php,https://fdn.gsmarena.com/imgroot/reviews/22/vivo-v23/-347x151/gsmarena_001.jpg,
vivo V23 Pro review,https://www.gsmarena.com/vivo_v23_pro-review-2366.php,https://fdn.gsmarena.com/imgroot/reviews/22/vivo-v23-pro/-347x151/gsmarena_003.jpg,
Samsung Galaxy S21 FE 5G review,https://www.gsmarena.com/samsung_galaxy_s21_fe_5g-review-2365.php,https://fdn.gsmarena.com/imgroot/reviews/22/samsung-galaxy-s21-fe-5g/-347x151/gsmarena_004.jpg,
OnePlus 9RT 5G hands-on review,https://www.gsmarena.com/oneplus_9rt_5g-review-2367.php,https://fdn.gsmarena.com/imgroot/reviews/22/oneplus-9rt/preview/-347x151/thumb.jpg,
Samsung Galaxy M52 5G review,https://www.gsmarena.com/samsung_galaxy_m52_5g-review-2364.php,https://fdn.gsmarena.com/imgroot/reviews/22/samsung-galaxy-m52-5g/-347x151/gsmarena_003.jpg,
Samsung Galaxy S21 FE 5G hands-on review,https://www.gsmarena.com/samsung_galaxy_s21_fe_5g_hands_on-review-2363.php,https://fdn.gsmarena.com/imgroot/reviews/22/samsung-galaxy-s21-fe-5g/hands-on/-347x151/gsmarena_003.jpg,
"TCL at CES 2022: 30 V 5G, 30 XE 5G, Project Chicago...",https://www.gsmarena.com/tcl_ces_2022_hands_on-review-2362.php,https://fdn.gsmarena.com/imgroot/reviews/22/tcl-ces-2022-hands-on/-347x151/gsmarena_001.jpg,
Back to iOS after years of Android use,https://www.gsmarena.com/back_to_ios_iphone_13_pro_after_years_of_android-review-2361.php,https://fdn.gsmarena.com/imgroot/reviews/21/iphone-rediscovery/-347x151/gsmarena_001.jpg,
Samsung Galaxy A22 review,https://www.gsmarena.com/samsung_galaxy_a22-review-2357.php,https://fdn.gsmarena.com/imgroot/reviews/21/samsung-galaxy-a22/-347x151/gsmarena_001.jpg,
Oppo Find N review,https://www.gsmarena.com/oppo_find_n-review-2360.php,https://fdn.gsmarena.com/imgroot/reviews/21/oppo-find-n/-347x151/gsmarena_002.jpg,
Samsung Galaxy A03s review,https://www.gsmarena.com/samsung_galaxy_a03s-review-2355.php,https://fdn.gsmarena.com/imgroot/reviews/21/samsung-galaxy-a03s/-347x151/gsmarena_002.jpg,
Oppo Find N hands-on review,https://www.gsmarena.com/oppo_find_n_hands_on-review-2359.php,https://fdn.gsmarena.com/imgroot/reviews/21/oppo-find-n/hands-on/-347x151/gsmarena_001.jpg,
Best US market phones of 2023 - buyer’s guide,https://www.gsmarena.com/best_usa_market_phones-review-2358.php,https://fdn.gsmarena.com/imgroot/reviews/19/buyers-guide/thumbs/-347x151/gsmarena_024.jpg,
Poco X3 Pro long-term review,https://www.gsmarena.com/xiaomi_poco_x3_pro_long_term-review-2356.php,https://fdn.gsmarena.com/imgroot/reviews/21/poco-x3-pro-long-term/-347x151/gsmarena_001.jpg,
vivo iQOO Z5 hands-on review,https://www.gsmarena.com/vivo_iqoo_z5_handson-review-2354.php,https://fdn.gsmarena.com/imgroot/reviews/21/vivo-iqoo-z5-handson/-347x151/gsmarena_0000.jpg,
Ulefone Power Armor 13 review,https://www.gsmarena.com/ulefone_power_armor_13-review-2344.php,https://fdn.gsmarena.com/imgroot/reviews/21/ulefone-power-armor-13/-347x151/gsmarena_002.jpg,
Sony Xperia Pro-I review,https://www.gsmarena.com/sony_xperia_pro_i-review-2353.php,https://fdn.gsmarena.com/imgroot/reviews/21/sony-xperia-pro-i/review/-347x151/gsmarena_001.jpg,
Xiaomi Mi 11 Ultra long-term review,https://www.gsmarena.com/xiaomi_mi_11_ultra_long_term-review-2351.php,https://fdn.gsmarena.com/imgroot/reviews/21/xiaomi-mi-11-ultra-ltr/-347x151/gsmarena_000.jpg,
Tecno Camon 18 Premier review,https://www.gsmarena.com/tecno_camon_18_premier-review-2352.php,https://fdn.gsmarena.com/imgroot/reviews/21/tecno-camon-18-premier/-347x151/gsmarena_001.jpg,
Honor 50 review,https://www.gsmarena.com/honor_50-review-2348.php,https://fdn.gsmarena.com/imgroot/reviews/21/honor-50/-347x151/gsmarena_001.jpg,
Google Pixel 6 review,https://www.gsmarena.com/google_pixel_6-review-2350.php,https://fdn.gsmarena.com/imgroot/reviews/21/google-pixel-6/-347x151/gsmarena_002.jpg,
Poco F3 long-term review,https://www.gsmarena.com/poco_f3_long_term-review-2347.php,https://fdn.gsmarena.com/imgroot/reviews/21/poco-f3-long-term/-347x151/gsmarena_001.jpg,
Poco M4 Pro/Redmi Note 11T 5G review,https://www.gsmarena.com/poco_m4_pro_5g-review-2349.php,https://fdn.gsmarena.com/imgroot/reviews/21/poco-m4-pro-5g/-347x151/gsmarena_001.jpg,
Oppo Reno6 Pro 5G (Snapdragon) review,https://www.gsmarena.com/oppo_reno6_pro_5g_snapdragon-review-2346.php,https://fdn.gsmarena.com/imgroot/reviews/21/oppo-reno6-pro-5g-snapdragon/-347x151/gsmarena_001.jpg,
Infinix Zero X Pro review,https://www.gsmarena.com/infinix_zero_x_pro-review-2345.php,https://fdn.gsmarena.com/imgroot/reviews/21/infinix-zero-x-pro/-347x151/gsmarena_001.jpg,
Huawei nova 9 review,https://www.gsmarena.com/huawei_nova_9-review-2342.php,https://fdn.gsmarena.com/imgroot/reviews/21/huawei-nova-9/-347x151/gsmarena_000.jpg,
Google Pixel 6 Pro review,https://www.gsmarena.com/google_pixel_6_pro-review-2343.php,https://fdn.gsmarena.com/imgroot/reviews/21/google-pixel-6-pro/-347x151/gsmarena_002.jpg,
OnePlus 9 Pro long-term review,https://www.gsmarena.com/oneplus_9_pro_long_term-review-2341.php,https://fdn.gsmarena.com/imgroot/reviews/21/oneplus-9-pro-long-term/-347x151/thumb.jpg,
Sony Xperia Pro-I as a video camera,https://www.gsmarena.com/sony_xperia_pro_i_for_video-review-2340.php,https://fdn.gsmarena.com/imgroot/reviews/21/sony-xperia-pro-i/video/-347x151/gsmarena_004.jpg,
Infinix Note 11 Pro review,https://www.gsmarena.com/infinix_note_11_pro-review-2339.php,https://fdn.gsmarena.com/imgroot/reviews/21/infinix-note-11-pro/-347x151/gsmarena_001.jpg,
Sony Xperia Pro-I hands-on review,https://www.gsmarena.com/sony_xperia_pro_i_hands_on-review-2338.php,https://fdn.gsmarena.com/imgroot/reviews/21/sony-xperia-pro-i/preview/-347x151/gsmarena_004.jpg,
vivo X70 Pro+ review,https://www.gsmarena.com/vivo_x70_pro_plus-review-2336.php,https://fdn.gsmarena.com/imgroot/reviews/21/vivo-x70-pro-plus/-347x151/gsmarena_001.jpg,
Huawei nova 9 hands-on review,https://www.gsmarena.com/huawei_nova_9_hands_on-review-2337.php,https://fdn.gsmarena.com/imgroot/reviews/21/huawei-nova-9/hands-on/-347x151/gsmarena_002.jpg,
Realme GT Neo2 review,https://www.gsmarena.com/realme_gt_neo2-review-2335.php,https://fdn.gsmarena.com/imgroot/reviews/21/realme-gt-neo2/-347x151/gsmarena_000.jpg,
Realme 8s 5G review,https://www.gsmarena.com/realme_8s_5g-review-2334.php,https://fdn.gsmarena.com/imgroot/reviews/21/realme-8s-5g/-347x151/gsmarena_001.jpg,
Android 12 review,https://www.gsmarena.com/android_12-review-2327.php,https://fdn.gsmarena.com/imgroot/reviews/21/android-12/thumb/-347x151/gsmarena_001.jpg,
Apple iPhone 13 mini review,https://www.gsmarena.com/apple_iphone_13_mini-review-2333.php,https://fdn.gsmarena.com/imgroot/reviews/21/apple-iphone-13-mini/-347x151/gsmarena_002.jpg,
Apple iPhone 13 Pro review,https://www.gsmarena.com/apple_iphone_13_pro-review-2331.php,https://fdn.gsmarena.com/imgroot/reviews/21/apple-iphone-13-pro/-347x151/gsmarena_002.jpg,
vivo X70 Pro review,https://www.gsmarena.com/vivo_x70_pro-review-2332.php,https://fdn.gsmarena.com/imgroot/reviews/21/vivo-x70-pro/-347x151/gsmarena_000.jpg,
Oppo Reno6 5G review,https://www.gsmarena.com/oppo_reno6_5g-review-2330.php,https://fdn.gsmarena.com/imgroot/reviews/21/oppo-reno6-5g/-347x151/gsmarena_000.jpg,
Apple iPad mini 6th gen (2021) review,https://www.gsmarena.com/apple_ipad_mini_6_2021-review-2329.php,https://fdn.gsmarena.com/imgroot/reviews/21/apple-ipad-mini-2021/-347x151/gsmarena_001.jpg,
Xiaomi 11T review,https://www.gsmarena.com/xiaomi_11t-review-2324.php,https://fdn.gsmarena.com/imgroot/reviews/21/xiaomi-11t/-347x151/gsmarena_001.jpg,
Apple iPad 9th gen (2021) review,https://www.gsmarena.com/apple_ipad_10_2_2021-review-2328.php,https://fdn.gsmarena.com/imgroot/reviews/21/apple-ipad-10-2-2021/-347x151/gsmarena_001.jpg,
Apple iPhone 13 Pro Max review,https://www.gsmarena.com/apple_iphone_13_pro_max-review-2326.php,https://fdn.gsmarena.com/imgroot/reviews/21/apple-iphone-13-pro-max/-347x151/gsmarena_001.jpg,
Apple iPhone 13 review,https://www.gsmarena.com/apple_iphone_13-review-2325.php,https://fdn.gsmarena.com/imgroot/reviews/21/apple-iphone-13/-347x151/gsmarena_001.jpg,
Samsung Galaxy A52s 5G review,https://www.gsmarena.com/samsung_galaxy_a52s_5g-review-2323.php,https://fdn.gsmarena.com/imgroot/reviews/21/samsung-galaxy-a52s-5g/-347x151/gsmarena_001.jpg,
Realme 8i review,https://www.gsmarena.com/realme_8i-review-2319.php,https://fdn.gsmarena.com/imgroot/reviews/21/realme-8i/-347x151/gsmarena_001.jpg,
Xiaomi Redmi Note 8 2021 review,https://www.gsmarena.com/xiaomi_redmi_note_8_2021-review-2318.php,https://fdn.gsmarena.com/imgroot/reviews/21/xiaomi-redmi-note-8-2021/-347x151/gsmarena_001.jpg,
Realme Pad review,https://www.gsmarena.com/realme_pad-review-2322.php,https://fdn.gsmarena.com/imgroot/reviews/21/realme-pad/-347x151/thumb_100.jpg,
Motorola Edge 20 Pro review,https://www.gsmarena.com/motorola_edge_20_pro-review-2321.php,https://fdn.gsmarena.com/imgroot/reviews/21/motorola-edge-20-pro/-347x151/gsmarena_001.jpg,
Xiaomi 11 Lite 5G NE review,https://www.gsmarena.com/xiaomi_11_lite_5g_ne-review-2320.php,https://fdn.gsmarena.com/imgroot/reviews/21/xiaomi-11-lite-5g-ne/-347x151/gsmarena_000.jpg,
ZTE Axon 30 5G review,https://www.gsmarena.com/zte_axon_30_5g-review-2313.php,https://fdn.gsmarena.com/imgroot/reviews/21/zte-axon-30-5g/-347x151/gsmarena_000.jpg,
Xiaomi Pad 5 review,https://www.gsmarena.com/xiaomi_pad_5-review-2317.php,https://fdn.gsmarena.com/imgroot/reviews/21/xiaomi-pad-5/-347x151/gsmarena_003.jpg,
Xiaomi 11T Pro review,https://www.gsmarena.com/xiaomi_11t_pro-review-2316.php,https://fdn.gsmarena.com/imgroot/reviews/21/xiaomi-11t-pro-2/-347x151/gsmarena_001.jpg,
vivo iQOO Z3 5G hands-on review,https://www.gsmarena.com/vivo_iqoo_z3_5g_handson-review-2315.php,https://fdn.gsmarena.com/imgroot/reviews/21/vivo-iqoo-z3-5g-handson/-347x151/gsmarena_000.jpg,
Realme GT Explorer Master review,https://www.gsmarena.com/realme_gt_explorer_master-review-2309.php,https://fdn.gsmarena.com/imgroot/reviews/21/realme-gt-explorer-master/-347x151/gsmarena_001.jpg,
Motorola Edge 20 review,https://www.gsmarena.com/motorola_edge_20-review-2310.php,https://fdn.gsmarena.com/imgroot/reviews/21/motorola-edge-20/-347x151/gsmarena_001.jpg,
Samsung Galaxy Watch4 review,https://www.gsmarena.com/samsung_galaxy_watch4-review-2314.php,https://fdn.gsmarena.com/imgroot/reviews/21/samsung-galaxy-watch4/thumb/-347x151/gsmarena_001.jpg,
Google Pixel 5a 5G review,https://www.gsmarena.com/google_pixel_5a_5g-review-2312.php,https://fdn.gsmarena.com/imgroot/reviews/21/google-pixel-5a-5g/thumb/-347x151/banner4.jpg,
RedMagic 6S Pro review,https://www.gsmarena.com/nubia_red_magic_6s_pro-review-2311.php,https://fdn.gsmarena.com/imgroot/reviews/21/zte-nubia-red-magic-6s-pro/-347x151/gsmarena_001.jpg,
Asus ROG Phone 5s Pro review,https://www.gsmarena.com/asus_rog_phone_5s_pro-review-2308.php,https://fdn.gsmarena.com/imgroot/reviews/21/asus-rog-phone-5s-pro/-347x151/gsmarena_001.jpg,
Samsung Galaxy Tab S7 FE review,https://www.gsmarena.com/samsung_galaxy_tab_s7_fe-review-2304.php,https://fdn.gsmarena.com/imgroot/reviews/21/samsung-galaxy-tab-s7-fe/-347x151/gsmarena_001.jpg,
Realme GT Master review,https://www.gsmarena.com/realme_gt_master-review-2307.php,https://fdn.gsmarena.com/imgroot/reviews/21/realme-gt-master/-347x151/gsmarena_001.jpg,
Xiaomi Redmi 10 review,https://www.gsmarena.com/xiaomi_redmi_10-review-2306.php,https://fdn.gsmarena.com/imgroot/reviews/21/xiaomi-redmi-10/-347x151/gsmarena_000.jpg,
Xiaomi Redmi Note 10 Pro long-term review,https://www.gsmarena.com/xiaomi_redmi_note_10_pro_long_term-review-2305.php,https://fdn.gsmarena.com/imgroot/reviews/21/redmi-note-10-pro-long-term/thumb/-347x151/gsmarena_001.jpg,
Samsung Galaxy Z Fold3 5G review,https://www.gsmarena.com/samsung_galaxy_z_fold3_5g-review-2303.php,https://fdn.gsmarena.com/imgroot/reviews/21/samsung-galaxy-z-fold3-5g/-347x151/gsmarena_003.jpg,
Oppo Reno6 Pro 5G hands-on review,https://www.gsmarena.com/oppo_reno6_pro_5g_handson-review-2302.php,https://fdn.gsmarena.com/imgroot/reviews/21/oppo-reno6-pro-5g-handson/-347x151/gsmarena_0000.jpg,
Samsung Galaxy Z Flip3 5G review,https://www.gsmarena.com/samsung_galaxy_z_flip3_5g-review-2301.php,https://fdn.gsmarena.com/imgroot/reviews/21/samsung-galaxy-z-flip3-5g/-347x151/gsmarena_003.jpg,
Realme GT Explorer Master & GT Master hands-on review,https://www.gsmarena.com/realme_gt_explorer_master_and_gt_master_handson-review-2300.php,https://fdn.gsmarena.com/imgroot/reviews/21/realme-gt-explorer-master-and-gt-master-handson/-347x151/gsmarena_000.jpg,
Asus ROG Phone 5s Pro hands-on review,https://www.gsmarena.com/asus_rog_phone_5s_pro_handson-review-2299.php,https://fdn.gsmarena.com/imgroot/reviews/21/asus-rog-phone-5s-pro-handson/-347x151/gsmarena_000.jpg,
Samsung Galaxy A52 5G review,https://www.gsmarena.com/samsung_galaxy_a52_5g-review-2298.php,https://fdn.gsmarena.com/imgroot/reviews/21/samsung-galaxy-a52-5g/-347x151/gsmarena_001.jpg,
Samsung Galaxy Z Fold3 and Z Flip3 hands-on review,https://www.gsmarena.com/samsung_unpacked_hands_on-review-2297.php,https://fdn.gsmarena.com/imgroot/reviews/21/samsung-unpacked-08-11/-347x151/gsmarena_0000.jpg,
Motorola Defy (2021) review,https://www.gsmarena.com/motorola_defy_2021-review-2295.php,https://fdn.gsmarena.com/imgroot/reviews/21/motorola-defy-2021/-347x151/gsmarena_003.jpg,
Poco X3 GT review,https://www.gsmarena.com/poco_x3_gt-review-2296.php,https://fdn.gsmarena.com/imgroot/reviews/21/poco-x3-gt/-347x151/gsmarena_001.jpg,
Sony Xperia 5 III review,https://www.gsmarena.com/sony_xperia_5_iii-review-2294.php,https://fdn.gsmarena.com/imgroot/reviews/21/sony-xperia-5-iii/review/-347x151/gsmarena_003.jpg,
Huawei MatePad 11 (2021) review,https://www.gsmarena.com/huawei_matepad_11-review-2293.php,https://fdn.gsmarena.com/imgroot/reviews/21/huawei-matepad-11/-347x151/gsmarena_000.jpg,
Moto G50 review,https://www.gsmarena.com/motorola_moto_g50-review-2292.php,https://fdn.gsmarena.com/imgroot/reviews/21/motorola-moto-g50/-347x151/gsmarena_002.jpg,
Samsung Galaxy A22 5G review,https://www.gsmarena.com/samsung_galaxy_a22_5g-review-2291.php,https://fdn.gsmarena.com/imgroot/reviews/21/samsung-galaxy-a22-5g/-347x151/gsmarena_001.jpg,
Realme Narzo 30 5G hands-on review,https://www.gsmarena.com/realme_narzo_30_5g_hands_on-review-2290.php,https://fdn.gsmarena.com/imgroot/reviews/21/realme-narzo-30-5g/hands-on/-347x151/gsmarena_001.jpg,
OnePlus Nord 2 5G review,https://www.gsmarena.com/oneplus_nord_2_5g-review-2289.php,https://fdn.gsmarena.com/imgroot/reviews/21/oneplus-nord-2-5g-1/-347x151/gsmarena_002.jpg,
Samsung Galaxy S21 Ultra long-term review,https://www.gsmarena.com/samsung_galaxy_s21_ultra_long_term-review-2288.php,https://fdn.gsmarena.com/imgroot/reviews/21/samsung-galaxy-s21-ultra-long-term/thumb/-347x151/gsmarena_001.jpg,
Sony Xperia 1 III review,https://www.gsmarena.com/sony_xperia_1_iii-review-2287.php,https://fdn.gsmarena.com/imgroot/reviews/21/sony-xperia-1-iii/-347x151/gsmarena_002.jpg,
Tecno Phantom X review,https://www.gsmarena.com/tecno_phantom_x-review-2285.php,https://fdn.gsmarena.com/imgroot/reviews/21/tecno-phantom-x/-347x151/gsmarena_000.jpg,
Realme X7 Max 5G / GT Neo review,https://www.gsmarena.com/realme_x7_max_5g_gt_neo-review-2286.php,https://fdn.gsmarena.com/imgroot/reviews/21/realme-x7-max-5g/-347x151/gsmarena_001.jpg,
Realme GT 5G review,https://www.gsmarena.com/realme_gt_5g-review-2284.php,https://fdn.gsmarena.com/imgroot/reviews/21/realme-gt-5g/-347x151/gsmarena_002.jpg,
RedMagic 6R review,https://www.gsmarena.com/zte_nubia_red_magic_6r-review-2283.php,https://fdn.gsmarena.com/imgroot/reviews/21/nubia-red-magic-6r/-347x151/gsmarena_001.jpg,
Xiaomi Mi 11 long-term review,https://www.gsmarena.com/xiaomi_mi11_long_term-review-2282.php,https://fdn.gsmarena.com/imgroot/reviews/21/xiaomi-mi-11-long-term/thumb/-347x151/gsmarena_001.jpg,
Tecno Camon 17 Pro review,https://www.gsmarena.com/tecno_camon_17_pro-review-2281.php,https://fdn.gsmarena.com/imgroot/reviews/21/tecno-camon-17-pro/-347x151/gsmarena_002.jpg,
OnePlus Nord CE 5G review,https://www.gsmarena.com/oneplus_nord_ce_5g-review-2280.php,https://fdn.gsmarena.com/imgroot/reviews/21/oneplus-nord-ce-5g/-347x151/gsmarena_000.jpg,
Samsung Galaxy A32 5G review,https://www.gsmarena.com/samsung_galaxy_a32_5g-review-2279.php,https://fdn.gsmarena.com/imgroot/reviews/21/samsung-galaxy-a32-5g/-347x151/gsmarena_002.jpg,
Huawei MatePad Pro 12.6 review,https://www.gsmarena.com/huawei_matepad_pro_12_6-review-2278.php,https://fdn.gsmarena.com/imgroot/reviews/21/huawei-matepad-pro-12-6/-347x151/gsmarena_001.jpg,
vivo iQOO 7 Legend hands-on review,https://www.gsmarena.com/vivo_iqoo_7_legend_handson-review-2276.php,https://fdn.gsmarena.com/imgroot/reviews/21/vivo-iqoo-7-legend-handson/-347x151/gsmarena_000.jpg,
Sony Xperia 10 III review,https://www.gsmarena.com/sony_xperia_10_iii-review-2277.php,https://fdn.gsmarena.com/imgroot/reviews/21/sony-xperia-10-iii/-347x151/gsmarena_002.jpg,
Poco M3 Pro 5G review,https://www.gsmarena.com/poco_m3_pro_5g-review-2275.php,https://fdn.gsmarena.com/imgroot/reviews/21/poco-m3-pro-5g/-347x151/gsmarena_001.jpg,
vivo V21 (5G) review,https://www.gsmarena.com/vivo_v21_5g-review-2273.php,https://fdn.gsmarena.com/imgroot/reviews/21/vivo-v21-5g/-347x151/gsmarena_001.jpg,
Xiaomi Redmi Note 10 5G review,https://www.gsmarena.com/xiaomi_redmi_note_10_5g-review-2274.php,https://fdn.gsmarena.com/imgroot/reviews/21/xiaomi-redmi-note-10-5g/-347x151/gsmarena_001.jpg,
ZTE Axon 30 Ultra 5G review,https://www.gsmarena.com/zte_axon_30_ultra_5g-review-2272.php,https://fdn.gsmarena.com/imgroot/reviews/21/zte-axon-30-ultra-5g/-347x151/gsmarena_001.jpg,
Xiaomi Black Shark 4 review,https://www.gsmarena.com/xiaomi_black_shark_4-review-2271.php,https://fdn.gsmarena.com/imgroot/reviews/21/xiaomi-black-shark-4/-347x151/gsmarena_000.jpg,
Xiaomi Mi 11i/Mi 11X Pro review,https://www.gsmarena.com/xiaomi_mi_11i_11x_pro-review-2270.php,https://fdn.gsmarena.com/imgroot/reviews/21/xiaomi-mi-11i/-347x151/gsmarena_002.jpg,
Realme 8 review,https://www.gsmarena.com/realme_8-review-2269.php,https://fdn.gsmarena.com/imgroot/reviews/21/realme-8/-347x151/gsmarena_001.jpg,
Xiaomi Redmi Note 10S hands-on review,https://www.gsmarena.com/xiaomi_redmi_note_10s__hands_on-review-2268.php,https://fdn.gsmarena.com/imgroot/reviews/21/xiaomi-redmi-note-10s/preview/-347x151/thumb.jpg,
Realme 8 5G review,https://www.gsmarena.com/realme_8_5g-review-2267.php,https://fdn.gsmarena.com/imgroot/reviews/21/realme-8-5g/-347x151/gsmarena_002.jpg,
Asus Zenfone 8 Flip review,https://www.gsmarena.com/asus_zenfone_8_flip-review-2265.php,https://fdn.gsmarena.com/imgroot/reviews/21/asus-zenfone-8-flip/-347x151/gsmarena_0000.jpg,
Asus Zenfone 8 review,https://www.gsmarena.com/asus_zenfone_8-review-2266.php,https://fdn.gsmarena.com/imgroot/reviews/21/asus-zenfone-8/-347x151/gsmarena_001.jpg,
Poco X3 NFC long-term review,https://www.gsmarena.com/poco_x3_nfc_long_term-review-2264.php,https://fdn.gsmarena.com/imgroot/reviews/21/poco-x3-nfc-long-term/thumb/-347x151/gsmarena_001.jpg,
Oppo Reno5 5G / Find X3 Lite review,https://www.gsmarena.com/oppo_reno5_5g_find_x3_lite-review-2261.php,https://fdn.gsmarena.com/imgroot/reviews/21/oppo-reno5-5g/-347x151/gsmarena_000.jpg,
Xiaomi Mi 10T Pro long-term review,https://www.gsmarena.com/xiaomi_mi_10t_pro_long_term-review-2263.php,https://fdn.gsmarena.com/imgroot/reviews/21/xiaomi-mi-10t-pro-long-term/thumb/-347x151/gsmarena_001.jpg,
Xiaomi Mi 11X Pro / Mi 11i hands-on review,https://www.gsmarena.com/xiaomi_mi_11x_pro_hands_on-review-2262.php,https://fdn.gsmarena.com/imgroot/reviews/21/xiaomi-mi-11x-pro/hands-on/-347x151/thumb.jpg,
Samsung Galaxy A72 review,https://www.gsmarena.com/samsung_galaxy_a72-review-2260.php,https://fdn.gsmarena.com/imgroot/reviews/21/samsung-galaxy-a72/-347x151/gsmarena_001.jpg,
Xiaomi Mi 11 Ultra review,https://www.gsmarena.com/xiaomi_mi_11_ultra-review-2259.php,https://fdn.gsmarena.com/imgroot/reviews/21/xiaomi-mi-11-ultra/-347x151/gsmarena_004.jpg,
Xiaomi Mi 11X hands-on review,https://www.gsmarena.com/xiaomi_mi_11x_hands_on-review-2258.php,https://fdn.gsmarena.com/imgroot/reviews/21/xiaomi-mi-11x/hands-on/-347x151/thumb.jpg,
Oppo F19 Pro+ 5G hands-on review,https://www.gsmarena.com/oppo_f19_pro_plus_5g-review-2257.php,https://fdn.gsmarena.com/imgroot/reviews/21/oppo-f19-pro-plus-5g-handson/-347x151/gsmarena_000.jpg,
vivo X60 Pro+ review,https://www.gsmarena.com/vivo_x60_pro_plus-review-2256.php,https://fdn.gsmarena.com/imgroot/reviews/21/vivo-x60-pro-plus/-347x151/gsmarena_001.jpg,
Xiaomi Mi 11 Lite review,https://www.gsmarena.com/xiaomi_mi_11_lite-review-2255.php,https://fdn.gsmarena.com/imgroot/reviews/21/xiaomi-mi-11-lite/-347x151/gsmarena_003.jpg,
vivo X60 Pro review,https://www.gsmarena.com/vivo_x60_pro-review-2252.php,https://fdn.gsmarena.com/imgroot/reviews/21/vivo-x60-pro/-347x151/gsmarena_002.jpg,
Motorola Moto G10 Power hands-on review,https://www.gsmarena.com/motorola_moto_g10_power_handson-review-2254.php,https://fdn.gsmarena.com/imgroot/reviews/21/motorola-moto-g10-power-handson/-347x151/gsmarena_000.jpg,
Xiaomi Mi 11 Lite 5G review,https://www.gsmarena.com/xiaomi_mi_11_lite_5g-review-2253.php,https://fdn.gsmarena.com/imgroot/reviews/21/xiaomi-mi-11-lite-5g/-347x151/gsmarena_001.jpg,
RedMagic 6 review,https://www.gsmarena.com/zte_nubia_red_magic_6-review-2250.php,https://fdn.gsmarena.com/imgroot/reviews/21/zte-nubia-red-magic-6/-347x151/gsmarena_000.jpg,
OnePlus 9R hands-on review,https://www.gsmarena.com/oneplus_9r_hands_on-review-2251.php,https://fdn.gsmarena.com/imgroot/reviews/21/oneplus-9r/hands-on/thumb/-347x151/gsmarena_001.jpg,
Huawei Mate X2 review,https://www.gsmarena.com/huawei_mate_x2-review-2249.php,https://fdn.gsmarena.com/imgroot/reviews/21/huawei-mate-x2/-347x151/gsmarena_002.jpg,
Poco F3 review,https://www.gsmarena.com/poco_f3-review-2248.php,https://fdn.gsmarena.com/imgroot/reviews/21/poco-f3/-347x151/gsmarena_002.jpg,
Motorola Moto G100 review,https://www.gsmarena.com/motorola_moto_g100-review-2247.php,https://fdn.gsmarena.com/imgroot/reviews/21/motorola-moto-g100/-347x151/gsmarena_003.jpg,
Realme Narzo 30 Pro 5G hands-on review,https://www.gsmarena.com/realme_narzo_30_pro_5g_handson-review-2246.php,https://fdn.gsmarena.com/imgroot/reviews/21/realme-narzo-30-pro-5g-handson/-347x151/gsmarena_000.jpg,
Realme 8 Pro review,https://www.gsmarena.com/realme_8_pro-review-2245.php,https://fdn.gsmarena.com/imgroot/reviews/21/realme-8-pro/-347x151/gsmarena_002.jpg,
Xiaomi Redmi Note 10 review,https://www.gsmarena.com/xiaomi_redmi_note_10-review-2244.php,https://fdn.gsmarena.com/imgroot/reviews/21/xiaomi-redmi-note-10/-347x151/gsmarena_000.jpg,
Samsung Galaxy A32 review,https://www.gsmarena.com/samsung_galaxy_a32-review-2243.php,https://fdn.gsmarena.com/imgroot/reviews/21/samsung-galaxy-a32/-347x151/gsmarena_002.jpg,
Samsung Galaxy A52 review,https://www.gsmarena.com/samsung_galaxy_a52-review-2242.php,https://fdn.gsmarena.com/imgroot/reviews/21/samsung-galaxy-a52/-347x151/gsmarena_001.jpg,
OnePlus 9 Pro review,https://www.gsmarena.com/oneplus_9_pro-review-2241.php,https://fdn.gsmarena.com/imgroot/reviews/21/oneplus-9-pro/thumb/-347x151/gsmarena_004.jpg,
OnePlus 9 review,https://www.gsmarena.com/oneplus_9-review-2240.php,https://fdn.gsmarena.com/imgroot/reviews/21/oneplus-9/thumb/-347x151/gsmarena_004.jpg,
Poco X3 Pro review,https://www.gsmarena.com/poco_x3_pro-review-2239.php,https://fdn.gsmarena.com/imgroot/reviews/21/poco-x3-pro/-347x151/gsmarena_001.jpg,
Motorola Moto G10 review,https://www.gsmarena.com/motorola_moto_g10-review-2236.php,https://fdn.gsmarena.com/imgroot/reviews/21/motorola-moto-g10/-347x151/gsmarena_000.jpg,
Oppo Find X3 Pro review,https://www.gsmarena.com/oppo_find_x3_pro-review-2238.php,https://fdn.gsmarena.com/imgroot/reviews/21/oppo-find-x3-pro/-347x151/gsmarena_004.jpg,
Motorola Moto G30 review,https://www.gsmarena.com/motorola_moto_g30-review-2237.php,https://fdn.gsmarena.com/imgroot/reviews/21/motorola-moto-g30/-347x151/gsmarena_001.jpg,
Asus ROG Phone 5 review,https://www.gsmarena.com/asus_rog_phone_5-review-2235.php,https://fdn.gsmarena.com/imgroot/reviews/21/asus-rog-phone-5/-347x151/gsmarena_001.jpg,
Xiaomi Redmi 9T review,https://www.gsmarena.com/xiaomi_redmi_9t-review-2234.php,https://fdn.gsmarena.com/imgroot/reviews/21/xiaomi-redmi-9t/-347x151/gsmarena_000.jpg,
Samsung Galaxy A02s/M02s review,https://www.gsmarena.com/samsung_galaxy_a02s_m02s-review-2233.php,https://fdn.gsmarena.com/imgroot/reviews/21/samsung-galaxy-a02s/-347x151/gsmarena_001.jpg,
Xiaomi Redmi Note 10 Pro (Max) review,https://www.gsmarena.com/xiaomi_redmi_note_10_pro_(max)-review-2232.php,https://fdn.gsmarena.com/imgroot/reviews/21/xiaomi-redmi-note-10-pro-4g/-347x151/gsmarena_002.jpg,
Realme X7 Pro hands-on review,https://www.gsmarena.com/realme_x7_pro_hands_on-review-2231.php,https://fdn.gsmarena.com/imgroot/reviews/21/realme-x7-pro/hands-on/-347x151/gsmarena_000.jpg,
Doogee S88 Pro review,https://www.gsmarena.com/doogee_s88_pro-review-2230.php,https://fdn.gsmarena.com/imgroot/reviews/21/doogee-s88-pro/-347x151/gsmarena_002.jpg,
Samsung Galaxy A12 review,https://www.gsmarena.com/samsung_galaxy_a12-review-2229.php,https://fdn.gsmarena.com/imgroot/reviews/21/samsung-galaxy-a12/-347x151/gsmarena_003.jpg,
Xiaomi Mi 11 review,https://www.gsmarena.com/xiaomi_mi_11-review-2228.php,https://fdn.gsmarena.com/imgroot/reviews/21/xiaomi-mi-11/-347x151/header-thumb.jpg,
Camera test: Galaxy S21 Ultra vs. Note20 Ultra,https://www.gsmarena.com/camera_test_samsung_galaxy_s21_ultra_vs_note20_ult-review-2227.php,https://fdn.gsmarena.com/imgroot/reviews/21/samsung-galaxy-note20-ultra-vs-s21-ultra/-347x151/gsmarena_001.jpg,
Apple iPhone 12 long-term review,https://www.gsmarena.com/apple_iphone_12_long_term-review-2226.php,https://fdn.gsmarena.com/imgroot/reviews/21/apple-iphone-12-long-term/-347x151/header-thumb-ltr-alt-2.jpg,
Google Pixel 5 long-term review,https://www.gsmarena.com/google_pixel_5_long_term-review-2225.php,https://fdn.gsmarena.com/imgroot/reviews/21/google-pixel-5-long-term-review/-347x151/gsmarena_008.jpg,
Samsung Galaxy S21+ 5G review,https://www.gsmarena.com/samsung_galaxy_s21_plus_5g-review-2224.php,https://fdn.gsmarena.com/imgroot/reviews/21/samsung-galaxy-s21-plus/-347x151/gsmarena_001.jpg,
Xiaomi Redmi Note 9T review,https://www.gsmarena.com/xiaomi_redmi_note_9t-review-2222.php,https://fdn.gsmarena.com/imgroot/reviews/21/xiaomi-redmi-note-9t/-347x151/gsmarena_002.jpg,
Samsung Galaxy Note20 Ultra long-term review,https://www.gsmarena.com/samsung_galaxy_note20_ultra_long_term-review-2223.php,https://fdn.gsmarena.com/imgroot/reviews/21/samsung-galaxy-note20-ultra-long-term/thumb/-347x151/gsmarena_001.jpg,
Moto G9 Power review,https://www.gsmarena.com/motorola_moto_g9_power-review-2221.php,https://fdn.gsmarena.com/imgroot/reviews/21/motorola-moto-g9-power/-347x151/header-thumb5.jpg,
Moto G 5G review,https://www.gsmarena.com/motorola_moto_g_5g-review-2220.php,https://fdn.gsmarena.com/imgroot/reviews/21/motorola-moto-g-5g/-347x151/gsmarena_000.jpg,
Samsung Galaxy S21 Ultra 5G review,https://www.gsmarena.com/samsung_galaxy_s21_ultra-review-2219.php,https://fdn.gsmarena.com/imgroot/reviews/21/samsung-galaxy-s21-ultra/-347x151/header-thumb.jpg,
Samsung Galaxy S21 5G review,https://www.gsmarena.com/samsung_galaxy_s21-review-2218.php,https://fdn.gsmarena.com/imgroot/reviews/21/samsung-galaxy-s21/-347x151/gsmarena_001.jpg,
Samsung Galaxy S21 & S21 Ultra hands-on review,https://www.gsmarena.com/samsung_galaxy_s21_and_s21_ultra_handson-review-2217.php,https://fdn.gsmarena.com/imgroot/reviews/21/samsung-galaxy-s21-and-s21-ultra-handson/-347x151/gsmarena_000.jpg,
Oppo Reno5 Pro 5G hands-on review,https://www.gsmarena.com/oppo_reno5_pro_5g_handson-review-2216.php,https://fdn.gsmarena.com/imgroot/reviews/21/oppo-reno5-pro-5g-handson/-347x151/gsmarena_000.jpg,
Which cloud gaming service is the best?,https://www.gsmarena.com/cloud_gaming_on_the_go-review-2215.php,https://fdn.gsmarena.com/imgroot/reviews/21/cloud-gaming-mobile/-347x151/header-thumb.jpg,
vivo V20 Pro 5G hands-on review,https://www.gsmarena.com/vivo_v20_pro_5g_handson-review-2214.php,https://fdn.gsmarena.com/imgroot/reviews/21/vivo-v20-pro-5g-handson/-347x151/gsmarena_000.jpg,
Samsung Galaxy S20+ long-term review,https://www.gsmarena.com/samsung_galaxy_s20_plus_long_term-review-2213.php,https://fdn.gsmarena.com/imgroot/reviews/21/samsung-galaxy-s20-plus-long-term/-347x151/gsmarena_001.jpg,
Samsung One UI 3 mini review,https://www.gsmarena.com/samsung_one_ui_3_android_11-review-2212.php,https://fdn.gsmarena.com/imgroot/reviews/20/samsung-oneui-3-android-11/-347x151/gsmarena_004.jpg,
Samsung Galaxy A42 5G review,https://www.gsmarena.com/samsung_galaxy_a42_5g-review-2210.php,https://fdn.gsmarena.com/imgroot/reviews/20/samsung-galaxy-a42-5g/-347x151/header-thumb2.jpg,
ZTE Axon 20 5G review,https://www.gsmarena.com/zte_axon_20_5g-review-2211.php,https://fdn.gsmarena.com/imgroot/reviews/20/zte-axon-20-5g/-347x151/gsmarena_000.jpg,
Oppo Reno4 Z 5G review,https://www.gsmarena.com/oppo_reno4_z_5g-review-2209.php,https://fdn.gsmarena.com/imgroot/reviews/20/oppo-reno4-z-5g/-347x151/gsmarena_035.jpg,
A month with the Huawei Mate 40 Pro,https://www.gsmarena.com/huawei_mate_40_pro_long_term-review-2208.php,https://fdn.gsmarena.com/imgroot/reviews/20/huawei-mate-40-pro-long-term/thumb/-347x151/gsmarena_001.jpg,
Poco M3 review,https://www.gsmarena.com/poco_m3-review-2207.php,https://fdn.gsmarena.com/imgroot/reviews/20/poco-m3/-347x151/header-thumb4.jpg,
Samsung Galaxy M51 review,https://www.gsmarena.com/samsung_galaxy_m51-review-2206.php,https://fdn.gsmarena.com/imgroot/reviews/20/samsung-galaxy-m51/-347x151/gsmarena_002.jpg,
The best chargers for your new iPhone,https://www.gsmarena.com/the_best_chargers_for_your_new_iphone-review-2205.php,https://fdn.gsmarena.com/imgroot/reviews/20/charging-the-iphone-12-pro/-347x151/thumb4.jpg,
Xiaomi Redmi Note 9 Pro (Max) long-term review,https://www.gsmarena.com/xiaomi_redmi_note_9_pro_(max)_long_term-review-2204.php,https://fdn.gsmarena.com/imgroot/reviews/20/redmi-note-9-pro-long-term/thumb/-347x151/gsmarena_001.jpg,
Xiaomi Mi 10T Lite 5G review,https://www.gsmarena.com/xiaomi_mi_10t_lite_5g-review-2203.php,https://fdn.gsmarena.com/imgroot/reviews/20/xiaomi-mi-10t-lite/-347x151/gsmarena_001.jpg,
Camera test: The top flagships of the year,https://www.gsmarena.com/flagship_camera_comparison_fall_2020-review-2202.php,https://fdn.gsmarena.com/imgroot/reviews/20/flagship-shootout-fall-2020/-347x151/crop100.jpg,
Realme 7 5G review,https://www.gsmarena.com/realme_7_5g-review-2201.php,https://fdn.gsmarena.com/imgroot/reviews/20/realme-7-5g/-347x151/gsmarena_005.jpg,
Oppo Reno4 Pro 5G review,https://www.gsmarena.com/oppo_reno4_pro_5g-review-2198.php,https://fdn.gsmarena.com/imgroot/reviews/20/oppo-reno4-pro-5g/-347x151/gsmarena_002.jpg,
Apple iPhone 12 Pro Max review,https://www.gsmarena.com/apple_iphone_12_pro_max-review-2200.php,https://fdn.gsmarena.com/imgroot/reviews/20/apple-iphone-12-pro-max/-347x151/header-thumb7.jpg,
OnePlus Nord N10 5G review,https://www.gsmarena.com/oneplus_nord_n10_5g-review-2199.php,https://fdn.gsmarena.com/imgroot/reviews/20/oneplus-nord-n10-5g/banner/-347x151/banner2.jpg,
Apple iPhone 12 mini review,https://www.gsmarena.com/apple_iphone_12_mini-review-2197.php,https://fdn.gsmarena.com/imgroot/reviews/20/apple-iphone-12-mini/-347x151/header-thumb1.jpg,
TCL 10 5G UW hands-on: Verizon 5G speed test,https://www.gsmarena.com/tcl_10_5g_hands_on_verizon_speed_test-review-2196.php,https://fdn.gsmarena.com/imgroot/reviews/20/tcl-10-5g-uw-hands-on-with-5g/-347x151/thumb1.jpg,
Which iPhone 12 to get - upgrader's guide,https://www.gsmarena.com/upgrading_which_iphone_12_to_get_buyers_guide-review-2195.php,https://fdn.gsmarena.com/imgroot/reviews/20/iphone-upgrade-path/thumb/-347x151/gsmarena_004.jpg,
Camera test: iPhone 12 vs. 12 Pro vs. 11 Pro,https://www.gsmarena.com/iphone_12_vs_12_pro_vs_11_pro_camera-review-2194.php,https://fdn.gsmarena.com/imgroot/reviews/20/the-iphone-12-review-expansion/-347x151/thumb.jpg,
Honor 10X Lite review,https://www.gsmarena.com/honor_10x_lite-review-2193.php,https://fdn.gsmarena.com/imgroot/reviews/20/honor-10x-lite/-347x151/gsmarena_002.jpg,
Amazfit GTR 2 review,https://www.gsmarena.com/amazfit_gtr_2-review-2192.php,https://fdn.gsmarena.com/imgroot/reviews/20/amazfit-gtr2/-347x151/gsmarena_001.jpg,
ASUS ROG Kunai 3 Gamepad & TwinView Dock 3 review,https://www.gsmarena.com/asus_rog_kunai_3_twinview_dock_3_rog_phone_3-review-2191.php,https://fdn.gsmarena.com/imgroot/reviews/20/rog-phone-3-new-accessories-hands-on/-347x151/gsmarena_001.jpg,
Huawei Y7a / P smart 2021 review,https://www.gsmarena.com/huawei_y7a_p_smart_2021-review-2190.php,https://fdn.gsmarena.com/imgroot/reviews/20/huawei-p-smart-2021/-347x151/gsmarena_001.jpg,
Apple iPhone 12 Pro review,https://www.gsmarena.com/apple_iphone_12_pro-review-2189.php,https://fdn.gsmarena.com/imgroot/reviews/20/apple-iphone-12-pro/-347x151/thumb.jpg,
vivo V20 review,https://www.gsmarena.com/vivo_v20-review-2188.php,https://fdn.gsmarena.com/imgroot/reviews/20/vivo-v20/-347x151/gsmarena_001.jpg,
Apple iPhone 12 review,https://www.gsmarena.com/apple_iphone_12-review-2187.php,https://fdn.gsmarena.com/imgroot/reviews/20/apple-iphone-12/-347x151/header-thumb2.jpg,
Poco F2 Pro long-term review,https://www.gsmarena.com/poco_f2_pro_long_term-review-2186.php,https://fdn.gsmarena.com/imgroot/reviews/20/poco-f2-pro-long-term/-347x151/gsmarena_001.jpg,
Google Pixel 5 review,https://www.gsmarena.com/google_pixel_5-review-2185.php,https://fdn.gsmarena.com/imgroot/reviews/20/google-pixel-5/-347x151/banner8.jpg,
Huawei Mate 40 Pro review,https://www.gsmarena.com/huawei_mate_40_pro-review-2184.php,https://fdn.gsmarena.com/imgroot/reviews/20/huawei-mate-40-pro/review-22/-347x151/gsmarena_002.jpg,
OnePlus 8T review,https://www.gsmarena.com/oneplus_8t-review-2183.php,https://fdn.gsmarena.com/imgroot/reviews/20/oneplus-8t/-347x151/thumb.jpg,
Moto G9 Plus review,https://www.gsmarena.com/motorola_moto_g9_plus-review-2180.php,https://fdn.gsmarena.com/imgroot/reviews/20/motorola-moto-g9-plus/-347x151/gsmarena_000.jpg,
OnePlus 8T hands-on review,https://www.gsmarena.com/oneplus_8t_handson-review-2182.php,https://fdn.gsmarena.com/imgroot/reviews/20/oneplus-8t/handson/-347x151/gsmarena_001.jpg,
Realme 7 review,https://www.gsmarena.com/realme_7-review-2181.php,https://fdn.gsmarena.com/imgroot/reviews/20/realme-7/-347x151/header-thumb.jpg,
LG Wing 5G review,https://www.gsmarena.com/lg_wing-review-2179.php,https://fdn.gsmarena.com/imgroot/reviews/20/lg-wing/-347x151/gsmarena_001.jpg,
Xiaomi Mi 10T Pro 5G review,https://www.gsmarena.com/xiaomi_mi_10t_pro-review-2177.php,https://fdn.gsmarena.com/imgroot/reviews/20/xiaomi-mi-10t-pro/-347x151/gsmarena_000.jpg,
Samsung Galaxy S20 FE 5G review,https://www.gsmarena.com/samsung_galaxy_s20_fe_5g-review-2178.php,https://fdn.gsmarena.com/imgroot/reviews/20/samsung-galaxy-s20-fe-5g/-347x151/gsmarena_004.jpg,
Realme 7 Pro review,https://www.gsmarena.com/realme_7_pro-review-2176.php,https://fdn.gsmarena.com/imgroot/reviews/20/realme-7-pro/-347x151/header-thumb.jpg,
OnePlus Nord long-term review,https://www.gsmarena.com/oneplus_nord_long_term-review-2175.php,https://fdn.gsmarena.com/imgroot/reviews/20/oneplus-nord-long-term/-347x151/header-thumb2.jpg,
vivo X50 Pro+ review,https://www.gsmarena.com/vivo_x50_pro_plus-review-2170.php,https://fdn.gsmarena.com/imgroot/reviews/20/vivo-x50-pro-plus/-347x151/header-thumb.jpg,
Ulefone Armor 9 review,https://www.gsmarena.com/ulefone_armor_9-review-2174.php,https://fdn.gsmarena.com/imgroot/reviews/20/ulefone-armor-9/-347x151/header-thumb5.jpg,
Sony Xperia 5 II review,https://www.gsmarena.com/sony_xperia_5_ii-review-2173.php,https://fdn.gsmarena.com/imgroot/reviews/20/sony-xperia-5-ii/review28/-347x151/gsmarena_003.jpg,
Moto G9 (Play) review,https://www.gsmarena.com/motorola_moto_g9_play-review-2172.php,https://fdn.gsmarena.com/imgroot/reviews/20/motorola-moto-g9-play/-347x151/gsmarena_000.jpg,
Tecno Camon 16 Premier review,https://www.gsmarena.com/tecno_camon_16_premier-review-2171.php,https://fdn.gsmarena.com/imgroot/reviews/20/tecno-camon-16-premier/-347x151/gsmarena_001.jpg,
Apple iOS 14 review,https://www.gsmarena.com/apple_ios_14-review-2169.php,https://fdn.gsmarena.com/imgroot/reviews/20/apple-ios-14-review/-347x151/thumb.jpg,
Motorola Razr 5G hands-on review,https://www.gsmarena.com/motorola_razr_5g_hands_on-review-2168.php,https://fdn.gsmarena.com/imgroot/reviews/20/motorola-razr-5g/hands-on/-347x151/gsmarena_002.jpg,
Xiaomi Mi 10 Pro long-term review,https://www.gsmarena.com/xiaomi_mi_10_pro_long_term-review-2167.php,https://fdn.gsmarena.com/imgroot/reviews/20/xiaomi-mi-10-pro-long-term/thumb/-347x151/gsmarena_001.jpg,
Poco X3 NFC review,https://www.gsmarena.com/poco_x3_nfc-review-2166.php,https://fdn.gsmarena.com/imgroot/reviews/20/poco-x3-nfc/-347x151/header-thumb.jpg,
Android 11 review,https://www.gsmarena.com/android_11-review-2165.php,https://fdn.gsmarena.com/imgroot/reviews/20/android-11/thumb/-347x151/gsmarena_001.jpg,
Samsung Galaxy Z Fold2 review,https://www.gsmarena.com/samsung_galaxy_z_fold2-review-2164.php,https://fdn.gsmarena.com/imgroot/reviews/20/samsung-galaxy-z-fold2/-347x151/gsmarena_001.jpg,
Samsung Galaxy M31s hands-on review,https://www.gsmarena.com/samsung_galaxy_m31s-review-2163.php,https://fdn.gsmarena.com/imgroot/reviews/20/samsung-galaxy-m31s/thumb/-347x151/gsmarena_001.jpg,
OnePlus 8 Pro long-term review,https://www.gsmarena.com/oneplus_8_pro_long_term-review-2162.php,https://fdn.gsmarena.com/imgroot/reviews/20/oneplus-8-pro-long-term/thumb/-347x151/gsmarena_001.jpg,
Xiaomi Mi 10 Ultra review,https://www.gsmarena.com/xiaomi_mi_10_ultra-review-2158.php,https://fdn.gsmarena.com/imgroot/reviews/20/xiaomi-mi-10-ultra/-347x151/header-thumb.jpg,
Infinix Zero 8 review,https://www.gsmarena.com/infinix_zero_8-review-2160.php,https://fdn.gsmarena.com/imgroot/reviews/20/infinix-zero-8/-347x151/gsmarena_001.jpg,
Realme 7 Pro hands-on review,https://www.gsmarena.com/realme_7_pro_hands_on-review-2161.php,https://fdn.gsmarena.com/imgroot/reviews/20/realme-7-pro-handson/-347x151/gsmarena_000.jpg,
Realme 7 hands-on review,https://www.gsmarena.com/realme_7_hands_on-review-2157.php,https://fdn.gsmarena.com/imgroot/reviews/20/realme-7-handson/-347x151/gsmarena_000.jpg,
Oppo F17 Pro hands-on review,https://www.gsmarena.com/oppo_f17_pro_hands_on-review-2159.php,https://fdn.gsmarena.com/imgroot/reviews/20/oppo-f17-pro-handson/-347x151/gsmarena_000.jpg,
Asus Zenfone 7 Pro review,https://www.gsmarena.com/asus_zenfone_7_pro-review-2156.php,https://fdn.gsmarena.com/imgroot/reviews/20/asus-zenfone-7-pro/review1/-347x151/gsmarena_005.jpg,
Realme C15 hands-on review,https://www.gsmarena.com/realme_c15_hands_on-review-2153.php,https://fdn.gsmarena.com/imgroot/reviews/20/realme-c15/hands-on/-347x151/gsmarena_001.jpg,
RedMagic 5S review,https://www.gsmarena.com/nubia_red_magic_5s-review-2154.php,https://fdn.gsmarena.com/imgroot/reviews/20/nubia-red-magic-5s/-347x151/gsmarena_000.jpg,
Fairphone 3+ hands-on review,https://www.gsmarena.com/fairphone_3_plus-review-2155.php,https://fdn.gsmarena.com/imgroot/reviews/20/fairphone-3-plus/hands-on/-347x151/gsmarena_001.jpg,
Asus Zenfone 7 Pro hands-on review,https://www.gsmarena.com/asus_zenfone_7_pro_hands_on-review-2152.php,https://fdn.gsmarena.com/imgroot/reviews/20/asus-zenfone-7-pro/26hands-on/-347x151/gsmarena_003.jpg,
Oppo Watch review,https://www.gsmarena.com/oppo_watch-review-2151.php,https://fdn.gsmarena.com/imgroot/reviews/20/oppo-watch/-347x151/gsmarena_001.jpg,
Samsung Galaxy Watch3 review,https://www.gsmarena.com/samsung_galaxy_watch3-review-2150.php,https://fdn.gsmarena.com/imgroot/reviews/20/samsung-galaxy-watch3/-347x151/gsmarena_000.jpg,
Samsung Galaxy Note20 Ultra 5G review,https://www.gsmarena.com/samsung_galaxy_note20_ultra_5g-review-2149.php,https://fdn.gsmarena.com/imgroot/reviews/20/samsung-galaxy-note20-ultra/review18/-347x151/gsmarena_003.jpg,
Samsung Galaxy Tab S7+ review,https://www.gsmarena.com/samsung_galaxy_tab_s7_plus-review-2147.php,https://fdn.gsmarena.com/imgroot/reviews/20/samsung-galaxy-tab-s7-plus/-347x151/header-thumb4.jpg,
Google Pixel 4a review,https://www.gsmarena.com/google_pixel_4a-review-2148.php,https://fdn.gsmarena.com/imgroot/reviews/20/google-pixel-4a/-347x151/HEADER-IMAGE1.jpg,
OnePlus Nord review,https://www.gsmarena.com/oneplus_nord-review-2146.php,https://fdn.gsmarena.com/imgroot/reviews/20/oneplus-nord/review/-347x151/gsmarena_001.jpg,
Samsung Galaxy Note20 Ultra hands-on review,https://www.gsmarena.com/samsung_galaxy_note20_ultra_hands_on-review-2145.php,https://fdn.gsmarena.com/imgroot/reviews/20/samsung-galaxy-note20-ultra/hands-on/-347x151/gsmarena_002.jpg,
vivo X50 hands-on review,https://www.gsmarena.com/vivo_x50_hands_on-review-2144.php,https://fdn.gsmarena.com/imgroot/reviews/20/vivo-x50/hands-on/-347x151/thumb.jpg,
Samsung Galaxy A21s review,https://www.gsmarena.com/samsung_galaxy_a21s-review-2142.php,https://fdn.gsmarena.com/imgroot/reviews/20/samsung-galaxy-a21s/-347x151/header-thumb.jpg,
Oppo Reno4 Pro review,https://www.gsmarena.com/oppo_reno4_pro-review-2143.php,https://fdn.gsmarena.com/imgroot/reviews/20/oppo-reno4-pro/review31/-347x151/gsmarena_001.jpg,
Motorola Moto G 5G Plus review,https://www.gsmarena.com/motorola_moto_g_5g_plus-review-2141.php,https://fdn.gsmarena.com/imgroot/reviews/20/motorola-moto-g-5g-plus/-347x151/gsmarena_000.jpg,
Xiaomi Redmi 9 (Prime) review,https://www.gsmarena.com/xiaomi_redmi_9-review-2140.php,https://fdn.gsmarena.com/imgroot/reviews/20/xiaomi-redmi-9/-347x151/thumb.jpg,
Motorola Moto G Pro / G Stylus review,https://www.gsmarena.com/moto_g_pro-review-2138.php,https://fdn.gsmarena.com/imgroot/reviews/20/motorola-moto-g-pro/-347x151/gsmarena_000.jpg,
Realme 6i/6S hands-on review,https://www.gsmarena.com/realme_6s-review-2139.php,https://fdn.gsmarena.com/imgroot/reviews/20/realme-6i-6s-hands-on/-347x151/gsmarena_000.jpg,
Asus ROG Phone 3 review,https://www.gsmarena.com/asus_rog_phone_3-review-2137.php,https://fdn.gsmarena.com/imgroot/reviews/20/asus-rog-phone-3/-347x151/gsmarena_001.jpg,
OnePlus Nord hands-on review,https://www.gsmarena.com/oneplus_nord_hands_on-review-2136.php,https://fdn.gsmarena.com/imgroot/reviews/20/oneplus-nord/hands-on/-347x151/thumb.jpg,
Samsung Galaxy S20 Ultra long-term review,https://www.gsmarena.com/samsung_galaxy_s20_ultra_long_term-review-2135.php,https://fdn.gsmarena.com/imgroot/reviews/20/samsung-galaxy-s20-ultra-long-term/thumb/-347x151/gsmarena_001.jpg,
vivo X50 Pro review,https://www.gsmarena.com/vivo_x50_pro-review-2134.php,https://fdn.gsmarena.com/imgroot/reviews/20/vivo-x50-pro/-347x151/header-thumb2.jpg,
Xiaomi Mi 10 Lite 5G review,https://www.gsmarena.com/xiaomi_mi_10_lite_5g-review-2133.php,https://fdn.gsmarena.com/imgroot/reviews/20/xiaomi-mi-10-lite-5g/-347x151/gsmarena_001.jpg,
Samsung Galaxy A41 review,https://www.gsmarena.com/samsung_galaxy_a41-review-2132.php,https://fdn.gsmarena.com/imgroot/reviews/20/samsung-galaxy-a41/-347x151/header-thumb.jpg,
Honor 30 Pro+ review,https://www.gsmarena.com/honor_30_pro_plus-review-2131.php,https://fdn.gsmarena.com/imgroot/reviews/20/honor-30-pro-plus/-347x151/gsmarena_000.jpg,
Samsung Galaxy A31 review,https://www.gsmarena.com/samsung_galaxy_a31-review-2130.php,https://fdn.gsmarena.com/imgroot/reviews/20/samsung-galaxy-a31/-347x151/gsmarena_001.jpg,
Motorola One Fusion+ review,https://www.gsmarena.com/motorola_one_fusion_plus-review-2129.php,https://fdn.gsmarena.com/imgroot/reviews/20/motorola-one-fusion-plus/-347x151/header-thumb.jpg,
Samsung Galaxy A51 5G review,https://www.gsmarena.com/samsung_galaxy_a51_5g-review-2128.php,https://fdn.gsmarena.com/imgroot/reviews/20/samsung-galaxy-a51-5g/-347x151/gsmarena_001.jpg,
Oppo Reno3 Pro 5G  / Find X2 Neo review,https://www.gsmarena.com/oppo_reno_3_pro_5g_find_x2_neo-review-2127.php,https://fdn.gsmarena.com/imgroot/reviews/20/oppo-reno3-pro-5g/-347x151/gsmarena_000.jpg,
Realme X3 hands-on review,https://www.gsmarena.com/realme_x3_hands_on-review-2126.php,https://fdn.gsmarena.com/imgroot/reviews/20/realme-x3/hands-on/-347x151/gsmarena_001.jpg,
LG Velvet with DualScreen review,https://www.gsmarena.com/lg_velvet-review-2125.php,https://fdn.gsmarena.com/imgroot/reviews/20/lg-velvet/review24/-347x151/gsmarena_003.jpg,
Xiaomi Redmi Note 9 Pro/9 Pro Max review,https://www.gsmarena.com/xiaomi_redmi_note_9_pro_(max)-review-2124.php,https://fdn.gsmarena.com/imgroot/reviews/20/xiaomi-redmi-note-9-pro/-347x151/thumb4.jpg,
Xiaomi Redmi Note 9 review,https://www.gsmarena.com/xiaomi_redmi_note_9-review-2123.php,https://fdn.gsmarena.com/imgroot/reviews/20/xiaomi-redmi-note-9/-347x151/gsmarena_001.jpg,
Xiaomi Mi Note 10 Lite review,https://www.gsmarena.com/xiaomi_mi_note_10_lite-review-2122.php,https://fdn.gsmarena.com/imgroot/reviews/20/xiaomi-mi-note-10-lite/-347x151/gsmarena_001.jpg,
Testing 5G: Hype vs. Reality,https://www.gsmarena.com/5g_primer_what_all_the_fuss_is_about-review-2118.php,https://fdn.gsmarena.com/imgroot/reviews/20/5g-overhyped/thumb/-347x151/gsmarena_003.jpg,
Samsung Galaxy M21 hands-on review,https://www.gsmarena.com/samsung_galaxy_m21_hands_on-review-2121.php,https://fdn.gsmarena.com/imgroot/reviews/20/samsung-galaxy-m21/hands-on/thumb/-347x151/gsmarena_001.jpg,
Huawei P40 Pro+ review,https://www.gsmarena.com/huawei_p40_pro_plus-review-2120.php,https://fdn.gsmarena.com/imgroot/reviews/20/huawei-p40-pro-plus/-347x151/thumb.jpg,
Sony Xperia 10 II review,https://www.gsmarena.com/sony_xperia_10_ii-review-2119.php,https://fdn.gsmarena.com/imgroot/reviews/20/sony-xperia-10-ii/-347x151/gsmarena_006.jpg,
Realme X3 SuperZoom review,https://www.gsmarena.com/realme_x3_superzoom-review-2117.php,https://fdn.gsmarena.com/imgroot/reviews/20/realme-x3-superzoom/-347x151/gsmarena_002.jpg,
Poco F2 Pro review,https://www.gsmarena.com/xiaomi_poco_f2_pro-review-2116.php,https://fdn.gsmarena.com/imgroot/reviews/20/xiaomi-poco-f2-pro/-347x151/gsmarena_000.jpg,
Sony Xperia 1 II review,https://www.gsmarena.com/sony_xperia_1_ii-review-2115.php,https://fdn.gsmarena.com/imgroot/reviews/20/sony-xperia-1-ii/-347x151/gsmarena_007.jpg,
Huawei P40 Pro long-term review,https://www.gsmarena.com/huawei_p40_pro_long_term-review-2114.php,https://fdn.gsmarena.com/imgroot/reviews/20/huawei-p40-pro-long-term/thumb/-347x151/gsmarena_001.jpg,
Amazfit T-Rex review,https://www.gsmarena.com/amazfit_t_rex-review-2113.php,https://fdn.gsmarena.com/imgroot/reviews/20/amazfit-t-rex/-347x151/gsmarena_001.jpg,
Motorola Edge+ review,https://www.gsmarena.com/motorola_edge_plus-review-2112.php,https://fdn.gsmarena.com/imgroot/reviews/20/motorola-edge-plus/-347x151/gsmarena_001.jpg,
Motorola Edge review,https://www.gsmarena.com/motorola_edge-review-2111.php,https://fdn.gsmarena.com/imgroot/reviews/20/motorola-edge/-347x151/thumb3.jpg,
Huawei Mate Xs review,https://www.gsmarena.com/huawei_mate_xs-review-2110.php,https://fdn.gsmarena.com/imgroot/reviews/20/huawei-mate-xs/-347x151/gsmarena_100.jpg,
Moto G8 Power review,https://www.gsmarena.com/motorola_moto_g8_power-review-2109.php,https://fdn.gsmarena.com/imgroot/reviews/20/motorola-moto-g8-power/-347x151/thumb3.jpg,
Oppo Find X2 review,https://www.gsmarena.com/oppo_find_x2-review-2105.php,https://fdn.gsmarena.com/imgroot/reviews/20/oppo-find-x2/-347x151/gsmarena_001.jpg,
Xiaomi Mi 10 5G review,https://www.gsmarena.com/xiaomi_mi_10-review-2107.php,https://fdn.gsmarena.com/imgroot/reviews/20/xiaomi-mi-10-5g/-347x151/gsmarena_001.jpg,
Apple iPhone SE (2020) review,https://www.gsmarena.com/apple_iphone_se_2020-review-2108.php,https://fdn.gsmarena.com/imgroot/reviews/20/apple-iphone-se-2020/-347x151/thumb.jpg,
OnePlus 8 Pro review,https://www.gsmarena.com/oneplus_8_pro_review-review-2106.php,https://fdn.gsmarena.com/imgroot/reviews/20/oneplus-8-pro/banner/-347x151/gsmarena_002.jpg,
Xiaomi Redmi Note 9S / 9 Pro review,https://www.gsmarena.com/xiaomi_redmi_note_9s-review-2104.php,https://fdn.gsmarena.com/imgroot/reviews/20/xiaomi-redmi-note-9s/-347x151/thumb2.jpg,
OnePlus 8 review,https://www.gsmarena.com/oneplus_8-review-2103.php,https://fdn.gsmarena.com/imgroot/reviews/20/oneplus-8/-347x151/gsmarena_000.jpg,
vivo iQOO 3 5G review,https://www.gsmarena.com/vivo_iqoo_3_5g-review-2100.php,https://fdn.gsmarena.com/imgroot/reviews/20/vivo-iqoo-3-5g/-347x151/gsmarena_002.jpg,
Xiaomi Mi 10 Pro 5G review,https://www.gsmarena.com/xiaomi_mi_10_pro_5g-review-2102.php,https://fdn.gsmarena.com/imgroot/reviews/20/xiaomi-mi-10-pro-5g/-347x151/thumb3.jpg,
LG V60 ThinQ 5G review,https://www.gsmarena.com/lg_v60_thinq_5g-review-2101.php,https://fdn.gsmarena.com/imgroot/reviews/20/lg-v60-thinq-5g/banner/-347x151/gsmarena_004.jpg,
Realme X50 Pro 5G review,https://www.gsmarena.com/realme_x50_pro_5g-review-2099.php,https://fdn.gsmarena.com/imgroot/reviews/20/realme-x50-pro-5g/-347x151/thumb.jpg,
OnePlus 8 Pro hands-on review,https://www.gsmarena.com/oneplus_8_pro_hands_on-review-2098.php,https://fdn.gsmarena.com/imgroot/reviews/20/oneplus-8-pro-hands-on/banner/-347x151/banner4.jpg,
OnePlus 8 hands-on review,https://www.gsmarena.com/oneplus_8_hands_on-review-2097.php,https://fdn.gsmarena.com/imgroot/reviews/20/oneplus-8-hands-on/-347x151/gsmarena_000.jpg,
Realme 6i review,https://www.gsmarena.com/realme_6i-review-2094.php,https://fdn.gsmarena.com/imgroot/reviews/20/realme-6i/-347x151/thumb.jpg,
Huawei P40 review,https://www.gsmarena.com/huawei_p40-review-2096.php,https://fdn.gsmarena.com/imgroot/reviews/20/huawei-p40/-347x151/thumb.jpg,
"TCL 10 Pro, 10 5G and 10L hands-on review",https://www.gsmarena.com/tcl_10_pro_10_10l-review-2095.php,https://fdn.gsmarena.com/imgroot/reviews/20/tcl-10-10-pro-10l-hands-on/-347x151/gsmarena_000.jpg,
Realme 6 Pro review,https://www.gsmarena.com/realme_6_pro-review-2093.php,https://fdn.gsmarena.com/imgroot/reviews/20/realme-6-pro/-347x151/gsmarena_003.jpg,
RedMagic 5G review,https://www.gsmarena.com/nubia_red_magic_5g-review-2092.php,https://fdn.gsmarena.com/imgroot/reviews/20/nubia-red-magic-5g/-347x151/gsmarena_000.jpg,
Realme 6 review,https://www.gsmarena.com/realme_6-review-2091.php,https://fdn.gsmarena.com/imgroot/reviews/20/realme-6/-347x151/thumb.jpg,
Huawei P40 Pro review,https://www.gsmarena.com/huawei_p40_pro-review-2089.php,https://fdn.gsmarena.com/imgroot/reviews/20/huawei-p40-pro-/-347x151/thumb2.jpg,
Huawei P40 hands-on review,https://www.gsmarena.com/huawei_p40_hands_on-review-2090.php,https://fdn.gsmarena.com/imgroot/reviews/20/huawei-p40/hands-on/-347x151/gsmarena_100.jpg,
Samsung Galaxy S20+ review,https://www.gsmarena.com/samsung_galaxy_s20_plus-review-2088.php,https://fdn.gsmarena.com/imgroot/reviews/20/samsung-galaxy-s20-plus/-347x151/gsmarena_005.jpg,
OnePlus 7T Pro long-term review,https://www.gsmarena.com/oneplus_7t_pro_long_term-review-2087.php,https://fdn.gsmarena.com/imgroot/reviews/20/oneplus-7t-pro-long-term/thumb/-347x151/gsmarena_001.jpg,
Xiaomi Redmi Note 8 Pro long-term review,https://www.gsmarena.com/xiaomi_redmi_note_8_pro_long_term-review-2086.php,https://fdn.gsmarena.com/imgroot/reviews/20/xiaomi-redmi-note-8-pro-long-term/thumb/-347x151/gsmarena_001.jpg,
Oppo Find X2 Pro review,https://www.gsmarena.com/oppo_find_x2_pro-review-2085.php,https://fdn.gsmarena.com/imgroot/reviews/20/oppo-find-x2-pro/review/-347x151/gsmarena_001.jpg,
Huawei P40 Lite / nova 7i review,https://www.gsmarena.com/huawei_p40_lite-review-2084.php,https://fdn.gsmarena.com/imgroot/reviews/20/huawei-p40-lite/-347x151/header-thumb3.jpg,
Samsung Galaxy S20 review,https://www.gsmarena.com/samsung_galaxy_s20-review-2083.php,https://fdn.gsmarena.com/imgroot/reviews/20/samsung-galaxy-s20/-347x151/header-thumb.jpg,
Honor 9X Pro review,https://www.gsmarena.com/honor_9x_pro-review-2082.php,https://fdn.gsmarena.com/imgroot/reviews/20/honor-9x-pro/-347x151/header-thumb3.jpg,
Infinix S5 Pro review,https://www.gsmarena.com/infinix_s5_pro-review-2081.php,https://fdn.gsmarena.com/imgroot/reviews/20/infinix-s5-pro/-347x151/thumb.jpg,
Realme 6 Pro hands-on review,https://www.gsmarena.com/realme_6_pro_hands_on-review-2080.php,https://fdn.gsmarena.com/imgroot/reviews/20/realme-6-pro-hands-on/-347x151/gsmarena_000.jpg,
Oppo Find X2 Pro hands-on review,https://www.gsmarena.com/oppo_find_x2_pro_hands_on-review-2079.php,https://fdn.gsmarena.com/imgroot/reviews/20/oppo-find-x2-pro/hands-on/-347x151/gsmarena_001.jpg,
TCL futuristic foldables hands-on,https://www.gsmarena.com/tcl_foldable_concept_phones_hands_on-review-2077.php,https://fdn.gsmarena.com/imgroot/reviews/20/tcl-foldable-display-concepts-hands-on/-347x151/gsmarena_001.jpg,
Realme 6 hands-on review,https://www.gsmarena.com/realme_6_hands_on-review-2078.php,https://fdn.gsmarena.com/imgroot/reviews/20/realme-6-hands-on/-347x151/gsmarena_000.jpg,
Samsung Galaxy Z Flip review,https://www.gsmarena.com/samsung_galaxy_z_flip-review-2076.php,https://fdn.gsmarena.com/imgroot/reviews/20/samsung-galaxy-z-flip/-347x151/gsmarena_00037.jpg,
Oppo Reno3 Pro review,https://www.gsmarena.com/oppo_reno3_pro-review-2075.php,https://fdn.gsmarena.com/imgroot/reviews/20/oppo-reno3-pro/-347x151/gsmarena_000.jpg,
Samsung Galaxy S20 Ultra review,https://www.gsmarena.com/samsung_galaxy_s20_ultra_5g-review-2074.php,https://fdn.gsmarena.com/imgroot/reviews/20/samsung-galaxy-s20-ultra/review/-347x151/gsmarena_001.jpg,
LG V60 ThinQ 5G hands-on review,https://www.gsmarena.com/lg_v60_thinq_5g_hands_on-review-2073.php,https://fdn.gsmarena.com/imgroot/reviews/20/lg-v60-thinq-5g-hands-on/-347x151/gsmarena_002.jpg,
Galaxy S20 Ultra camera comparison,https://www.gsmarena.com/samsung_galaxy_s20_ultra_camera_comparison-review-2071.php,https://fdn.gsmarena.com/imgroot/reviews/20/samsung-galaxy-s20-ultra/camcomparison/-347x151/gsmarena_003.jpg,
vivo iQOO 3 hands-on review,https://www.gsmarena.com/vivo_iqoo_3_hands_on-review-2072.php,https://fdn.gsmarena.com/imgroot/news/20/02/vivo-iqoo-3-hands-on/-347x151/gsmarena_001.jpg,
Samsung Galaxy M31 hands-on review,https://www.gsmarena.com/samsung_galaxy_m31_hands_on-review-2070.php,https://fdn.gsmarena.com/imgroot/reviews/20/samsung-galaxy-m31/hands-on/-347x151/gsmarena_001.jpg,
Huawei Mate Xs hands-on review,https://www.gsmarena.com/huawei_mate_xs_hands_on-review-2069.php,https://fdn.gsmarena.com/imgroot/reviews/20/huawei-mate-xs-hands-on/-347x151/gsmarena_000.jpg,
Realme X50 Pro 5G hands-on review,https://www.gsmarena.com/realme_x50_pro_hands_on-review-2068.php,https://fdn.gsmarena.com/imgroot/reviews/20/realme-x50-pro-hands-on/-347x151/thumb1.jpg,
Ulefone Armor 7 review,https://www.gsmarena.com/ulefone_armor_7-review-2067.php,https://fdn.gsmarena.com/imgroot/reviews/20/ulefone-armor-7/-347x151/thumb2.jpg,
Samsung Galaxy A71 review,https://www.gsmarena.com/samsung_galaxy_a71-review-2065.php,https://fdn.gsmarena.com/imgroot/reviews/20/samsung-galaxy-a71/-347x151/thumb.jpg,
Samsung Galaxy Z Flip hands-on review,https://www.gsmarena.com/samsung_galaxy_z_flip_hands_on-review-2064.php,https://fdn.gsmarena.com/imgroot/reviews/20/samsung-galaxy-z-flip-hands-on/-347x151/gsmarena_001.jpg,
Samsung Galaxy S20 Ultra hands-on review,https://www.gsmarena.com/samsung_galaxy_s20_ultra_hands_on-review-2062.php,https://fdn.gsmarena.com/imgroot/reviews/20/samsung-galaxy-s20-ultra-hands-on/-347x151/gsmarena_222.jpg,
Samsung Galaxy S20 and S20+ hands-on review,https://www.gsmarena.com/samsung_galaxy_s20_s20plus_hands_on-review-2061.php,https://fdn.gsmarena.com/imgroot/reviews/20/samsung-galaxy-s20-s20plus-hands-on/-347x151/header-thumb2.jpg,
Samsung Galaxy Note10 Lite review,https://www.gsmarena.com/samsung_galaxy_note10_lite-review-2063.php,https://fdn.gsmarena.com/imgroot/reviews/20/samsung-galaxy-note10-lite/-347x151/gsmarena_006.jpg,
Samsung Galaxy S10 Lite review,https://www.gsmarena.com/samsung_galaxy_s10_lite-review-2060.php,https://fdn.gsmarena.com/imgroot/reviews/20/samsung-galaxy-s10-lite/-347x151/gsmarena_000.jpg,
Realme C3 hands-on review,https://www.gsmarena.com/realme_c3_hands_on_review-review-2059.php,https://fdn.gsmarena.com/imgroot/reviews/20/realme-c3-hands-on/thumb/-347x151/gsmarena_001.jpg,
Xiaomi Mi Note 10 long-term review,https://www.gsmarena.com/xiaomi_mi_note_10_long_term_review-review-2058.php,https://fdn.gsmarena.com/imgroot/reviews/20/xiaomi-mi-note-10-long-term/thumb/-347x151/gsmarena_001.jpg,
Samsung Galaxy A51 review,https://www.gsmarena.com/samsung_galaxy_a51-review-2057.php,https://fdn.gsmarena.com/imgroot/reviews/20/samsung-galaxy-a51/-347x151/gsmarena_004.jpg,
Xiaomi Redmi K30 review,https://www.gsmarena.com/xiaomi_redmi_k30-review-2055.php,https://fdn.gsmarena.com/imgroot/reviews/20/xiaomi-redmi-k30/-347x151/thumb3.jpg,
Honor V30 Pro review,https://www.gsmarena.com/honor_v30_pro-review-2056.php,https://fdn.gsmarena.com/imgroot/reviews/20/honor-v30-pro/-347x151/gsmarena_000.jpg,
"Best phones for selfies, Jan 2020",https://www.gsmarena.com/best_phones_selfies_photos_video_2020-review-2054.php,https://fdn.gsmarena.com/imgroot/reviews/20/selfie-shootout/-347x151/gsmarena_001.jpg,
vivo U20 hands-on review,https://www.gsmarena.com/vivo_u20-review-2053.php,https://fdn.gsmarena.com/imgroot/reviews/19/vivo-u20/thumb/-347x151/gsmarena_001.jpg,
Mi Note 10 vs. Galaxy Note10+: Do you really need 108MP in a phone?,https://www.gsmarena.com/samsung_galaxy_note10_plus_vs_xiaomi_mi_note_10-review-2052.php,https://fdn.gsmarena.com/imgroot/reviews/19/samsung-galaxy-note10-plus-vs-xiaomi-mi-note-10/-347x151/gsmarena_000.jpg,
Redmi Note 8 Pro vs. Realme X2: Showdown,https://www.gsmarena.com/redmi_note_8_pro_vs_realme_x2-review-2051.php,https://fdn.gsmarena.com/imgroot/reviews/19/realme-x2-vs-redmi-note-8-pro/-347x151/thumb.jpg,
Xiaomi Redmi 8a hands-on review,https://www.gsmarena.com/xiaomi_redmi_8a-review-2050.php,https://fdn.gsmarena.com/imgroot/reviews/19/xiaomi-redmi-8a/thumb/-347x151/gsmarena_001.jpg,
Samsung Galaxy M30s review,https://www.gsmarena.com/samsung_galaxy_m30s-review-2049.php,https://fdn.gsmarena.com/imgroot/reviews/19/samsung-galaxy-m30s/-347x151/gsmarena_000.jpg,
Samsung Galaxy Note10+ long-term review,https://www.gsmarena.com/samsung_galaxy_note10_plus_long_term-review-2048.php,https://fdn.gsmarena.com/imgroot/reviews/19/samsung-galaxy-note10-long-term/-347x151/gsmarena_001.jpg,
LG V50 ThinQ 5G Dual Screen review,https://www.gsmarena.com/lg_v50_thinq_5g-review-2047.php,https://fdn.gsmarena.com/imgroot/reviews/19/lg-v50-thinq-5g/-347x151/thumb3.jpg,
Motorola Moto G8 Plus review,https://www.gsmarena.com/motorola_moto_g8_plus-review-2046.php,https://fdn.gsmarena.com/imgroot/reviews/19/motorola-moto-g8-plus/-347x151/gsmarena_002.jpg,
OnePlus 7T long-term review,https://www.gsmarena.com/oneplus_7t_long_term-review-2045.php,https://fdn.gsmarena.com/imgroot/reviews/19/oneplus-7t-long-term/thumb/-347x151/gsmarena_001.jpg,
Xiaomi Redmi Note 8T review,https://www.gsmarena.com/xiaomi_redmi_note_8t-review-2044.php,https://fdn.gsmarena.com/imgroot/reviews/19/redmi-note-8t/-347x151/thumb.jpg,
Realme 5s review,https://www.gsmarena.com/realme_5s-review-2043.php,https://fdn.gsmarena.com/imgroot/reviews/19/realme-5s/-347x151/gsmarena_000.jpg,
Google Pixel 4 review,https://www.gsmarena.com/google_pixel_4-review-2042.php,https://fdn.gsmarena.com/imgroot/reviews/19/google-pixel-4/-347x151/gsmarena_001.jpg,
Xiaomi Redmi Note 8 review,https://www.gsmarena.com/xiaomi_redmi_note_8-review-2040.php,https://fdn.gsmarena.com/imgroot/reviews/19/redmi-note-8/-347x151/thumb.jpg,
Honor V30/V30 Pro hands-on review,https://www.gsmarena.com/honor_v30_hands_on-review-2041.php,https://fdn.gsmarena.com/imgroot/reviews/19/honor-v30-hands-on/-347x151/header-thumb4.jpg,
Best smartphones of 2026 - buyer’s guide,https://www.gsmarena.com/smartphone_buyers_guide-review-2036.php,https://fdn.gsmarena.com/imgroot/reviews/19/buyers-guide/thumbs/-347x151/gsmarena_015.jpg,
Realme 5s hands-on review,https://www.gsmarena.com/realme_5s_hands_on-review-2038.php,https://fdn.gsmarena.com/imgroot/reviews/19/realme-5s-handson/-347x151/gsmarena_000.jpg,
RedMagic 3s review,https://www.gsmarena.com/nubia_red_magic_3s-review-2026.php,https://fdn.gsmarena.com/imgroot/reviews/19/nubia-red-magic-3s/-347x151/gsmarena_000.jpg,
Best flagship phones 2026 - buyer’s guide,https://www.gsmarena.com/best_flagship_phones_buyers_guide-review-2027.php,https://fdn.gsmarena.com/imgroot/reviews/19/buyers-guide/thumbs/-347x151/gsmarena_002.jpg,
Phones with best battery life 2026 - buyer’s guide,https://www.gsmarena.com/phones_best_battery_life_buyers_guide-review-2028.php,https://fdn.gsmarena.com/imgroot/reviews/19/buyers-guide/thumbs/-347x151/gsmarena_005.jpg,
Best compact phones 2026 - buyer’s guide,https://www.gsmarena.com/best_compact_phones_buyers_guide-review-2029.php,https://fdn.gsmarena.com/imgroot/reviews/19/buyers-guide/thumbs/-347x151/gsmarena_006.jpg,
Best camera phones 2026 - buyer’s guide,https://www.gsmarena.com/best_camera_phones_buyers_guide-review-2030.php,https://fdn.gsmarena.com/imgroot/reviews/19/buyers-guide/thumbs/-347x151/gsmarena_003.jpg,
Best gaming phones 2026 - buyer’s guide,https://www.gsmarena.com/best_gaming_phones_buyers_guide-review-2031.php,https://fdn.gsmarena.com/imgroot/reviews/19/buyers-guide/thumbs/-347x151/gsmarena_004.jpg,
Best midrange all-rounders 2026 - buyer’s guide,https://www.gsmarena.com/best_midrange_allrounders_buyers_guide-review-2032.php,https://fdn.gsmarena.com/imgroot/reviews/19/buyers-guide/thumbs/-347x151/gsmarena_010.jpg,
Best premium all-rounders 2026 - buyer’s guide,https://www.gsmarena.com/best_premium_allrounders_buyers_guide-review-2033.php,https://fdn.gsmarena.com/imgroot/reviews/19/buyers-guide/thumbs/-347x151/gsmarena_007.jpg,
Best entry-level smartphones 2026 - buyer’s guide,https://www.gsmarena.com/best_entry_level_smartphones_buyers_guide-review-2034.php,https://fdn.gsmarena.com/imgroot/reviews/19/buyers-guide/thumbs/-347x151/gsmarena_008.jpg,
Best flagship killers 2026 - buyer’s guide,https://www.gsmarena.com/best_flagship_killers_buyers_guide-review-2039.php,https://fdn.gsmarena.com/imgroot/reviews/19/buyers-guide/thumbs/-347x151/gsmarena_016.jpg,
Motorola Razr hands-on,https://www.gsmarena.com/motorola_razr_hands_on-review-2025.php,https://fdn.gsmarena.com/imgroot/reviews/19/motorola-razr-2019/-347x151/thumb.jpg,
Nokia 6.2 review,https://www.gsmarena.com/nokia_6_2-review-2023.php,https://fdn.gsmarena.com/imgroot/reviews/19/nokia-62/-347x151/thumb2.jpg,
Samsung Galaxy Fold long-term review,https://www.gsmarena.com/samsung_galaxy_fold_long_term-review-1996.php,https://fdn.gsmarena.com/imgroot/reviews/19/samsung-galaxy-fold/long-term-review/-347x151/gsmarena_001.jpg,
Realme X2 review,https://www.gsmarena.com/realme_x2-review-2021.php,https://fdn.gsmarena.com/imgroot/reviews/19/realme-x2/-347x151/gsmarena_000.jpg,
Xiaomi Mi Note 10 review,https://www.gsmarena.com/xiaomi_mi_note_10-review-2020.php,https://fdn.gsmarena.com/imgroot/reviews/19/xiaomi-mi-note-10/-347x151/thumb7.jpg,
Xiaomi Mi CC9 Pro hands-on review,https://www.gsmarena.com/xiaomi_mi_cc9_hands_on-review-2019.php,https://fdn.gsmarena.com/imgroot/reviews/19/xiaomi-mi-cc9-pro-hands-on/thumb/-347x151/gsmarena_004.jpg,
Xiaomi Mi 9T Pro/Redmi K20 Pro long-term review,https://www.gsmarena.com/xiaomi_mi_9t_pro_long_term-review-2018.php,https://fdn.gsmarena.com/imgroot/reviews/19/xiaomi-mi-9t-pro-long-term/thumb/-347x151/gsmarena_000.jpg,
LG G8X ThinQ Dual Screen review,https://www.gsmarena.com/lg_g8x_thinq-review-2017.php,https://fdn.gsmarena.com/imgroot/reviews/19/lg-g8x-thinq/-347x151/thumb2.jpg,
Oppo Reno Ace review,https://www.gsmarena.com/oppo_reno_ace-review-2016.php,https://fdn.gsmarena.com/imgroot/reviews/19/oppo-reno-ace/-347x151/gsmarena_002.jpg,
Amazfit GTR watch review,https://www.gsmarena.com/amazfit_gtr-review-2015.php,https://fdn.gsmarena.com/imgroot/reviews/19/amazfit-gtr/-347x151/gsmarena_001.jpg,
Google Pixel 4 XL review,https://www.gsmarena.com/google_pixel_4_xl_review-review-2014.php,https://fdn.gsmarena.com/imgroot/reviews/19/google-pixel-4-xl/-347x151/gsmarena_0000.jpg,
OnePlus 7T Pro vs. OnePlus 7T,https://www.gsmarena.com/oneplus_7t_pro_vs_oneplus_7t-review-2013.php,https://fdn.gsmarena.com/imgroot/reviews/19/op-7t-pro-vs-op-7t/-347x151/gsmarena_001.jpg,
Realme X2 Pro review,https://www.gsmarena.com/realme_x2_pro-review-2012.php,https://fdn.gsmarena.com/imgroot/reviews/19/realme-x2-pro/-347x151/gsmarena_000.jpg,
Honor 9X review,https://www.gsmarena.com/honor_9x-review-2011.php,https://fdn.gsmarena.com/imgroot/reviews/19/honor-9x/-347x151/thumb.jpg,
Nokia 7.2 review,https://www.gsmarena.com/nokia_7_2-review-2010.php,https://fdn.gsmarena.com/imgroot/reviews/19/nokia-72/-347x151/gsmarena_001.jpg,
Motorola One Zoom review,https://www.gsmarena.com/motorola_one_zoom-review-2009.php,https://fdn.gsmarena.com/imgroot/reviews/19/motorola-one-zoom/-347x151/gsmarena_001.jpg,
OnePlus 7T Pro review,https://www.gsmarena.com/oneplus_7t_pro-review-2008.php,https://fdn.gsmarena.com/imgroot/reviews/19/one-plus-7t-pro/-347x151/thumb1.jpg,
vivo V17 Pro review,https://www.gsmarena.com/vivo_v17_pro-review-2006.php,https://fdn.gsmarena.com/imgroot/reviews/19/vivo-v17-pro/-347x151/thumb.jpg,
OnePlus 7T Pro McLaren Edition hands-on review,https://www.gsmarena.com/oneplus_7t_pro_mclaren_edition_hands_on-review-2007.php,https://fdn.gsmarena.com/imgroot/reviews/19/oneplus-7t-pro-mclaren-edition-handson/-347x151/thumb.jpg,
vivo NEX 3 5G review,https://www.gsmarena.com/vivo_nex_3_5g-review-2005.php,https://fdn.gsmarena.com/imgroot/reviews/19/vivo-nex-3-5g/-347x151/gsmarena_003.jpg,
"Realme X2, X2 Pro hands-on review",https://www.gsmarena.com/realme_x2_pro_hands_on-review-2004.php,https://fdn.gsmarena.com/imgroot/reviews/19/realme-x2-pro/hands-on/-347x151/gsmarena_0000.jpg,
ZTE nubia Z20 review,https://www.gsmarena.com/zte_nubia_z20-review-2003.php,https://fdn.gsmarena.com/imgroot/reviews/19/zte-nubia-z20/-347x151/thumb.jpg,
Xiaomi Mi 9 Lite/Mi CC9 review,https://www.gsmarena.com/xiaomi_mi_9_lite_mi_cc9-review-2002.php,https://fdn.gsmarena.com/imgroot/reviews/19/xiaomi-mi-9-lite/-347x151/thumb2.jpg,
OnePlus 7T Pro hands-on review,https://www.gsmarena.com/one_plus_7t_pro_hands_on-review-2001.php,https://fdn.gsmarena.com/imgroot/reviews/19/one-plus-7t-pro/preview+/thumb/-347x151/gsmarena_002.jpg,
Motorola One Macro review,https://www.gsmarena.com/moto_one_macro-review-2000.php,https://fdn.gsmarena.com/imgroot/reviews/19/moto-one-macro/-347x151/thumb3.jpg,
Oppo Reno2 review,https://www.gsmarena.com/oppo_reno2-review-1998.php,https://fdn.gsmarena.com/imgroot/reviews/19/oppo-reno2/-347x151/gsmarena_001.jpg,
Huawei P30 Pro long-term review,https://www.gsmarena.com/huawei_p30_pro_long_term-review-1999.php,https://fdn.gsmarena.com/imgroot/reviews/19/huawei-p30-pro-long-term/thumb/-347x151/gsmarena_001.jpg,
Xiaomi Redmi Note 8 Pro review,https://www.gsmarena.com/xiaomi_redmi_note_8_pro-review-1997.php,https://fdn.gsmarena.com/imgroot/reviews/19/xiaomi-redmi-note-8-pro/-347x151/gsmarena_000.jpg,
Huawei Mate 30 Pro review,https://www.gsmarena.com/huawei_mate_30_pro-review-1995.php,https://fdn.gsmarena.com/imgroot/reviews/19/huawei-mate-30-pro/-347x151/gsmarena_001.jpg,
Samsung Galaxy A50s hands-on review,https://www.gsmarena.com/samsung_galaxy_a50s_hands_on-review-1994.php,https://fdn.gsmarena.com/imgroot/reviews/19/samsung-galaxy-a50s/preview/thumb/-347x151/gsmarena_001.jpg,
Realme 5 review,https://www.gsmarena.com/realme_5-review-1990.php,https://fdn.gsmarena.com/imgroot/reviews/19/realme-5/-347x151/thumb.jpg,
Apple iPhone 11 review,https://www.gsmarena.com/apple_iphone_11-review-1993.php,https://fdn.gsmarena.com/imgroot/reviews/19/apple-iphone-11/-347x151/thumb2.jpg,
OnePlus 7T review,https://www.gsmarena.com/oneplus_7t-review-1992.php,https://fdn.gsmarena.com/imgroot/reviews/19/oneplus-7t/-347x151/gsmarena_000.jpg,
Apple iPhone 11 Pro and Pro Max review,https://www.gsmarena.com/apple_iphone_11_pro_max-review-1991.php,https://fdn.gsmarena.com/imgroot/reviews/19/apple-iphone-11-pro-max/-347x151/thumb6.jpg,
Samsung Galaxy A60/M40 review,https://www.gsmarena.com/samsung_galaxy_a60_m40-review-1988.php,https://fdn.gsmarena.com/imgroot/reviews/19/samsung-galaxy-a60/-347x151/gsmarena_001.jpg,
"Huawei Mate 30, 30 Pro, 30 RS hands-on review",https://www.gsmarena.com/huawei_mate_30_pro_rs_watch_gt2_handson-review-1989.php,https://fdn.gsmarena.com/imgroot/reviews/19/huawei-mate-30-pro-handson/-347x151/thumb2.jpg,
Sony Xperia 5 review,https://www.gsmarena.com/sony_xperia_5-review-1987.php,https://fdn.gsmarena.com/imgroot/reviews/19/sony-xperia-5/-347x151/gsmarena_004.jpg,
vivo NEX 3 hands-on review,https://www.gsmarena.com/vivo_nex_3_hands_on-review-1986.php,https://fdn.gsmarena.com/imgroot/reviews/19/vivo-nex-3-5g/hands-on/thumb/-347x151/gsmarena_002.jpg,
Realme XT review,https://www.gsmarena.com/realme_xt-review-1985.php,https://fdn.gsmarena.com/imgroot/reviews/19/realme-xt/-347x151/thumb.jpg,
Asus ROG Phone II review,https://www.gsmarena.com/asus_rog_phone_ii_ultimate_edition-review-1984.php,https://fdn.gsmarena.com/imgroot/reviews/19/asus-rog-phone-ii/review/-347x151/gsmarena_001.jpg,
Redmi K20 Pro vs. OnePlus 7,https://www.gsmarena.com/oneplus_7_vs_xiaomi_redmi_k20_pro-review-1983.php,https://fdn.gsmarena.com/imgroot/reviews/19/oneplus-7-vs-redmi-k20-pro/-347x151/gsmarena_001.jpg,
Samsung Galaxy A90 5G hands-on review,https://www.gsmarena.com/samsung_galaxy_a90_5g_hands_on-review-1982.php,https://fdn.gsmarena.com/imgroot/reviews/19/samsung-galaxy-a90-handson/-347x151/gsmarena_000.jpg,
LG G8X ThinQ first look,https://www.gsmarena.com/lg_g8x_thinq_first_look_hands_on-review-1980.php,https://fdn.gsmarena.com/imgroot/reviews/19/lg-ifa-2019/-347x151/gsmarena_001.jpg,
Motorola One Zoom hands-on review,https://www.gsmarena.com/motorola_one_zoom_hands_on-review-1977.php,https://fdn.gsmarena.com/imgroot/reviews/19/motorola-one-zoom-handson/-347x151/gsmarena_000.jpg,
Sony Xperia 5 hands-on review,https://www.gsmarena.com/sony_xperia_5_hands_on-review-1981.php,https://fdn.gsmarena.com/imgroot/reviews/19/sony-xperia-5-handson/-347x151/gsmarena_000.jpg,
"Nokia 7.2, 6.2, 2720, 800 hands-on review",https://www.gsmarena.com/nokia_72_62_2720_flip_800_tough_ifa_2019_hands_on-review-1978.php,https://fdn.gsmarena.com/imgroot/reviews/19/nokia-ifa-2019/-347x151/gsmarena_001.jpg,
Android 10 review,https://www.gsmarena.com/android_10-review-1979.php,https://fdn.gsmarena.com/imgroot/reviews/19/android-q-beta/thumb/-347x151/gsmarena_002.jpg,
Samsung Galaxy Note10 review,https://www.gsmarena.com/samsung_galaxy_note10-review-1976.php,https://fdn.gsmarena.com/imgroot/reviews/19/samsung-galaxy-note10/-347x151/gsmarena_007.jpg,
Realme 5 Pro review,https://www.gsmarena.com/realme_5_pro-review-1975.php,https://fdn.gsmarena.com/imgroot/reviews/19/realme-5-pro/-347x151/thumb2.jpg,
Xiaomi Redmi K20 Pro/Mi 9T Pro review,https://www.gsmarena.com/xiaomi_redmi_k20_pro_mi_9t_pro-review-1973.php,https://fdn.gsmarena.com/imgroot/reviews/19/xiaomi-redmi-k20-pro/-347x151/thumb.jpg,
Lenovo Z6 Pro review,https://www.gsmarena.com/lenovo_z6_pro-review-1970.php,https://fdn.gsmarena.com/imgroot/reviews/19/lenovo-z6-pro/-347x151/thumb2.jpg,
Samsung Galaxy Note10+ review,https://www.gsmarena.com/samsung_galaxy_note10_plus-review-1972.php,https://fdn.gsmarena.com/imgroot/reviews/19/samsung-galaxy-note10-plus/-347x151/gsmarena_000.jpg,
Realme 5 and 5 Pro hands-on review,https://www.gsmarena.com/realme_5_and_realme_5_pro_handson-review-1971.php,https://fdn.gsmarena.com/imgroot/reviews/19/realme-5-realme-5-pro-handson/-347x151/gsmarena_000.jpg,
LG W30 hands-on review,https://www.gsmarena.com/lg_w30_handson-review-1974.php,https://fdn.gsmarena.com/imgroot/reviews/19/lg-w30/thumb/-347x151/gsmarena_001.jpg,
Motorola One Action review,https://www.gsmarena.com/motorola_one_action-review-1969.php,https://fdn.gsmarena.com/imgroot/reviews/19/motorola-one-action/review-action/-347x151/gsmarena_002.jpg,
vivo Z1Pro hands-on review,https://www.gsmarena.com/vivo_z1pro_hands_on-review-1968.php,https://fdn.gsmarena.com/imgroot/reviews/19/vivo-z1-pro/thumb/-347x151/gsmarena_001.jpg,
Samsung Galaxy Note10 and Note10+ hands-on review,https://www.gsmarena.com/samsung_galaxy_note10_note10plus_hands_on-review-1967.php,https://fdn.gsmarena.com/imgroot/reviews/19/samsung-galaxy-note10/hands-on/-347x151/gsmarena_001.jpg,
Samsung Galaxy Tab S5e hands-on review,https://www.gsmarena.com/samsung_galaxy_tab_s5e-review-1962.php,https://fdn.gsmarena.com/imgroot/reviews/19/samsung-galaxy-tab-s5e/thumb/-347x151/gsmarena_003.jpg,
Xiaomi Redmi K20 Pro hands-on review,https://www.gsmarena.com/xiaomi_redmi_k20_pro_hands_on-review-1966.php,https://fdn.gsmarena.com/imgroot/reviews/19/xiaomi-redmi-k20-pro/thumb/-347x151/gsmarena_001.jpg,
Asus Zenfone 6 vs. Samsung Galaxy A80,https://www.gsmarena.com/asus_zenfone_6_vs_samsung_galaxy_a80-review-1965.php,https://fdn.gsmarena.com/imgroot/reviews/19/asus-zenfone-6-vs-samsung-galaxy-a80/-347x151/gsmarena_001.jpg,
Xiaomi Mi A3 review,https://www.gsmarena.com/xiaomi_mi_a3-review-1964.php,https://fdn.gsmarena.com/imgroot/reviews/19/xiaomi-mi-a3/-347x151/thumb.jpg,
Samsung Galaxy S10+ long-term review,https://www.gsmarena.com/samsung_galaxy_s10_plus_long_term-review-1963.php,https://fdn.gsmarena.com/imgroot/reviews/19/samsung-galaxy-s10-plus-long-term/thumb/-347x151/gsmarena_001.jpg,
Mobvoi TicWatch Pro 4G LTE review,https://www.gsmarena.com/mobvoi_ticwatch_pro_4g_review-review-1960.php,https://fdn.gsmarena.com/imgroot/reviews/19/mobvoi-ticwatch-pro-4g-lte-review/thumbnail/-347x151/gsmarena_002.jpg,
RedMagic 3 review,https://www.gsmarena.com/zte_nubia_red_magic_3-review-1961.php,https://fdn.gsmarena.com/imgroot/reviews/19/zte-nubia-red-magic-3/-347x151/gsmarena_002.jpg,
Honor 20 review,https://www.gsmarena.com/honor_20-review-1959.php,https://fdn.gsmarena.com/imgroot/reviews/19/honor-20/-347x151/thumb.jpg,
Asus ROG Phone II hands-on review,https://www.gsmarena.com/asus_rog_phone_2_hands_on-review-1958.php,https://fdn.gsmarena.com/imgroot/reviews/19/asus-rog-phone-ii/hands-on/-347x151/gsmarena_003.jpg,
"Black Shark, Red Magic vs mainstream flagships",https://www.gsmarena.com/gaming_phones_throttling_performance-review-1957.php,https://fdn.gsmarena.com/imgroot/reviews/19/gaming-phones-thermal-throttling/-347x151/gsmarena_001.jpg,
Our editors talk: 2019 H1 highs and lows,https://www.gsmarena.com/our_editors_talk_2019_h1-review-1955.php,https://fdn.gsmarena.com/imgroot/reviews/19/editors-talk-h1-2019/-347x151/gsmarena_002.jpg,
"Realme 3i, Realme X hands-on review",https://www.gsmarena.com/realme_3i_realme_x_handson-review-1956.php,https://fdn.gsmarena.com/imgroot/reviews/19/realme-x-realme-3i-hands-on-review/-347x151/gsmarena_007.jpg,
OnePlus 7 review,https://www.gsmarena.com/oneplus_7-review-1954.php,https://fdn.gsmarena.com/imgroot/reviews/19/oneplus-7/-347x151/thumb2.jpg,
Black Shark 2 review,https://www.gsmarena.com/black_shark_2-review-1953.php,https://fdn.gsmarena.com/imgroot/reviews/19/xiaomi-black-shark-2/-347x151/thumb.jpg,
MOQI i7s Android game console review,https://www.gsmarena.com/moqi_i7s-review-1952.php,https://fdn.gsmarena.com/imgroot/reviews/19/moqi-i7s/-347x151/gsmarena_001.jpg,
Xiaomi Mi 9 SE review,https://www.gsmarena.com/xiaomi_mi_9_se-review-1951.php,https://fdn.gsmarena.com/imgroot/reviews/19/xiaomi-mi-9-se/-347x151/gsmarena_001.jpg,
OnePlus 7 Pro vs. Samsung Galaxy S10+,https://www.gsmarena.com/oneplus_7_pro_vs_samsung_galaxy_s10_plus-review-1948.php,https://fdn.gsmarena.com/imgroot/reviews/19/oneplus-7-pro-vs-samsung-galaxy-s10-plus/-347x151/gsmarena_001.jpg,
Xiaomi Mi 9T/Redmi K20 review,https://www.gsmarena.com/xiaomi_mi_9t-review-1950.php,https://fdn.gsmarena.com/imgroot/reviews/19/xiaomi-mi-9t/-347x151/thumb4.jpg,
Samsung Galaxy M30 review,https://www.gsmarena.com/samsung_galaxy_m30-review-1949.php,https://fdn.gsmarena.com/imgroot/reviews/19/samsung-galaxy-m30/-347x151/gsmarena_003.jpg,
Samsung Galaxy A30 review,https://www.gsmarena.com/samsung_galaxy_a30-review-1947.php,https://fdn.gsmarena.com/imgroot/reviews/19/samsung-galaxy-a30/-347x151/thumb.jpg,
Motorola Moto Z4 review,https://www.gsmarena.com/motorola_moto_z4-review-1946.php,https://fdn.gsmarena.com/imgroot/reviews/19/motorola-moto-z4/-347x151/header-thumb.jpg,
Xiaomi Redmi Note 7 Pro hands-on review,https://www.gsmarena.com/xiaomi_redmi_note_7_pro-review-1945.php,https://fdn.gsmarena.com/imgroot/reviews/19/xiaomi-redmi-note-7-pro/thumb/-347x151/gsmarena_001.jpg,
Sony Xperia 1 vs. Samsung Galaxy S10+,https://www.gsmarena.com/samsung_galaxy_s10_plus_vs_sony_xperia_1-review-1944.php,https://fdn.gsmarena.com/imgroot/reviews/19/samsung-galaxy-s10-plus-vs-sony-xperia-1/-347x151/gsmarena_001.jpg,
Smartphone buyer's guide: Mid-2019 edition,https://www.gsmarena.com/smartphone_buyers_guide_mid_2019_edition-review-1943.php,https://fdn.gsmarena.com/imgroot/reviews/19/buyers-guide-mid-2019/-347x151/gsmarena_000.jpg,
Sony Xperia L3 review,https://www.gsmarena.com/sony_xperia_l3-review-1942.php,https://fdn.gsmarena.com/imgroot/reviews/19/sony-xperia-l3/-347x151/thumb.jpg,
Sony Xperia 1 review,https://www.gsmarena.com/sony_xperia_1-review-1941.php,https://fdn.gsmarena.com/imgroot/reviews/19/sony-xperia-1/-347x151/thumb.jpg,
Samsung Galaxy A80 review,https://www.gsmarena.com/samsung_galaxy_a80-review-1940.php,https://fdn.gsmarena.com/imgroot/reviews/19/samsung-galaxy-a80/-347x151/gsmarena_001.jpg,
Honor 20 Pro review,https://www.gsmarena.com/honor_20_pro-review-1939.php,https://fdn.gsmarena.com/imgroot/reviews/19/honor-20-pro/-347x151/gsmarena_001.jpg,
Oppo Reno 10x zoom review,https://www.gsmarena.com/oppo_reno_10x_zoom-review-1938.php,https://fdn.gsmarena.com/imgroot/reviews/19/oppo-reno-10x-zoom/review/-347x151/thumb.jpg,
Asus Zenfone 6 review,https://www.gsmarena.com/asus_zenfone_6-review-1937.php,https://fdn.gsmarena.com/imgroot/reviews/19/asus-zenfone-6/-347x151/gsmarena_001.jpg,
Samsung Galaxy A70 review,https://www.gsmarena.com/samsung_galaxy_a70-review-1936.php,https://fdn.gsmarena.com/imgroot/reviews/19/samsung-galaxy-a70/-347x151/thumb.jpg,
Android 10 Q beta review,https://www.gsmarena.com/android_10_q_beta-review-1935.php,https://fdn.gsmarena.com/imgroot/reviews/19/android-q-beta/thumb/-347x151/gsmarena_001.jpg,
Honor 20 and 20 Pro hands-on review,https://www.gsmarena.com/honor_20_pro_hands_on-review-1934.php,https://fdn.gsmarena.com/imgroot/reviews/19/honor-20-pro/hands-on/-347x151/gsmarena_000.jpg,
Asus Zenfone 6 hands-on review,https://www.gsmarena.com/asus_zenfone_6_hands_on-review-1933.php,https://fdn.gsmarena.com/imgroot/reviews/19/asus-zenfone-6/hands-on/-347x151/gsmarena_006.jpg,
Motorola One Vision review,https://www.gsmarena.com/motorola_one_vision-review-1932.php,https://fdn.gsmarena.com/imgroot/reviews/19/motorola-one-vision/-347x151/gsmarena_002.jpg,
OnePlus 7 Pro review,https://www.gsmarena.com/oneplus_7_pro-review-1930.php,https://fdn.gsmarena.com/imgroot/reviews/19/oneplus-7-pro/thumb/-347x151/gsmarena_003.jpg,
Realme X review,https://www.gsmarena.com/realme_x-review-1931.php,https://fdn.gsmarena.com/imgroot/reviews/19/realme-x/review-x/-347x151/gsmarena_001.jpg,
Huawei P30 Lite review,https://www.gsmarena.com/huawei_p30_lite-review-1929.php,https://fdn.gsmarena.com/imgroot/reviews/19/huawei-p30-lite/-347x151/thumb.jpg,
Google Pixel 3a XL review,https://www.gsmarena.com/google_pixel_3a_xl-review-1928.php,https://fdn.gsmarena.com/imgroot/reviews/19/google-pixel-3a-xl/-347x151/thumb.jpg,
OnePlus 6T long-term review,https://www.gsmarena.com/oneplus_6t_long_term-review-1927.php,https://fdn.gsmarena.com/imgroot/reviews/19/oneplus-6t-long-term/thumb/-347x151/gsmarena_002.jpg,
Samsung Galaxy A40 review,https://www.gsmarena.com/samsung_galaxy_a40-review-1924.php,https://fdn.gsmarena.com/imgroot/reviews/19/samsung-galaxy-a40/-347x151/gsmarena_000.jpg,
Samsung Galaxy Fold review,https://www.gsmarena.com/samsung_galaxy_fold-review-1926.php,https://fdn.gsmarena.com/imgroot/reviews/19/samsung-galaxy-fold/-347x151/thumb.jpg,
Oppo Reno 10x zoom hands-on review,https://www.gsmarena.com/oppo_reno_10x_zoom_hands_on-review-1925.php,https://fdn.gsmarena.com/imgroot/reviews/19/oppo-reno-10x-zoom/-347x151/gsmarena_002.jpg,
Realme 3 Pro review,https://www.gsmarena.com/realme_3_pro-review-1923.php,https://fdn.gsmarena.com/imgroot/reviews/19/realme-3-pro/review-1/-347x151/gsmarena_010.jpg,
Samsung Galaxy S10e vs. Apple iPhone XR,https://www.gsmarena.com/samsung_galaxy_s10e_vs_apple_iphone_xr-review-1922.php,https://fdn.gsmarena.com/imgroot/reviews/19/galaxy-s10e-vs-iphone-xr/thumb/-347x151/gsmarena_001.jpg,
Samsung Galaxy A50 review,https://www.gsmarena.com/samsung_galaxy_a50-review-1921.php,https://fdn.gsmarena.com/imgroot/reviews/19/samsung-galaxy-a50/-347x151/thumb4.jpg,
Samsung Galaxy Fold hands-on review,https://www.gsmarena.com/samsung_galaxy_fold_hands_on-review-1920.php,https://fdn.gsmarena.com/imgroot/reviews/19/samsung-galaxy-fold/hands-on/-347x151/gsmarena_026_.jpg,
Huawei P30 review,https://www.gsmarena.com/hauwei_p30-review-1919.php,https://fdn.gsmarena.com/imgroot/reviews/19/huawei-p30/-347x151/gsmarena_002.jpg,
Samsung Galaxy A80 and A70 hands-on review,https://www.gsmarena.com/samsung_galaxy_a80_a70_handson-review-1918.php,https://fdn.gsmarena.com/imgroot/reviews/19/samsung-galaxy-a80-a70-handson/-347x151/thumb.jpg,
LG G8 ThinQ review,https://www.gsmarena.com/lg_g8_thinq-review-1917.php,https://fdn.gsmarena.com/imgroot/reviews/19/lg-g8-thinq/-347x151/gsmarena_0000.jpg,
Nokia 9 PureView review,https://www.gsmarena.com/nokia_9_pureview-review-1916.php,https://fdn.gsmarena.com/imgroot/reviews/19/nokia-9-pureview/-347x151/thumb3.jpg,
Samsung Galaxy M20 review,https://www.gsmarena.com/samsung_galaxy_m20-review-1915.php,https://fdn.gsmarena.com/imgroot/reviews/19/samsung-galaxy-m20/-347x151/gsmarena_002.jpg,
Honor View 20 long-term review,https://www.gsmarena.com/honor_view_20_long_term-review-1914.php,https://fdn.gsmarena.com/imgroot/reviews/19/honor-view-20-long-term/-347x151/thumb.jpg,
Samsung Galaxy M10 review,https://www.gsmarena.com/samsung_galaxy_m10-review-1913.php,https://fdn.gsmarena.com/imgroot/reviews/19/samsung-galaxy-m10/-347x151/gsmarena_000.jpg,
Camera VS: Huawei P30 Pro against the world,https://www.gsmarena.com/huawei_p30_pro_camera_comparison-review-1912.php,https://fdn.gsmarena.com/imgroot/reviews/19/huawei-p30-pro-shootout-278/-347x151/gsmarena_001.jpg,
Huawei P30 Pro review,https://www.gsmarena.com/huawei_p30_pro-review-1910.php,https://fdn.gsmarena.com/imgroot/reviews/19/huawei-p30-pro-12/-347x151/thumb7.jpg,
Huawei P30 hands-on review,https://www.gsmarena.com/huawei_p30_hands_on-review-1911.php,https://fdn.gsmarena.com/imgroot/reviews/19/huawei-p30/hands-on-324/-347x151/gsmarena_013.jpg,
Sony Xperia 10 review,https://www.gsmarena.com/sony_xperia_10-review-1909.php,https://fdn.gsmarena.com/imgroot/reviews/19/sony-xperia-10/-347x151/gsmarena_001.jpg,
Samsung Galaxy S10e review,https://www.gsmarena.com/samsung_galaxy_s10e-review-1908.php,https://fdn.gsmarena.com/imgroot/reviews/19/samsung-galaxy-s10e/-347x151/gsmarena_000.jpg,
Oppo F11 Pro review,https://www.gsmarena.com/oppo_f11_pro-review-1907.php,https://fdn.gsmarena.com/imgroot/reviews/19/oppo-f11-pro/-347x151/thumb.jpg,
Sony Xperia 10 Plus review,https://www.gsmarena.com/sony_xperia_10_plus-review-1906.php,https://fdn.gsmarena.com/imgroot/reviews/19/sony-xperia-10-plus/-347x151/gsmarena_002.jpg,
vivo V15 Pro review,https://www.gsmarena.com/vivo_v15_pro_review-review-1905.php,https://fdn.gsmarena.com/imgroot/reviews/19/vivo-v15-pro/-347x151/gsmarena_000.jpg,
Sony Xperia XZ3 long-term review,https://www.gsmarena.com/sony_xperia_xz3_long_term-review-1904.php,https://fdn.gsmarena.com/imgroot/reviews/19/sony-xperia-xz3-long-term/thumb/-347x151/gsmarena_001.jpg,
Samsung Galaxy S10 review,https://www.gsmarena.com/samsung_galaxy_s10-review-1903.php,https://fdn.gsmarena.com/imgroot/reviews/19/samsung-galaxy-s10/-347x151/gsmarena_004.jpg,
Realme 3 review,https://www.gsmarena.com/realme_3-review-1902.php,https://fdn.gsmarena.com/imgroot/reviews/19/realme-3/-347x151/thumb4.jpg,
Motorola Moto G7 Play review,https://www.gsmarena.com/motorola_moto_g7_play-review-1893.php,https://fdn.gsmarena.com/imgroot/reviews/19/motorola-moto-g7-play/-347x151/thumb.jpg,
Samsung Galaxy S10+ review,https://www.gsmarena.com/samsung_galaxy_s10_plus-review-1901.php,https://fdn.gsmarena.com/imgroot/reviews/19/samsung-galaxy-s10-plus/-347x151/gsmarena_006.jpg,
"Samsung Galaxy A50, A30, Tab S5e hands-on review",https://www.gsmarena.com/samsung_galaxy_a50_a30_tab_s5e_hands_on-review-1900.php,https://fdn.gsmarena.com/imgroot/reviews/19/samsung-a50-a30-tab-s5e-hands-on/-347x151/gsmarena_001.jpg,
"Sony Xperia 1, 10 Plus, 10, L3 hands-on review",https://www.gsmarena.com/sony_xperia_1_10_10plus_l3_hands_on-review-1894.php,https://fdn.gsmarena.com/imgroot/reviews/19/sony-mwc-2019/-347x151/gsmarena_001.jpg,
"Xiaomi Mi Mix 3 5G, Mi 9 Explorer, and Mi 9 SE hands-on review",https://www.gsmarena.com/xiaomi_mi_mix_3_5g_mi_9_explorer_mi_9_se_hands_on-review-1899.php,https://fdn.gsmarena.com/imgroot/reviews/19/xiaomi-mwc-2019/-347x151/thumb.jpg,
LG V50 ThinQ 5G and LG G8 ThinQ hands-on review,https://www.gsmarena.com/lg_v50_thinq_5g_g8_thinq_hands_on-review-1898.php,https://fdn.gsmarena.com/imgroot/reviews/19/lg-mwc-2019/-347x151/thumb.jpg,
Nokia 9 PureView hands-on review,https://www.gsmarena.com/nokia_9_pureview_hands_on-review-1895.php,https://fdn.gsmarena.com/imgroot/reviews/19/nokia-9-pureview/hands-on/-347x151/gsmarena_001.jpg,
"Nokia 4.2, 3.2, 1 Plus and 210 hands-on review",https://www.gsmarena.com/nokia_42_32_1plus_210_hands_on-review-1897.php,https://fdn.gsmarena.com/imgroot/reviews/19/nokia-mwc-2019/-347x151/gsmarena_0000.jpg,
Huawei Mate X hands-on review,https://www.gsmarena.com/huawei_mate_x_hands_on-review-1896.php,https://fdn.gsmarena.com/imgroot/reviews/19/huawei-mate-x/hands-on/-347x151/gsmarena_001.jpg,
"Samsung Galaxy S10, S10+, S10e, S10 5G handson review",https://www.gsmarena.com/samsung_galaxy_s10_s10_plus_s10e_s10_5g_hands_on-review-1892.php,https://fdn.gsmarena.com/imgroot/reviews/19/samsung-galaxy-s10/hands-on-429/-347x151/gsmarena_001.jpg,
Xiaomi Mi 9 review,https://www.gsmarena.com/xiaomi_mi_9-review-1891.php,https://fdn.gsmarena.com/imgroot/reviews/19/xiaomi-mi-9/-347x151/thumb2.jpg,
vivo V15 Pro hands-on review,https://www.gsmarena.com/vivo_v15_pro_hands_on-review-1890.php,https://fdn.gsmarena.com/imgroot/reviews/19/vivo-v15-pro/hands-on/-347x151/gsmarena_000.jpg,
Motorola Moto G7 Plus review,https://www.gsmarena.com/motorola_moto_g7_plus-review-1887.php,https://fdn.gsmarena.com/imgroot/reviews/19/motorola-moto-g7-plus/-347x151/gsmarena_000.jpg,
Motorola Moto G7 Power review,https://www.gsmarena.com/motorola_moto_g7_power-review-1889.php,https://fdn.gsmarena.com/imgroot/reviews/19/motorola-moto-g7-power/-347x151/gsmarena_001.jpg,
Motorola Moto G7 review,https://www.gsmarena.com/motorola_moto_g7-review-1888.php,https://fdn.gsmarena.com/imgroot/reviews/19/motorola-moto-g7/-347x151/gsmarena_001.jpg,
Asus Zenfone Max M2 hands-on review,https://www.gsmarena.com/asus_zenfone_max_m2_zb633kl-review-1886.php,https://fdn.gsmarena.com/imgroot/reviews/19/asus-zenfone-max-m2-zb633kl/thumb/-347x151/gsmarena_001.jpg,
Moto G7 family hands-on review,https://www.gsmarena.com/motorola_moto_g7_plus_power_play-review-1885.php,https://fdn.gsmarena.com/imgroot/reviews/19/motorola-moto-g7-plus/hands-on/-347x151/gsmarena_001.jpg,
Xiaomi Mi 8 long-term review,https://www.gsmarena.com/xiaomi_mi_8_long_term-review-1884.php,https://fdn.gsmarena.com/imgroot/reviews/19/xiaomi-mi-8-long-term/thumb/-347x151/gsmarena_019.jpg,
Xiaomi Redmi Note 7 review,https://www.gsmarena.com/xiaomi_redmi_note_7-review-1883.php,https://fdn.gsmarena.com/imgroot/reviews/19/xiaomi-redmi-note-7/-347x151/gsmarena_000.jpg,
Huawei Mate 20 X review,https://www.gsmarena.com/huawei_mate_20_x-review-1882.php,https://fdn.gsmarena.com/imgroot/reviews/19/huawei-mate-20-x/-347x151/thumb2.jpg,
Huawei P Smart 2019 review,https://www.gsmarena.com/huawei_p_smart_2019-review-1881.php,https://fdn.gsmarena.com/imgroot/reviews/18/huawei-p-smart-2019/-347x151/gsmarena_003.jpg,
Honor View 20 review,https://www.gsmarena.com/honor_view_20-review-1880.php,https://fdn.gsmarena.com/imgroot/reviews/18/honor-view-20/-347x151/gsmarena_001.jpg,
vivo NEX Dual Display review,https://www.gsmarena.com/vivo_nex_dual_display-review-1878.php,https://fdn.gsmarena.com/imgroot/reviews/18/vivo-nex-dual-display/-347x151/gsmarena_001.jpg,
Pocophone F1 long-term review,https://www.gsmarena.com/pocophone_f1_long_term-review-1879.php,https://fdn.gsmarena.com/imgroot/reviews/18/pocophone-f1-long-term/thumb/-347x151/gsmarena_001.jpg,
Honor View 20 hands-on review,https://www.gsmarena.com/huawei_honor_view_20_hands_on-review-1877.php,https://fdn.gsmarena.com/imgroot/reviews/19/huawei-honor-view-20-handson/-347x151/gsmarena_012.jpg,
Xiaomi Mi Mix 3 review,https://www.gsmarena.com/xiaomi_mi_mix_3-review-1876.php,https://fdn.gsmarena.com/imgroot/reviews/19/xiaomi-mi-mix-3/-347x151/thumb.jpg,
Samsung Galaxy A9 (2018) review,https://www.gsmarena.com/samsung_galaxy_a9_2018-review-1874.php,https://fdn.gsmarena.com/imgroot/reviews/18/samsung-galaxy-a9-2018/-347x151/gsmarena_002.jpg,
Our editors' favorite smartphones of 2018,https://www.gsmarena.com/our_editors_favorite_smartphones_of_2018-review-1875.php,https://fdn.gsmarena.com/imgroot/reviews/18/the-smartphone-trends-of-2018/-347x151/thumb3.jpg,
Camera test: The phone with the best Portrait mode,https://www.gsmarena.com/portrait_modes_compared_shootout-review-1869.php,https://fdn.gsmarena.com/imgroot/reviews/18/portrait-shootout/-347x151/gsmarena_001.jpg,
Best and worst smartphone trends of 2018,https://www.gsmarena.com/smartphone_trends_of_2018-review-1871.php,https://fdn.gsmarena.com/imgroot/reviews/18/the-smartphone-trends-of-2018/-347x151/thumb.jpg,
Honor 10 Lite review,https://www.gsmarena.com/honor_10_lite-review-1872.php,https://fdn.gsmarena.com/imgroot/reviews/18/huawei-honor-10-lite/-347x151/gsmarena_002.jpg,
Asus Zenfone Max Pro (M2) ZB631KL review,https://www.gsmarena.com/asus_zenfone_max_pro_m2-review-1873.php,https://fdn.gsmarena.com/imgroot/reviews/18/asus-zenfone-max-pro-m2/thumb/-347x151/gsmarena_001.jpg,
Asus ROG Phone review,https://www.gsmarena.com/asus_rog_phone-review-1870.php,https://fdn.gsmarena.com/imgroot/reviews/18/asus-rog-phone/-347x151/gsmarena_002.jpg,
OnePlus 6T McLaren Edition review,https://www.gsmarena.com/oneplus_6t_mclaren_edition-review-1868.php,https://fdn.gsmarena.com/imgroot/reviews/18/oneplus-6t-mclaren-edition-review/thumb/-347x151/gsmarena_002.jpg,
Honor Magic 2 review,https://www.gsmarena.com/honor_magic_2-review-1865.php,https://fdn.gsmarena.com/imgroot/reviews/18/honor-magic-2/-347x151/gsmarena_002.jpg,
vivo NEX Dual Display Edition hands-on review,https://www.gsmarena.com/vivo_nex_dual_display_edition_hands_on-review-1867.php,https://fdn.gsmarena.com/imgroot/reviews/18/vivo-nex-dual-display-edition-handson/-347x151/thumb4.jpg,
OnePlus 6T McLaren Edition hands-on review,https://www.gsmarena.com/oneplus_6t_mclaren_edition_hands_on-review-1866.php,https://fdn.gsmarena.com/imgroot/reviews/18/oneplus-6t-mclaren-handson/-347x151/thumb4.jpg,
Oppo RX17 Pro review,https://www.gsmarena.com/oppo_rx17_pro-review-1864.php,https://fdn.gsmarena.com/imgroot/reviews/18/oppo-rx17-pro/-347x151/gsmarena_000.jpg,
Apple iPad Pro 12.9 (2018) review,https://www.gsmarena.com/apple_ipad_pro_12_9_2018-review-1863.php,https://fdn.gsmarena.com/imgroot/reviews/18/apple-ipad-pro-12-9-2018/-347x151/thumb05.jpg,
OnePlus 6T vs. 5T vs. 3T,https://www.gsmarena.com/oneplus_6t_5t_3t_evolution-review-1861.php,https://fdn.gsmarena.com/imgroot/reviews/18/oneplus-evolution-t/-347x151/gsmarena_003.jpg,
Realme U1 review,https://www.gsmarena.com/realme_u1-review-1860.php,https://fdn.gsmarena.com/imgroot/reviews/18/realme-u1/-347x151/thumb.jpg,
Xiaomi Mi 8 Lite review,https://www.gsmarena.com/xiaomi_mi_8_lite-review-1859.php,https://fdn.gsmarena.com/imgroot/reviews/18/xiaomi-mi-8-lite/-347x151/gsmarena_001.jpg,
ZenFone Max M1 and Lite L1 hands-on review,https://www.gsmarena.com/asus_zenfone_max_m1_and_lite_l1-review-1862.php,https://fdn.gsmarena.com/imgroot/reviews/18/asus-zenfone-max-m1-lite-l1/thumb/-347x151/gsmarena_001.jpg,
Night mode ON: Pixel 3 vs. Mate 20 Pro,https://www.gsmarena.com/google_pixel_3_vs_huawei_mate_20_pro_night_modes-review-1858.php,https://fdn.gsmarena.com/imgroot/reviews/18/google-pixel-3-vs-huawei-mate-20-pro-night-modes/-347x151/gsmarena_002.jpg,
Smartphone buyer's guide,https://www.gsmarena.com/smartphone_buyers_guide_winter_2018-review-1857.php,https://fdn.gsmarena.com/imgroot/reviews/18/smartphone-buyers-guide-december-2018/-347x151/thumb0.jpg,
Xiaomi Mi A2 long-term review,https://www.gsmarena.com/xiaomi_mi_a2_long_term-review-1856.php,https://fdn.gsmarena.com/imgroot/reviews/18/xiaomi-mi-a2-long-term/thumb/-347x151/gsmarena_002.jpg,
LG V40 ThinQ review,https://www.gsmarena.com/lg_v40_thinq-review-1855.php,https://fdn.gsmarena.com/imgroot/reviews/18/lg-v40-thinq/-347x151/gsmarena_002.jpg,
Motorola One review,https://www.gsmarena.com/motorola_one-review-1854.php,https://fdn.gsmarena.com/imgroot/reviews/18/motorola-one/-347x151/gsmarena_002.jpg,
Honor 8X review,https://www.gsmarena.com/honor_8x-review-1853.php,https://fdn.gsmarena.com/imgroot/reviews/18/huawei-honor-8x/-347x151/thumb.jpg,
Google Pixel 3 XL review,https://www.gsmarena.com/google_pixel_3_xl-review-1852.php,https://fdn.gsmarena.com/imgroot/reviews/18/google-pixel-3-xl/thumb/-347x151/gsmarena_001.jpg,
Samsung Galaxy A7 (2018) review,https://www.gsmarena.com/samsung_galaxy_a7_2018-review-1851.php,https://fdn.gsmarena.com/imgroot/reviews/18/samsung-galaxy-a7-2018/-347x151/gsmarena_001.jpg,
Xiaomi Redmi 6 and Redmi 6A review,https://www.gsmarena.com/xiaomi_redmi_6_6a-review-1850.php,https://fdn.gsmarena.com/imgroot/reviews/18/xiaomi-redmi-6-6a/thumb/-347x151/gsmarena_001.jpg,
Razer Phone 2 review,https://www.gsmarena.com/razer_phone_2-review-1849.php,https://fdn.gsmarena.com/imgroot/reviews/18/razer-phone-2/-347x151/gsmarena_001.jpg,
Oppo RX17 Pro hands-on review,https://www.gsmarena.com/oppo_rx17_pro_hands_on-review-1848.php,https://fdn.gsmarena.com/imgroot/reviews/18/oppo-rx17-pro-hands-on/-347x151/thumb.jpg,
Apple iPhone XR review,https://www.gsmarena.com/iphone_xr-review-1842.php,https://fdn.gsmarena.com/imgroot/reviews/18/iphone-xr/-347x151/gsmarena_012.jpg,
Huawei Mate 20 review,https://www.gsmarena.com/huawei_mate_20-review-1846.php,https://fdn.gsmarena.com/imgroot/reviews/18/huawei-mate-20/-347x151/thumb3.jpg,
Google Pixel 3 review,https://www.gsmarena.com/google_pixel_3-review-1847.php,https://fdn.gsmarena.com/imgroot/reviews/18/google-pixel-3/-347x151/gsmarena_006.jpg,
OnePlus 6T review,https://www.gsmarena.com/oneplus_6t-review-1843.php,https://fdn.gsmarena.com/imgroot/reviews/18/oneplus-6t/1plus60/-347x151/gsmarena_001.jpg,
Huawei Mate 20 Pro review,https://www.gsmarena.com/huawei_mate_20_pro-review-1845.php,https://fdn.gsmarena.com/imgroot/reviews/18/huawei-mate-20-pro/-347x151/thumb.jpg,
Xiaomi Mi Mix 3 hands-on review,https://www.gsmarena.com/xiaomi_mi_mix_3_handson-review-1844.php,https://fdn.gsmarena.com/imgroot/reviews/18/xiaomi-mi-mix-3/handson/thumb/-347x151/gsmarena_001.jpg,
Nokia 7.1 review,https://www.gsmarena.com/nokia_7_1-review-1841.php,https://fdn.gsmarena.com/imgroot/reviews/18/nokia-71/-347x151/thumb.jpg,
Oppo Find X Lamborghini Edition review,https://www.gsmarena.com/oppo_find_x_lamborghini_edition-review-1840.php,https://fdn.gsmarena.com/imgroot/reviews/18/oppo-find-x-lamborghini-edition/-347x151/gsmarena_001.jpg,
Xiaomi Redmi Note 6 Pro review,https://www.gsmarena.com/xiomi_redmi_note_6_pro-review-1835.php,https://fdn.gsmarena.com/imgroot/reviews/18/xiaomi-redmi-note-6-pro/-347x151/thumb.jpg,
"Huawei Mate 20, 20 Pro, 20 X hands-on review",https://www.gsmarena.com/huawei_mate_20_pro_hands_on-review-1839.php,https://fdn.gsmarena.com/imgroot/reviews/18/huawei-mate-20-pro-hands-on/-347x151/thumb2.jpg,
Apple iPhone XS Max vs. Samsung Galaxy Note9,https://www.gsmarena.com/apple_iphone_xs_max_vs_samsung_galaxy_note9_camera-review-1837.php,https://fdn.gsmarena.com/imgroot/reviews/18/apple-iphone-xs-max-vs-samsung-galaxy-note9/-347x151/gsmarena_006.jpg,
Samsung Galaxy A9 (2018) hands-on review,https://www.gsmarena.com/samsung_galaxy_a9_2018_hands_on-review-1838.php,https://fdn.gsmarena.com/imgroot/reviews/18/samsung-galaxy-a9-2018/hands-on/-347x151/gsmarena_002.jpg,
Honor 8X hands-on review,https://www.gsmarena.com/honor_8x_hands_on-review-1836.php,https://fdn.gsmarena.com/imgroot/reviews/18/honor-8x/hands-on/-347x151/gsmarena_001.jpg,
Razer Phone 2 hands-on review,https://www.gsmarena.com/razer_phone_2_hands_on-review-1834.php,https://fdn.gsmarena.com/imgroot/reviews/18/razer-phone-2/hands-on/-347x151/header-thumb3.jpg,
Google Pixel 3 and Pixel 3 XL hands-on review,https://www.gsmarena.com/google_pixel_3_and_pixel_3_xl_hands_on-review-1833.php,https://fdn.gsmarena.com/imgroot/reviews/18/google-pixel-3-and-pixel-3-xl-hands-on/thumb/-347x151/gsmarena_003.jpg,
Nokia 5.1 Plus review,https://www.gsmarena.com/nokia_5_1_plus-review-1832.php,https://fdn.gsmarena.com/imgroot/reviews/18/nokia-5-1-plus/thumb/-347x151/gsmarena_002.jpg,
Nokia 7.1 hands-on review,https://www.gsmarena.com/nokia_7_1_hands_on-review-1830.php,https://fdn.gsmarena.com/imgroot/reviews/18/nokia-7-1-hands-on/-347x151/thumb1.jpg,
LG V40 ThinQ hands-on review,https://www.gsmarena.com/lg_v4_thinq_hands_on-review-1831.php,https://fdn.gsmarena.com/imgroot/reviews/18/lg-v40-thinq/hands-on/-347x151/gsmarena_004.jpg,
Apple iPhone XS Max review,https://www.gsmarena.com/apple_iphone_xs_max-review-1829.php,https://fdn.gsmarena.com/imgroot/reviews/18/apple-iphone-xs-max/-347x151/thumb.jpg,
Realme 2 Pro review,https://www.gsmarena.com/oppo_realme_2_pro-review-1828.php,https://fdn.gsmarena.com/imgroot/reviews/18/oppo-realme-2-pro/-347x151/thumb.jpg,
Apple iPhone XS review,https://www.gsmarena.com/apple_iphone_xs-review-1827.php,https://fdn.gsmarena.com/imgroot/reviews/18/apple-iphone-xs/-347x151/thumb.jpg,
Huawei Mate 20 lite review,https://www.gsmarena.com/huawei_mate_20_lite-review-1826.php,https://fdn.gsmarena.com/imgroot/reviews/18/huawei-mate-20-lite/-347x151/gsmarena_001.jpg,
OnePlus 6 long-term review,https://www.gsmarena.com/oneplus_6_long_term-review-1825.php,https://fdn.gsmarena.com/imgroot/reviews/18/oneplus-6-long-term/thumb/-347x151/gsmarena_001.jpg,
Sony Xperia XA2 Plus review,https://www.gsmarena.com/sony_xperia_xa2_plus-review-1824.php,https://fdn.gsmarena.com/imgroot/reviews/18/sony-xperia-xa2-plus/-347x151/thumb.jpg,
Sony Xperia XZ3 review,https://www.gsmarena.com/sony_xperia_xz3-review-1822.php,https://fdn.gsmarena.com/imgroot/reviews/18/sony-xperia-xz3/review/-347x151/gsmarena_002.jpg,
Samsung Galaxy Watch review,https://www.gsmarena.com/samsung_galaxy_watch-review-1820.php,https://fdn.gsmarena.com/imgroot/reviews/18/samsung-galaxy-watch/thumb/-347x151/gsmarena_002.jpg,
Oppo F9/F9 Pro review,https://www.gsmarena.com/oppo_f9_pro-review-1823.php,https://fdn.gsmarena.com/imgroot/reviews/18/oppo-f9/-347x151/thumb.jpg,
vivo V11 review,https://www.gsmarena.com/vivo_v11-review-1821.php,https://fdn.gsmarena.com/imgroot/reviews/18/vivo-v11-pro/-347x151/thumb.jpg,
Asus Zenfone 5z review,https://www.gsmarena.com/asus_zenfone_5z-review-1819.php,https://fdn.gsmarena.com/imgroot/reviews/18/asus-zenfone-5z/thumb/-347x151/gsmarena_001.jpg,
HTC U12 life hands-on review,https://www.gsmarena.com/htc_u_12_life_hands_on-review-1817.php,https://fdn.gsmarena.com/imgroot/reviews/18/htc-u12-life/hands-on/-347x151/gsmarena_001.jpg,
Huawei Mate 20 Lite hands-on review,https://www.gsmarena.com/huawei_mate_20_lite_hands_on-review-1818.php,https://fdn.gsmarena.com/imgroot/reviews/18/huawei-mate-20-lite/ifa/thumb/-347x151/gsmarena_001.jpg,
Honor Play review,https://www.gsmarena.com/honor_play-review-1813.php,https://fdn.gsmarena.com/imgroot/reviews/18/huawei-honor-play/-347x151/thumb.jpg,
ZTE Axon 9 Pro hands-on review,https://www.gsmarena.com/zte_axon_9_pro_hands_on-review-1816.php,https://fdn.gsmarena.com/imgroot/reviews/18/zte-axon-9-pro/hands-on/-347x151/gsmarena_001.jpg,
BlackBerry KEY2 LE hands-on review,https://www.gsmarena.com/blackberry_key2_le_hands_on-review-1815.php,https://fdn.gsmarena.com/imgroot/reviews/18/blackberry-key2-le/hands-on/-347x151/gsmarena_004.jpg,
Sony Xperia XZ3 hands-on review,https://www.gsmarena.com/sony_xperia_xz3_hands_on-review-1812.php,https://fdn.gsmarena.com/imgroot/reviews/18/sony-xperia-xz3/hands-on/-347x151/gsmarena_001.jpg,
"LG G7 One, G7 Fit hands-on review",https://www.gsmarena.com/lg_g7_one_and_lg_g7_fit_hands_on-review-1814.php,https://fdn.gsmarena.com/imgroot/reviews/18/ifa2018-lg-g7/thumb/-347x151/gsmarena_001.jpg,
Oppo Realme 2 review,https://www.gsmarena.com/oppo_realme_2-review-1811.php,https://fdn.gsmarena.com/imgroot/reviews/18/realme-2/-347x151/thumb.jpg,
Sony Xperia XZ2 Premium review,https://www.gsmarena.com/sony_xperia_xz2_premium-review-1810.php,https://fdn.gsmarena.com/imgroot/reviews/18/sony-xperia-xz2-premium/-347x151/thumb_002.jpg,
Pocophone F1 by Xiaomi review,https://www.gsmarena.com/xiaomi_pocophone_f1-review-1808.php,https://fdn.gsmarena.com/imgroot/reviews/18/xiaomi-pocophone-f1/-347x151/thumb3.jpg,
Xiaomi Mi Max 3 review,https://www.gsmarena.com/xiaomi_mi_max_3-review-1809.php,https://fdn.gsmarena.com/imgroot/reviews/18/xiaomi-mi-max-3/-347x151/gsmarena_001.jpg,
Moto Z3 review,https://www.gsmarena.com/motorola_moto_z3-review-1806.php,https://fdn.gsmarena.com/imgroot/reviews/18/moto-z3/-347x151/thumb.jpg,
Nokia 6.1 Plus (X6) review,https://www.gsmarena.com/nokia_6_1_plus-review-1807.php,https://fdn.gsmarena.com/imgroot/reviews/18/nokia-6-1-plus/-347x151/thumb.jpg,
Samsung Galaxy Note9 review,https://www.gsmarena.com/samsung_galaxy_note9-review-1805.php,https://fdn.gsmarena.com/imgroot/reviews/18/samsung-galaxy-note9/-347x151/gsmarena_001.jpg,
Xiaomi Mi A2 Lite review,https://www.gsmarena.com/xiomi_mi_a2_lite-review-1804.php,https://fdn.gsmarena.com/imgroot/reviews/18/xiaomi-mi-a2-lite/-347x151/thumb.jpg,
Samsung Galaxy Note9 hands-on review,https://www.gsmarena.com/samsung_galaxy_note9-review-1803.php,https://fdn.gsmarena.com/imgroot/reviews/18/samsung-galaxy-note9/hands-on/-347x151/thumb.jpg,
Android 9 Pie review,https://www.gsmarena.com/android_9_pie-review-1802.php,https://fdn.gsmarena.com/imgroot/reviews/18/android-9-pixel-2-xl-review/-347x151/gsmarena_001.jpg,
Oppo Find X review,https://www.gsmarena.com/oppo_find_x-review-1801.php,https://fdn.gsmarena.com/imgroot/reviews/18/oppo-find-x/-347x151/thumb2.jpg,
Nokia 8110 4G review,https://www.gsmarena.com/nokia_8110_4g-review-1799.php,https://fdn.gsmarena.com/imgroot/reviews/18/nokia-8110-4g/-347x151/gsmarena_001.jpg,
Motorola Moto Z3 hands-on review,https://www.gsmarena.com/motorola_moto_z3_hands_on-review-1800.php,https://fdn.gsmarena.com/imgroot/reviews/18/moto-z3/hands-on/-347x151/gsmarena_100.jpg,
Xiaomi Mi A2 review,https://www.gsmarena.com/xiaomi_mi_a2-review-1798.php,https://fdn.gsmarena.com/imgroot/reviews/18/xiaomi-mi-a2/-347x151/gsmarena_001.jpg,
Samsung Galaxy Tab S4 10.5 hands-on review,https://www.gsmarena.com/samsung_galaxy_tab_s4_105_hands_on-review-1797.php,https://fdn.gsmarena.com/imgroot/reviews/18/samsung-galaxy-tab-s4-105/handson/thumb/-347x151/gsmarena_001.jpg,
Huawei Nova 3 review,https://www.gsmarena.com/huawei_nova_3-review-1796.php,https://fdn.gsmarena.com/imgroot/reviews/18/huawei-nova-3/preview/thumb/-347x151/thumb02.jpg,
Nokia 3.1 review,https://www.gsmarena.com/nokia_3_1-review-1795.php,https://fdn.gsmarena.com/imgroot/reviews/18/nokia-31/-347x151/thumb.jpg,
Xiaomi Mi 8 SE review,https://www.gsmarena.com/xiaomi_mi_8_se-review-1794.php,https://fdn.gsmarena.com/imgroot/reviews/18/xiaomi-mi-8-se/-347x151/gsmarena_001.jpg,
Xiaomi Mi A2 and Mi A2 Lite hands-on review,https://www.gsmarena.com/xiomi_mi_a2_a2_lite_hands_on-review-1793.php,https://fdn.gsmarena.com/imgroot/reviews/18/xiomi-mi-a2-a2-lite-handson/-347x151/gsmarena_002.jpg,
Sony Xperia XZ2 Premium hands-on review,https://www.gsmarena.com/sony_xperia_xz2_premium_hands_on-review-1792.php,https://fdn.gsmarena.com/imgroot/reviews/18/sony-xperia-xz2-premium/preview/-347x151/gsmarena_001.jpg,
Huawei P20 Pro long-term review,https://www.gsmarena.com/huawei_p20_pro_long_term-review-1791.php,https://fdn.gsmarena.com/imgroot/reviews/18/huawei-p20-pro-long-term-review/-347x151/thumb.jpg,
Samsung Galaxy A6+ (2018) review,https://www.gsmarena.com/samsung_galaxy_a6_plus_2018-review-1790.php,https://fdn.gsmarena.com/imgroot/reviews/18/samsung-galaxy-a6-plus-2018/-347x151/gsmarena_001.jpg,
Huawei Y7 Prime (2018) review,https://www.gsmarena.com/huawei_y7_prime_2018-review-1789.php,https://fdn.gsmarena.com/imgroot/reviews/18/huawei-y7-prime-2018/-347x151/gsmarena_002.jpg,
BlackBerry KEY2 review,https://www.gsmarena.com/blackberry_key2-review-1788.php,https://fdn.gsmarena.com/imgroot/reviews/18/blackberry-key2/-347x151/banner.jpg,
Meizu 15 review,https://www.gsmarena.com/meizu_15-review-1787.php,https://fdn.gsmarena.com/imgroot/reviews/18/meizu-15/-347x151/gsmarena_001.jpg,
LG G7 ThinQ review,https://www.gsmarena.com/lg_g7_thinq-review-1786.php,https://fdn.gsmarena.com/imgroot/reviews/18/lg-g7-thinq/-347x151/thumb.jpg,
vivo NEX S review,https://www.gsmarena.com/vivo_nex_s-review-1785.php,https://fdn.gsmarena.com/imgroot/reviews/18/vivo-nex-s/-347x151/gsmarena_002.jpg,
Xiaomi Mi 8 review,https://www.gsmarena.com/xiaomi_mi_8-review-1784.php,https://fdn.gsmarena.com/imgroot/reviews/18/xiaomi-mi-8/-347x151/gsmarena_002.jpg,
Samsung Galaxy S9+ long-term review,https://www.gsmarena.com/samsung_galaxy_s9_plus_long_term-review-1780.php,https://fdn.gsmarena.com/imgroot/reviews/18/samsung-galaxy-s9-plus-long-term/thumb/-347x151/gsmarena_001.jpg,
Xiaomi Redmi S2 (Y2) review,https://www.gsmarena.com/xiaomi_redmi_s2_y2-review-1781.php,https://fdn.gsmarena.com/imgroot/reviews/18/xiaomi-redmi-s2/-347x151/thumb.jpg,
HTC U12+ review,https://www.gsmarena.com/htc_u12_plus_review-review-1783.php,https://fdn.gsmarena.com/imgroot/reviews/18/htc-u12-plus/review/thumb/-347x151/htc-thumb.jpg,
Oppo Find X hands-on review,https://www.gsmarena.com/oppo_find_x_hands_on-review-1782.php,https://fdn.gsmarena.com/imgroot/reviews/18/oppo-find-x/handson/thumb/-347x151/gsmarena_002.jpg,
Samsung Galaxy A6 (2018) review,https://www.gsmarena.com/samsung_galaxy_a6_2018-review-1779.php,https://fdn.gsmarena.com/imgroot/reviews/18/samsung-galaxy-a6-2018/-347x151/gsmarena_002.jpg,
Xiaomi Redmi Note 5 AI Dual Camera review,https://www.gsmarena.com/xiaomi_redmi_note_5_ai_dc-review-1777.php,https://fdn.gsmarena.com/imgroot/reviews/18/xiaomi-redmi-note-5-ai-dc/-347x151/gsmarena_001.jpg,
vivo NEX S and NEX A hands-on review,https://www.gsmarena.com/vivo_nex_s_and_nex_a_hands_on_review-review-1778.php,https://fdn.gsmarena.com/imgroot/reviews/18/vivo-nex-handson/thumb/-347x151/header-thumb1.jpg,
OnePlus 6 review,https://www.gsmarena.com/oneplus_6-review-1776.php,https://fdn.gsmarena.com/imgroot/reviews/18/oneplus-6/-347x151/gsmarena_002.jpg,
BlackBerry Key2 hands-on review,https://www.gsmarena.com/blackberry_key2_hands_on-review-1775.php,https://fdn.gsmarena.com/imgroot/reviews/18/blackberry-key2-hands-on/-347x151/gsmarena_001.jpg,
Moto Z3 Play hands-on review,https://www.gsmarena.com/moto_z3_play_hands_on-review-1774.php,https://fdn.gsmarena.com/imgroot/reviews/18/moto-z3-play-hands-on/-347x151/thumb.jpg,
Moto G6 review,https://www.gsmarena.com/motorola_moto_g6-review-1773.php,https://fdn.gsmarena.com/imgroot/reviews/18/motorola-moto-g6/-347x151/thumb.jpg,
Nokia 8 Sirocco review,https://www.gsmarena.com/nokia_8_sirocco-review-1772.php,https://fdn.gsmarena.com/imgroot/reviews/18/nokia-8-sirocco/-347x151/gsmarena_002.jpg,
Honor 10 review,https://www.gsmarena.com/honor_10-review-1771.php,https://fdn.gsmarena.com/imgroot/reviews/18/huawei-honor-10/-347x151/thumb.jpg,
"Nokia 5.1, 3.1 and 2.1 hands-on review",https://www.gsmarena.com/nokia_5_1_3_1_2_1-review-1770.php,https://fdn.gsmarena.com/imgroot/reviews/18/nokia-5-1-3-1-2-1-hands-on/-347x151/gsmarena_306.jpg,
Oppo Realme 1 review,https://www.gsmarena.com/oppo_realme_1-review-1769.php,https://fdn.gsmarena.com/imgroot/reviews/18/oppo-realme-1/-347x151/gsmarena_001.jpg,
Huawei P20 Lite review,https://www.gsmarena.com/huawei_p20_lite-review-1767.php,https://fdn.gsmarena.com/imgroot/reviews/18/huawei-p20-lite/-347x151/thumb1.jpg,
Sony Xperia XZ2 long-term review,https://www.gsmarena.com/sony_xz2_long_term-review-1768.php,https://fdn.gsmarena.com/imgroot/reviews/18/sony-xperia-xz2-long-term/thumb/-347x151/gsmarena_001.jpg,
HTC U12+ hands-on review,https://www.gsmarena.com/htc_u12_plus_hands_on-review-1766.php,https://fdn.gsmarena.com/imgroot/reviews/18/htc-u12-plus/hands-on/-347x151/gsmarena_001.jpg,
Motorola Moto G6 Play review,https://www.gsmarena.com/motorola_moto_g6_play-review-1765.php,https://fdn.gsmarena.com/imgroot/reviews/18/motorola-moto-g6-play/-347x151/gsmarena_001.jpg,
OnePlus 6 hands-on,https://www.gsmarena.com/oneplus_6_hands_on-review-1764.php,https://fdn.gsmarena.com/imgroot/reviews/18/oneplus-6/hands-on/thumb/-347x151/gsmarena_001.jpg,
Huawei Honor 10 hands-on review,https://www.gsmarena.com/huawei_honor_10_hands_on-review-1763.php,https://fdn.gsmarena.com/imgroot/reviews/18/huawei-honor-10/hands-on/-347x151/gsmarena_002.jpg,
Motorola Moto G6 Plus review,https://www.gsmarena.com/motorola_moto_g6_plus-review-1762.php,https://fdn.gsmarena.com/imgroot/reviews/18/motorola-moto-g6-plus/-347x151/gsmarena_002.jpg,
Android P public beta first-look review,https://www.gsmarena.com/android_p_public_beta_first_look-review-1761.php,https://fdn.gsmarena.com/imgroot/reviews/18/android-p-hands-on/-347x151/gsmarena_001.jpg,
Asus Zenfone Max Pro M1 hands-on review,https://www.gsmarena.com/asus_zenfone_max_pro_zb601kl-review-1760.php,https://fdn.gsmarena.com/imgroot/reviews/18/asus-zenfone-max-pro/thumb/-347x151/gsmarena_001.jpg,
Oppo F7 review,https://www.gsmarena.com/oppo_f7-review-1759.php,https://fdn.gsmarena.com/imgroot/reviews/18/oppo-f7/-347x151/thumb.jpg,
Xiaomi Mi Mix 2S review,https://www.gsmarena.com/xiaomi_mi_mix_2s-review-1758.php,https://fdn.gsmarena.com/imgroot/reviews/18/xiaomi-mi-mix-2s/thumb/-347x151/gsmarena_001.jpg,
LG G7 ThinQ hands-on review,https://www.gsmarena.com/lg_g7_thinq_hands_on-review-1757.php,https://fdn.gsmarena.com/imgroot/reviews/18/lg-g7-thinq-hands-on/-347x151/thumb.jpg,
LG V30S ThinQ long-term review,https://www.gsmarena.com/lg_v30s_thinq_long_term-review-1756.php,https://fdn.gsmarena.com/imgroot/reviews/18/lg-v30s-thinq-long-term/thumb/-347x151/gsmarena_001.jpg,
Huawei P20 Pro vs. Samsung Galaxy S9+,https://www.gsmarena.com/huawei_p20_pro_vs_samsung_galaxy_s9_plus-review-1755.php,https://fdn.gsmarena.com/imgroot/reviews/18/huawei-p20-pro-vs-samsung-galaxy-s9-plus/-347x151/gsmarena_002.jpg,
Nokia 6 (2018) review,https://www.gsmarena.com/nokia_6_2018-review-1754.php,https://fdn.gsmarena.com/imgroot/reviews/18/nokia-6-2018/-347x151/thumb.jpg,
"Meizu 15, 15 Plus, and 15 Lite hands-on review",https://www.gsmarena.com/meizu_15_meizu_15_plus_meizu_15_lite_hands_on-review-1753.php,https://fdn.gsmarena.com/imgroot/reviews/18/meizu-15-hands-on/-347x151/gsmarena_302.jpg,
Nokia 7 plus review,https://www.gsmarena.com/nokia_7_plus-review-1752.php,https://fdn.gsmarena.com/imgroot/reviews/18/nokia-7-plus/-347x151/gsmarena_002.jpg,
"Moto G6, G6 Plus, and G6 Play hands-on review",https://www.gsmarena.com/moto_g6_g6plus_g6play_handson-review-1750.php,https://fdn.gsmarena.com/imgroot/reviews/18/moto-g6-g6play-g6plus-handson/-347x151/gsmarena_000.jpg,
Moto E5 Plus and E5 hands-on review,https://www.gsmarena.com/moto_e5_plus_e5_hands_on-review-1751.php,https://fdn.gsmarena.com/imgroot/reviews/18/moto-e5-plus-e5-hands-on/-347x151/gsmarena_001.jpg,
Huawei P20 review,https://www.gsmarena.com/huawei_p20-review-1749.php,https://fdn.gsmarena.com/imgroot/reviews/18/huawei-p20/-347x151/thumb.jpg,
Oppo R15 Pro review,https://www.gsmarena.com/oppo_r15_pro-review-1748.php,https://fdn.gsmarena.com/imgroot/reviews/18/oppo-r15-pro/-347x151/thumb8.jpg,
Huawei P20 Pro review,https://www.gsmarena.com/huawei_p20_pro-review-1747.php,https://fdn.gsmarena.com/imgroot/reviews/18/huawei-p20-pro/-347x151/gsmarena_001.jpg,
Lumia 1020 vs. Huawei P20 Pro,https://www.gsmarena.com/nokia_lumia_1020_vs_huawei_p20_pro_blind_shootout-review-1745.php,https://fdn.gsmarena.com/imgroot/reviews/18/lumia-1020-vs-huawei-p20-pro/-347x151/gsmarena_002.jpg,
Oppo F5 long-term review,https://www.gsmarena.com/oppo_f5_long_term-review-1746.php,https://fdn.gsmarena.com/imgroot/reviews/18/oppo-f5-long-term/-347x151/gsmarena_001.jpg,
Huawei P20 Pro: a photo walk around Paris,https://www.gsmarena.com/huawei_p20_pro_paris_photo_shoot-review-1744.php,https://fdn.gsmarena.com/imgroot/reviews/18/huawei-p20-pro-camera-paris/-347x151/gsmarena_001.jpg,
Galaxy S9 vs. Xperia XZ2 shootout,https://www.gsmarena.com/samsung_galaxy_s9_vs_sony_xperia_xz2_shootout-review-1743.php,https://fdn.gsmarena.com/imgroot/reviews/18/galaxy-s9-vs-xperia-xz2/-347x151/gsmarena_002.jpg,
Oppo R15 and R15 Pro hands-on review,https://www.gsmarena.com/oppo_r15_r15_pro_hands_on-review-1742.php,https://fdn.gsmarena.com/imgroot/reviews/18/oppo-r15-pro-hands-on/-347x151/gsmarena_001.jpg,
"Huawei P20, P20 Pro and Mate RS hands-on review",https://www.gsmarena.com/huawei_p20_p20_pro_hands_on-review-1741.php,https://fdn.gsmarena.com/imgroot/reviews/18/huawei-p20-p20-pro-handson/-347x151/thumb.jpg,
Xiaomi Mi Mix 2s hands-on review,https://www.gsmarena.com/xiaomi_mi_mix_2s_hands_on-review-1740.php,https://fdn.gsmarena.com/imgroot/reviews/18/xiaomi-mi-mix-2-hands-on/-347x151/gsmarena_002.jpg,
iPhone X vs. Galaxy S9+ shootout,https://www.gsmarena.com/apple_iphone_x_vs_samsung_galaxy_s9_plus_shootout-review-1739.php,https://fdn.gsmarena.com/imgroot/reviews/18/iphone-x-vs-galaxy-s9-plus/-347x151/gsmarena_001.jpg,
Huawei Mate 10 Lite long-term review,https://www.gsmarena.com/huawei_mate_10_lite_long_term-review-1738.php,https://fdn.gsmarena.com/imgroot/reviews/18/huawei-mate-10-lite-long-term/thumb/-347x151/gsmarena_001.jpg,
Sony Xperia XZ2 Compact review,https://www.gsmarena.com/sony_xperia_xz2_compact-review-1737.php,https://fdn.gsmarena.com/imgroot/reviews/18/sony-xperia-xz2-compact/-347x151/thumb.jpg,
Samsung Galaxy S9+ review,https://www.gsmarena.com/samsung_galaxy_s9_plus-review-1736.php,https://fdn.gsmarena.com/imgroot/reviews/18/samsung-galaxy-s9-plus/-347x151/gsmarena_005.jpg,
Sony Xperia XZ2 review,https://www.gsmarena.com/sony_xperia_xz2-review-1735.php,https://fdn.gsmarena.com/imgroot/reviews/18/sony-xperia-xz2/-347x151/gsmarena_005.jpg,
Samsung Galaxy S9 review,https://www.gsmarena.com/samsung_galaxy_s9-review-1734.php,https://fdn.gsmarena.com/imgroot/reviews/18/samsung-galaxy-s9/-347x151/thumb.jpg,
LG V30 vs LG V30S ThinQ camera comparison,https://www.gsmarena.com/lg_v30_vs_v30s_camera-review-1733.php,https://fdn.gsmarena.com/imgroot/reviews/18/lg-v30-vs-v30s-thinq-camera/-347x151/gsmarena_000.jpg,
"Asus Zenfone 5, 5z, 5 Lite hands-on review",https://www.gsmarena.com/asus_zenfone_5_lite_max_m1_hands_on-review-1732.php,https://fdn.gsmarena.com/imgroot/reviews/18/asus-mwc-2018/-347x151/thumb2.jpg,
Sony Xperia XZ2 and XZ2 Compact hands-on review,https://www.gsmarena.com/sony_xperia_xz2_xz2_compact-review-1731.php,https://fdn.gsmarena.com/imgroot/reviews/18/sony-xperia-xz2-xz2-compact-hands-on/-347x151/gsmarena_001.jpg,
Samsung Galaxy S9 and S9+ hands-on review,https://www.gsmarena.com/samsung_galaxy_s9_s9_plus-review-1730.php,https://fdn.gsmarena.com/imgroot/reviews/18/samsung-mwc-2018/-347x151/thumb2.jpg,
"Nokia  8 Sirocco, 7 Plus, and 8110 4G hands-on review",https://www.gsmarena.com/nokia_7_plus_nokia_8_sirocco_nokia_1_nokia_8110-review-1727.php,https://fdn.gsmarena.com/imgroot/reviews/18/nokia-mwc-2018/-347x151/gsmarena_001.jpg,
Alcatel at MWC 2018,https://www.gsmarena.com/alcatel_5_3_1_hands_on-review-1728.php,https://fdn.gsmarena.com/imgroot/reviews/18/alcatel-mwc-2018/-347x151/gsmarena_002.jpg,
Samsung Galaxy Note8 long-term review,https://www.gsmarena.com/samsung_galaxy_note_8_long_term-review-1724.php,https://fdn.gsmarena.com/imgroot/reviews/18/samsung-galaxy-note8-long-term/-347x151/thumb4.jpg,
Xiaomi Redmi Note 5 Pro hands-on review,https://www.gsmarena.com/xiaomi_note_5_pro_hands_on-review-1725.php,https://fdn.gsmarena.com/imgroot/reviews/18/xiaomi-note-5-pro/hands-on/thumb/-347x151/gsmarena_001.jpg,
Huawei P Smart review,https://www.gsmarena.com/huawei_p_smart-review-1723.php,https://fdn.gsmarena.com/imgroot/reviews/18/huawei-p-smart/-347x151/thumb.jpg,
Apple iPhone 8 Plus long-term review,https://www.gsmarena.com/apple_iphone_8_plus_long_term-review-1722.php,https://fdn.gsmarena.com/imgroot/reviews/18/apple-iphone-8-plus-long-term/thumbs/-347x151/gsmarena_001.jpg,
Sony Xperia L2 review,https://www.gsmarena.com/sony_xperia_l2-review-1721.php,https://fdn.gsmarena.com/imgroot/reviews/18/sony-xperia-l2/-347x151/gsmarena_004.jpg,
The best phone cameras for selfie videos,https://www.gsmarena.com/top_seven_phones_selfie_video-review-1717.php,https://fdn.gsmarena.com/imgroot/reviews/18/selfie-video-shootout/-347x151/gsmarena_001.jpg,
Sony Xperia XA2 Ultra review,https://www.gsmarena.com/sony_xperia_xa2_ultra-review-1720.php,https://fdn.gsmarena.com/imgroot/reviews/18/sony-xperia-xa2-ultra/-347x151/thumb3.jpg,
Xiaomi Redmi Note 5A (Y1) review,https://www.gsmarena.com/xiaomi_redmi_note_5a_y1-review-1719.php,https://fdn.gsmarena.com/imgroot/reviews/18/xiaomi-redmi-note-5a/-347x151/thumb.jpg,
Nokia 8 long-term review,https://www.gsmarena.com/nokia_8_long_term-review-1718.php,https://fdn.gsmarena.com/imgroot/reviews/18/nokia-8-long-term/thumb/-347x151/gsmarena_001.jpg,
Honor View 10 review,https://www.gsmarena.com/huawei_honor_view_10-review-1716.php,https://fdn.gsmarena.com/imgroot/reviews/18/huawei-honor-view-10/thumb/-347x151/thumb2.jpg,
Xiaomi Redmi 5 review,https://www.gsmarena.com/xiaomi_redmi_5-review-1715.php,https://fdn.gsmarena.com/imgroot/reviews/18/xiaomi-redmi-5/-347x151/gsmarena_001.jpg,
Sony Xperia XA2 review,https://www.gsmarena.com/sony_xperia_xa2-review-1714.php,https://fdn.gsmarena.com/imgroot/reviews/18/sony-xperia-xa2/-347x151/thumb12.jpg,
Xiaomi Redmi 5 Plus review,https://www.gsmarena.com/xiaomi_redmi_5_plus-review-1713.php,https://fdn.gsmarena.com/imgroot/reviews/18/xiaomi-redmi-5-plus/-347x151/thumb.jpg,
Moto G5S Plus review,https://www.gsmarena.com/motorola_moto_g5s_plus-review-1712.php,https://fdn.gsmarena.com/imgroot/reviews/18/motorola-moto-g5s-plus/-347x151/gsmarena_002.jpg,
Apple iPhone X long-term review,https://www.gsmarena.com/apple_iphone_x_long_term-review-1711.php,https://fdn.gsmarena.com/imgroot/reviews/18/apple-iphone-x-long-term/-347x151/gsmarena_001.jpg,
BlackBerry Motion review,https://www.gsmarena.com/blackberry_motion-review-1706.php,https://fdn.gsmarena.com/imgroot/reviews/17/blackberry-motion/thumb/-347x151/thumb.jpg,
Huawei Honor 7X review,https://www.gsmarena.com/honor_7x-review-1709.php,https://fdn.gsmarena.com/imgroot/reviews/18/honor-7x/-347x151/gsmarena_001.jpg,
Samsung Galaxy A8 (2018) review,https://www.gsmarena.com/samsung_galaxy_a8_2018-review-1710.php,https://fdn.gsmarena.com/imgroot/reviews/18/samsung-galaxy-a8-2018/-347x151/thumb.jpg,
"Xperia XA2, XA2 Ultra, L2 hands-on review",https://www.gsmarena.com/sony_xperia_xa2_xa2_plus_l2_4272_hands_on-review-1708.php,https://fdn.gsmarena.com/imgroot/reviews/18/sony-xperia-xa2-xa2u-l2-4272446/-347x151/gsmarena_100.jpg,
Nokia 2 review,https://www.gsmarena.com/nokia_2-review-1707.php,https://fdn.gsmarena.com/imgroot/reviews/17/nokia-2/review/-347x151/gsmarena_000.jpg,
Google Pixel 2 XL long-term review,https://www.gsmarena.com/google_pixel_2_xl_long_term-review-1705.php,https://fdn.gsmarena.com/imgroot/reviews/18/google-pixel-2-xl-long-term/thumb/-347x151/gsmarena_001.jpg,
GSMArena smartphone buyer's guide,https://www.gsmarena.com/smartphone_buyers_guide_2018_january-review-1704.php,https://fdn.gsmarena.com/imgroot/reviews/17/smartphone-buyers-guide-2018-january/-347x151/gsmarena_001.jpg,
LG Q6 review,https://www.gsmarena.com/lg_q6-review-1703.php,https://fdn.gsmarena.com/imgroot/reviews/17/lg-q6/review/-347x151/thumb.jpg,
"Best phones, worst phones 2017",https://www.gsmarena.com/editors_talk_best_worst_phones_2017-review-1701.php,https://fdn.gsmarena.com/imgroot/reviews/17/editors-talk-christmas/thumb/-347x151/gsmarena_001.jpg,
vivo V7 review,https://www.gsmarena.com/vivo_v7-review-1702.php,https://fdn.gsmarena.com/imgroot/reviews/17/vivo-v7/-347x151/thumb.jpg,
Sharp Aquos S2 hands-on review,https://www.gsmarena.com/sharp_aquos_s2_handson-review-1700.php,https://fdn.gsmarena.com/imgroot/reviews/17/sharp-aquos-s2/-347x151/gsmarena_100.jpg,
Apple TV 4K review,https://www.gsmarena.com/apple_tv_4k-review-1697.php,https://fdn.gsmarena.com/imgroot/reviews/17/apple-tv-4k/-347x151/thumb.jpg,
Samsung Galaxy A8 (2018) hands-on review,https://www.gsmarena.com/samsung_galaxy_a8_2018_handson-review-1699.php,https://fdn.gsmarena.com/imgroot/reviews/17/samsung-galaxy-a8-2018/hands-on/-347x151/gsmarena_002.jpg,
Huawei Mate 10 Lite review,https://www.gsmarena.com/huawei_mate_10_lite-review-1698.php,https://fdn.gsmarena.com/imgroot/reviews/17/huawei-mate-10-lite/-347x151/thumb3.jpg,
Oppo R11s review,https://www.gsmarena.com/oppo_r11s-review-1696.php,https://fdn.gsmarena.com/imgroot/reviews/17/oppo-r11s/-347x151/thumb.jpg,
Archos Diamond Omega review,https://www.gsmarena.com/archos_diamond_omega-review-1695.php,https://fdn.gsmarena.com/imgroot/reviews/17/archos-diamond-omega/-347x151/gsmarena_001.jpg,
Samsung Gear Sport review,https://www.gsmarena.com/samsung_gear_sport-review-1694.php,https://fdn.gsmarena.com/imgroot/reviews/17/samsung-gear-sport/thumbs/-347x151/thumb_003.jpg,
Huawei Honor View 10 hands-on review,https://www.gsmarena.com/huawei_honor_view_10_handson-review-1693.php,https://fdn.gsmarena.com/imgroot/reviews/17/huawei-honor-v10/hands-on/-347x151/gsmarena_000.jpg,
HTC U11 Life review,https://www.gsmarena.com/htc_u11_life-review-1692.php,https://fdn.gsmarena.com/imgroot/reviews/17/htc-u11-life/-347x151/thumb.jpg,
Motorola Moto X4 review,https://www.gsmarena.com/motorola_moto_x4-review-1691.php,https://fdn.gsmarena.com/imgroot/reviews/17/motorola-moto-x4/-347x151/gsmarena_002.jpg,
HTC U11+ review,https://www.gsmarena.com/htc_u11_plus-review-1690.php,https://fdn.gsmarena.com/imgroot/reviews/17/htc-u11-plus/-347x151/thumb2.jpg,
vivo V7+ review,https://www.gsmarena.com/vivo_v7_plus-review-1689.php,https://fdn.gsmarena.com/imgroot/reviews/17/vivo-v7-plus/-347x151/thumb.jpg,
Oppo F5 review,https://www.gsmarena.com/oppo_f5-review-1688.php,https://fdn.gsmarena.com/imgroot/reviews/17/oppo-f5/thumb/-347x151/gsmarena_004.jpg,
OnePlus 5T review,https://www.gsmarena.com/oneplus_5t-review-1687.php,https://fdn.gsmarena.com/imgroot/reviews/17/oneplus-5t/-347x151/gsmarena_001.jpg,
Samsung Galaxy S8 Active review,https://www.gsmarena.com/samsung_galaxy_s8_active-review-1685.php,https://fdn.gsmarena.com/imgroot/reviews/17/samsung-galaxy-s8-active/-347x151/thumb2.jpg,
OnePlus 5T hands-on review,https://www.gsmarena.com/oneplus_5t_hands_on-review-1686.php,https://fdn.gsmarena.com/imgroot/reviews/17/oneplus-5t/hands-on-early-preview-initial/-347x151/gsmarena_004.jpg,
Samsung Galaxy J7 Pro review,https://www.gsmarena.com/samsung_galaxy_j7_pro-review-1684.php,https://fdn.gsmarena.com/imgroot/reviews/17/samsung-galaxy-j7-pro/-347x151/gsmarena_003.jpg,
Razer Phone review,https://www.gsmarena.com/razer_phone-review-1683.php,https://fdn.gsmarena.com/imgroot/reviews/17/razer-phone/-347x151/gsmarena_001.jpg,
Nokia 2 hands-on review,https://www.gsmarena.com/nokia_2_hands_on-review-1682.php,https://fdn.gsmarena.com/imgroot/reviews/17/nokia-2/thumb/-347x151/gsmarena_006.jpg,
Apple iPhone X review,https://www.gsmarena.com/apple_iphone_x-review-1681.php,https://fdn.gsmarena.com/imgroot/reviews/17/apple-iphone-x/thumb/-347x151/gsmarena_001.jpg,
Google Pixel 2 review,https://www.gsmarena.com/google_pixel_2-review-1680.php,https://fdn.gsmarena.com/imgroot/reviews/17/google-pixel-2/-347x151/gsmarena_001.jpg,
Huawei Mate 10 Pro review,https://www.gsmarena.com/huawei_mate_10_pro-review-1679.php,https://fdn.gsmarena.com/imgroot/reviews/17/huawei-mate-10-pro/-347x151/thumb.jpg,
Razer Phone hands-on review,https://www.gsmarena.com/razer_phone_hands_on-review-1678.php,https://fdn.gsmarena.com/imgroot/reviews/17/razer-phone/hands-on/-347x151/gsmarena_102.jpg,
HTC U11 Life hands-on review,https://www.gsmarena.com/htc_u11_life-review-1677.php,https://fdn.gsmarena.com/imgroot/reviews/17/htc-u11-life/handson/thumb/-347x151/gsmarena_001.jpg,
Google Pixel 2 XL review,https://www.gsmarena.com/google_pixel_2_xl-review-1676.php,https://fdn.gsmarena.com/imgroot/reviews/17/google-pixel-2-xl/-347x151/thumb1.jpg,
Huawei Mate 10 review,https://www.gsmarena.com/huawei_mate_10-review-1675.php,https://fdn.gsmarena.com/imgroot/reviews/17/huawei-mate-10/-347x151/thumb.jpg,
Xiaomi Mi Mix 2 review,https://www.gsmarena.com/xiaomi_mi_mix_2-review-1674.php,https://fdn.gsmarena.com/imgroot/reviews/17/xiaomi-mi-mix-2/-347x151/gsmarena_001.jpg,
Galaxy Note8 vs iPhone 8 Plus,https://www.gsmarena.com/iphone_8_plus_vs_galaxy_note8-review-1673.php,https://fdn.gsmarena.com/imgroot/reviews/17/apple-iphone-8-plus-vs-samsung-galaxy-note8/-347x151/gsmarena_200.jpg,
Galaxy Note8 vs iPhone 8 Plus camera blind vote,https://www.gsmarena.com/iphone_8_plus_vs_galaxy_note8_blind_shootout-review-1672.php,https://fdn.gsmarena.com/imgroot/reviews/17/apple-iphone-8-plus-vs-samsung-galaxy-note8/-347x151/gsmarena_101.jpg,
Honor 9i/Mate 10 Lite hands-on review,https://www.gsmarena.com/honor_9i_huawei_mate_10_lite-review-1671.php,https://fdn.gsmarena.com/imgroot/reviews/17/honor-9i-huawei-mate-10-lite-hands-on/thumb/-347x151/gsmarena_004.jpg,
Google Pixel 2 XL hands-on review,https://www.gsmarena.com/google_pixel_2_xl-review-1670.php,https://fdn.gsmarena.com/imgroot/reviews/17/google-pixel-2-xl-extended-first-look/-347x151/gsmarena_000.jpg,
"Huawei Mate 10, 10 Pro, Porsche Design hands-on",https://www.gsmarena.com/huawei_mate_10_pro_porsche-review-1669.php,https://fdn.gsmarena.com/imgroot/reviews/17/huawei-mate-10-hands-on/-347x151/gsmarena_903.jpg,
Xiaomi Mi A1 review,https://www.gsmarena.com/xiaomi_mi_a1-review-1668.php,https://fdn.gsmarena.com/imgroot/reviews/17/xiaomi-mi-a1/-347x151/thumb.jpg,
Honor 7X hands-on review,https://www.gsmarena.com/huawei_honor_7x-review-1667.php,https://fdn.gsmarena.com/imgroot/reviews/17/huawei-honor7x/thumb/-347x151/gsmarena_000.jpg,
Moto Z2 Play review,https://www.gsmarena.com/motorola_moto_z2_play-review-1663.php,https://fdn.gsmarena.com/imgroot/reviews/17/motorola-moto-z2-play/thumb/-347x151/gsmarena_004.jpg,
Sony Xperia XA1 Plus review,https://www.gsmarena.com/sony_xperia_xa1_plus-review-1666.php,https://fdn.gsmarena.com/imgroot/reviews/17/sony-xperia-xa1-plus/-347x151/gsmarena_004.jpg,
Google Pixel 2 and Pixel 2 XL hands-on,https://www.gsmarena.com/google_pixel_2_and_pixel_2_xl-review-1665.php,https://fdn.gsmarena.com/imgroot/reviews/17/google-pixel-2/handson/-347x151/gsmarena_100.jpg,
Apple iPhone 8 review,https://www.gsmarena.com/apple_iphone_8-review-1664.php,https://fdn.gsmarena.com/imgroot/reviews/17/apple-iphone-8/-347x151/thumb3.jpg,
Apple iPhone 8 Plus review,https://www.gsmarena.com/apple_iphone_8_plus-review-1662.php,https://fdn.gsmarena.com/imgroot/reviews/17/apple-iphone-8-plus/-347x151/gsmarena_0000.jpg,
Asus Zenfone 4 family hands-on,https://www.gsmarena.com/asus_zenfone_4_hands_on-review-1661.php,https://fdn.gsmarena.com/imgroot/reviews/17/asus-zenfone-4-hands-on/-347x151/gsmarena_003.jpg,
Sony Xperia XZ1 Compact review,https://www.gsmarena.com/sony_xperia_xz1_compact-review-1660.php,https://fdn.gsmarena.com/imgroot/reviews/17/sony-xperia-xz1-compact/-347x151/thumb3.jpg,
Xiaomi Mi 5X review,https://www.gsmarena.com/xiaomi_mi_5x-review-1658.php,https://fdn.gsmarena.com/imgroot/reviews/17/xiaomi-mi-a1-5x/-347x151/gsmarena_001.jpg,
Samsung Galaxy Note8 review,https://www.gsmarena.com/samsung_galaxy_note8-review-1659.php,https://fdn.gsmarena.com/imgroot/reviews/17/samsung-galaxy-note8/-347x151/gsmarena_001.jpg,
LG V30 review,https://www.gsmarena.com/lg_v30-review-1657.php,https://fdn.gsmarena.com/imgroot/reviews/17/lg-v30/-347x151/gsmarena_003.jpg,
Sony Xperia XZ1 review,https://www.gsmarena.com/sony_xperia_xz1-review-1656.php,https://fdn.gsmarena.com/imgroot/reviews/17/sony-xperia-xz1/-347x151/gsmarena_001.jpg,
LG Q6 preview,https://www.gsmarena.com/lg_q6-review-1655.php,https://fdn.gsmarena.com/imgroot/reviews/17/lg-q6/-347x151/thumb.jpg,
Meizu Pro 7 Plus review,https://www.gsmarena.com/meizu_pro_7_plus-review-1654.php,https://fdn.gsmarena.com/imgroot/reviews/17/meizu-pro-7-plus/-347x151/thumb.jpg,
Android 8.0 Oreo review,https://www.gsmarena.com/android_80_oreo-review-1653.php,https://fdn.gsmarena.com/imgroot/reviews/17/android-80-oreo/-347x151/gsmarena_001.jpg,
"Alcatel Idol 5s, Idol 5, A7 XL, A7 hands-on review",https://www.gsmarena.com/alcatel_ifa_2017-review-1648.php,https://fdn.gsmarena.com/imgroot/reviews/17/ifa-2017-alcatel/-347x151/gsmarena_000.jpg,
Motorola Moto X4 hands-on review,https://www.gsmarena.com/moto_x4_ifa_2017-review-1652.php,https://fdn.gsmarena.com/imgroot/reviews/17/ifa-2017-motorola/-347x151/gsmarena_000.jpg,
Sony Xperia XZ1 hands-on review,https://www.gsmarena.com/sony_xperia_xz1_ifa_2017-review-1649.php,https://fdn.gsmarena.com/imgroot/reviews/17/ifa-2017-xperia-xz1-hands-on/-347x151/gsmarena_100.jpg,
LG V30 hands-on review,https://www.gsmarena.com/lg_v30-review-1646.php,https://fdn.gsmarena.com/imgroot/reviews/17/lg-v30/handson/thumb/-347x151/gsmarena_002.jpg,
Sony Xperia XA1 Plus hands-on review,https://www.gsmarena.com/sony_xperia_xa1_plus_ifa_2017-review-1651.php,https://fdn.gsmarena.com/imgroot/reviews/17/ifa-2017-xperia-xa1-plus-hands-on/-347x151/gsmarena_103.jpg,
Sony Xperia XZ1 Compact hands-on review,https://www.gsmarena.com/sony_xperia_xz1_compact_ifa_2017-review-1650.php,https://fdn.gsmarena.com/imgroot/reviews/17/ifa-2017-xperia-xz1-compact-hands-on/-347x151/gsmarena_001.jpg,
"Gear Sport, Fit2 Pro, IconX (2018) hands-on review",https://www.gsmarena.com/samsung_gear_sport_fit2_pro_iconx_2018-review-1647.php,https://fdn.gsmarena.com/imgroot/reviews/17/ifa-2017-samsung/-347x151/thumb.jpg,
Moto G5S Plus hands-on review,https://www.gsmarena.com/moto_g5s_plus-review-1645.php,https://fdn.gsmarena.com/imgroot/reviews/17/moto-g5s-plus/thumb/-347x151/gsmarena_001.jpg,
Nokia 8 review,https://www.gsmarena.com/nokia_8-review-1644.php,https://fdn.gsmarena.com/imgroot/reviews/17/nokia-8/-347x151/thumb.jpg,
Samsung Galaxy Note8 hands-on review,https://www.gsmarena.com/samsung_galaxy_note8_hands_on-review-1643.php,https://fdn.gsmarena.com/imgroot/reviews/17/samsung-galaxy-note8/hands-on/thumb/-347x151/gsmarena_001.jpg,
Xiaomi Mi Max 2 review,https://www.gsmarena.com/xiaomi_mi_max_2-review-1642.php,https://fdn.gsmarena.com/imgroot/reviews/17/xiaomi-mi-max-2/-347x151/thumb.jpg,
Hands-on Nokia 8 review,https://www.gsmarena.com/nokia_8_hands_on-review-1641.php,https://fdn.gsmarena.com/imgroot/reviews/17/nokia-8/handson/thumb/-347x151/gsmarena_001.jpg,
Nokia 6 review,https://www.gsmarena.com/nokia_6_global-review-1640.php,https://fdn.gsmarena.com/imgroot/reviews/17/nokia-6-global/-347x151/gsmarena_001.jpg,
Moto Z2 Force review,https://www.gsmarena.com/moto_z2_force-review-1639.php,https://fdn.gsmarena.com/imgroot/reviews/17/lenovo-moto-z2-force/thumb/-347x151/thumb2.jpg,
Doogee Mix review,https://www.gsmarena.com/doogee_mix-review-1638.php,https://fdn.gsmarena.com/imgroot/reviews/17/doogee-mix/-347x151/gsmarena_003.jpg,
Samsung Galaxy J5 (2017) review,https://www.gsmarena.com/samsung_galaxy_j5_2017-review-1637.php,https://fdn.gsmarena.com/imgroot/reviews/17/samsung-galaxy-j5-2017/-347x151/gsmarena_001.jpg,
Samsung Galaxy J7 Max preview,https://www.gsmarena.com/samsung_galaxy_j7_max-review-1636.php,https://fdn.gsmarena.com/imgroot/reviews/17/samsung-j7-max/thumb/-347x151/gsmarena_003.jpg,
GSMArena smartphone buyer's guide,https://www.gsmarena.com/smartphone_buyers_guide_2017_h1-review-1635.php,https://fdn.gsmarena.com/imgroot/reviews/17/smartphone-buyers-guide-2017-h1/thumb/-347x151/gsmarena_002.jpg,
Our editors talk,https://www.gsmarena.com/editors_talk_summer_2017_pt1-review-1634.php,https://fdn.gsmarena.com/imgroot/reviews/17/editors-talk-summer-2017/-347x151/gsmarena_003.jpg,
Nokia 5 review,https://www.gsmarena.com/nokia_5-review-1633.php,https://fdn.gsmarena.com/imgroot/reviews/17/nokia-5/-347x151/gsmarena_001.jpg,
Samsung Galaxy J7 (2017) review,https://www.gsmarena.com/samsung_galaxy_j7_2017-review-1632.php,https://fdn.gsmarena.com/imgroot/reviews/17/samsung-galaxy-j7-2017/-347x151/thumb2.jpg,
Oppo R11 review,https://www.gsmarena.com/oppo_r11-review-1631.php,https://fdn.gsmarena.com/imgroot/reviews/17/oppo-r11/-347x151/thumb.jpg,
ZTE Nubia Z17 review,https://www.gsmarena.com/zte_nubia_z17-review-1630.php,https://fdn.gsmarena.com/imgroot/reviews/17/zte-nubia-z17/-347x151/gsmarena_001.jpg,
Honor 9 review,https://www.gsmarena.com/honor_9-review-1629.php,https://fdn.gsmarena.com/imgroot/reviews/17/huawei-honor-9/-347x151/thumb3.jpg,
Xiaomi Redmi 4 review,https://www.gsmarena.com/xiaomi_redmi_4_4x-review-1628.php,https://fdn.gsmarena.com/imgroot/reviews/17/xiaomi-redmi-4x/-347x151/gsmarena_001.jpg,
Nokia 3 review,https://www.gsmarena.com/nokia_3-review-1627.php,https://fdn.gsmarena.com/imgroot/reviews/17/nokia-3/-347x151/gsmarena_001.jpg,
OnePlus 5 vs. Galaxy S8 vs. iPhone 7 Plus,https://www.gsmarena.com/oneplus_5_iphone_7_plus_samsung_galaxy_s8_shootout-review-1626.php,https://fdn.gsmarena.com/imgroot/reviews/17/op5-iphone7plus-galaxys8/-347x151/gsmarena_002.jpg,
HTC U11 vs. iPhone 7 Plus vs. Xperia XZ Premium,https://www.gsmarena.com/iphone7plus_htc_u11_xperia_xz_premium_shootout-review-1625.php,https://fdn.gsmarena.com/imgroot/reviews/17/ip7p-u11-xzp-shootout/-347x151/gsmarena_001.jpg,
Sony Xperia L1 review,https://www.gsmarena.com/sony_xperia_l1-review-1624.php,https://fdn.gsmarena.com/imgroot/reviews/17/sony-xperia-l1/-347x151/thumb.jpg,
OnePlus 5 review,https://www.gsmarena.com/oneplus_5-review-1623.php,https://fdn.gsmarena.com/imgroot/reviews/17/oneplus-5/-347x151/gsmarena_002.jpg,
Moto Z2 Play preview,https://www.gsmarena.com/moto_z2_play-review-1622.php,https://fdn.gsmarena.com/imgroot/reviews/17/moto-z2-play/thumb/-347x151/gsmarena_002.jpg,
Oppo R11 preview,https://www.gsmarena.com/oppo_r11-review-1621.php,https://fdn.gsmarena.com/imgroot/reviews/17/oppo-r11-hands-on/-347x151/thumb.jpg,
HTC U11 review,https://www.gsmarena.com/htc_u_11-review-1620.php,https://fdn.gsmarena.com/imgroot/reviews/17/htc-u11/-347x151/gsmarena_007.jpg,
Xiaomi Redmi 4a review,https://www.gsmarena.com/xiaomi_redmi_4a-review-1619.php,https://fdn.gsmarena.com/imgroot/reviews/17/xiaomi-redmi-4a/-347x151/gsmarena_001.jpg,
Sony Xperia XA1 Ultra review,https://www.gsmarena.com/sony_xperia_xa1_ultra-review-1618.php,https://fdn.gsmarena.com/imgroot/reviews/17/sony-xperia-xa1-ultra/-347x151/gsmarena_001.jpg,
Huawei P10 Lite review,https://www.gsmarena.com/huawei_p10_lite-review-1617.php,https://fdn.gsmarena.com/imgroot/reviews/17/huawei-p10-lite/-347x151/thumb3.jpg,
BlackBerry KEYone review,https://www.gsmarena.com/blackberry_keyone_review-review-1616.php,https://fdn.gsmarena.com/imgroot/reviews/17/blackberry-keyone/thumb/-347x151/gsmarena_002.jpg,
Xiaomi Mi 6 review,https://www.gsmarena.com/xiaomi_mi_6-review-1615.php,https://fdn.gsmarena.com/imgroot/reviews/17/xiaomi-mi-6/-347x151/thumb8.jpg,
HTC U11 vs. Samsung Galaxy S8+,https://www.gsmarena.com/htc_u11_samsung_galaxy_s8plus_shootout-review-1614.php,https://fdn.gsmarena.com/imgroot/reviews/17/htc-u11-galaxy-s8plus/-347x151/gsmarena_002.jpg,
Moto G5 Plus preview,https://www.gsmarena.com/moto_g5_plus-review-1613.php,https://fdn.gsmarena.com/imgroot/reviews/17/moto-g5-plus/preview/thumb/-347x151/gsmarena_002.jpg,
LG G6 vs. Galaxy S8 vs. Xperia XZ Premium,https://www.gsmarena.com/lg_g6_samsung_galaxy_s8_sony_xperia_xz_premium-review-1612.php,https://fdn.gsmarena.com/imgroot/reviews/17/g6-s8-xzpremium/-347x151/gsmarena_000.jpg,
Blind shootout revealed,https://www.gsmarena.com/blind_shootout_lg_g6_samsung_galaxy_s8_sony_xperia-review-1611.php,https://fdn.gsmarena.com/imgroot/reviews/17/g6-s8-xzpremium/shootout/-347x151/gsmarena_005.jpg,
HTC U11 hands-on,https://www.gsmarena.com/htc_u_11_hands_on-review-1609.php,https://fdn.gsmarena.com/imgroot/reviews/17/htc-u-11-hands-on/-347x151/gsmarena_001.jpg,
Sony Xperia XZ Premium review,https://www.gsmarena.com/sony_xperia_xz_premium-review-1610.php,https://fdn.gsmarena.com/imgroot/reviews/17/sony-xperia-xz-premium/-347x151/thumb2.jpg,
Oppo F3 review,https://www.gsmarena.com/oppo_f3-review-1608.php,https://fdn.gsmarena.com/imgroot/reviews/17/oppo-f3/-347x151/gsmarena_001.jpg,
Sony Xperia XA1 review,https://www.gsmarena.com/sony_xperia_xa1-review-1606.php,https://fdn.gsmarena.com/imgroot/reviews/17/sony-xperia-xa1/-347x151/gsmarena_000.jpg,
Samsung Galaxy C7 Pro preview,https://www.gsmarena.com/samsung_galaxy_c7_pro-review-1607.php,https://fdn.gsmarena.com/imgroot/reviews/17/samsung-galaxy-c7-pro/thumb/-347x151/gsmarena_002.jpg,
Oppo F3 Plus review,https://www.gsmarena.com/oppo_f3_plus-review-1605.php,https://fdn.gsmarena.com/imgroot/reviews/17/oppo-f3-plus/-347x151/gsmarena_001.jpg,
Honor 8 Pro review,https://www.gsmarena.com/honor_8_pro-review-1604.php,https://fdn.gsmarena.com/imgroot/reviews/17/huawei-honor-8-pro/-347x151/thumb5.jpg,
Samsung Galaxy S8 review,https://www.gsmarena.com/samsung_galaxy_s8-review-1603.php,https://fdn.gsmarena.com/imgroot/reviews/17/samsung-galaxy-s8/-347x151/gsmarena_002.jpg,
Samsung Galaxy S8+ review,https://www.gsmarena.com/samsung_galaxy_s8_plus-review-1602.php,https://fdn.gsmarena.com/imgroot/reviews/17/samsung-galaxy-s8-plus/-347x151/gsmarena_009.jpg,
Motorola Moto G5 preview,https://www.gsmarena.com/motorola_moto_g5-review-1601.php,https://fdn.gsmarena.com/imgroot/reviews/17/motorola-moto-g5/-347x151/gsmarena_000.jpg,
Huawei Watch 2 review,https://www.gsmarena.com/huawei_watch_2-review-1599.php,https://fdn.gsmarena.com/imgroot/reviews/17/huawei-watch-2/-347x151/thumb.jpg,
Sony Xperia XZs review,https://www.gsmarena.com/sony_xperia_xzs-review-1600.php,https://fdn.gsmarena.com/imgroot/reviews/17/sony-xperia-xzs/-347x151/thumb.jpg,
Huawei P10 Plus review,https://www.gsmarena.com/huawei_p10_plus-review-1598.php,https://fdn.gsmarena.com/imgroot/reviews/17/huawei-p10-plus/-347x151/gsmarena_001.jpg,
Nokia 6 review,https://www.gsmarena.com/nokia_6-review-1597.php,https://fdn.gsmarena.com/imgroot/reviews/17/nokia-6/-347x151/gsmarena_004.jpg,
Huawei P10 Plus vs P10,https://www.gsmarena.com/huawei_p10_plus_vs_p10_low_light_test-review-1596.php,https://fdn.gsmarena.com/imgroot/reviews/17/huawei-p10-plus-lowlight/thumb/-347x151/gsmarena_001.jpg,
Samsung Galaxy S8 and S8+ hands-on,https://www.gsmarena.com/samsung_galaxy_s8_s8plus_hands_on-review-1595.php,https://fdn.gsmarena.com/imgroot/reviews/17/samsung-galaxy-s8/preview/-347x151/gsmarena_002.jpg,
Xiaomi Redmi Note 4 (S625) review,https://www.gsmarena.com/xiaomi_redmi_note_4_snapdragon-review-1593.php,https://fdn.gsmarena.com/imgroot/reviews/17/xiaomi-redmi-note-4-snapdragon/-347x151/thumb.jpg,
Honor 6X vs. ZTE Blade V8 Pro,https://www.gsmarena.com/honor_6x_vs_zte_blade_v8_pro-review-1594.php,https://fdn.gsmarena.com/imgroot/reviews/17/honor-6x-vs-zte-blade-v8-pro/thumb/-347x151/thumb21.jpg,
Samsung Galaxy A7 (2017) review,https://www.gsmarena.com/samsung_galaxy_a7_2017-review-1592.php,https://fdn.gsmarena.com/imgroot/reviews/17/samsung-galaxy-a7-2017/-347x151/gsmarena_001.jpg,
HTC U Ultra review,https://www.gsmarena.com/htc_u_ultra-review-1591.php,https://fdn.gsmarena.com/imgroot/reviews/17/htc-u-ultra/thumb/-347x151/gsmarena_003.jpg,
LG G6 review,https://www.gsmarena.com/lg_g6-review-1590.php,https://fdn.gsmarena.com/imgroot/reviews/17/lg-g6/-347x151/gsmarena_001.jpg,
Samsung Galaxy C9 Pro preview,https://www.gsmarena.com/samsung_galaxy_c9_pro-review-1589.php,https://fdn.gsmarena.com/imgroot/reviews/17/samsung-galaxy-c9-pro/-347x151/thumb.jpg,
Our editors talk,https://www.gsmarena.com/our_editors_talk_mwc_2017_highs_and_lows-review-1587.php,https://fdn.gsmarena.com/imgroot/reviews/17/mwc-2017-highs-and-lows/-347x151/gsmarena_001.jpg,
Huawei P10 review,https://www.gsmarena.com/huawei_p10-review-1588.php,https://fdn.gsmarena.com/imgroot/reviews/17/huawei-p10/-347x151/thumb2.jpg,
Meizu M5s review,https://www.gsmarena.com/meizu_m5s-review-1586.php,https://fdn.gsmarena.com/imgroot/reviews/17/meizu-m5s/-347x151/thumb3.jpg,
Huawei P10 vs LG G6 dual camera shootout,https://www.gsmarena.com/huawei_p10_vs_lg_g6_shootout-review-1585.php,https://fdn.gsmarena.com/imgroot/reviews/17/mwc-2017-shootout-p10-vs-g6/-347x151/thumb3.jpg,
"Nokia 6, 5 and 3 hands-on",https://www.gsmarena.com/nokia_6_nokia_5_nokia_3-review-1584.php,https://fdn.gsmarena.com/imgroot/reviews/17/nokia-second-hands-on/thumb/-347x151/gsmarena_001.jpg,
Sony Xperia XZ Premium hands-on,https://www.gsmarena.com/sony_xperia_xz_premium-review-1583.php,https://fdn.gsmarena.com/imgroot/reviews/17/mwc-2017-sony/second/thumb/-347x151/gsmarena_003.jpg,
Moto G5 and G5 Plus hands-on,https://www.gsmarena.com/mwc_2017_moto_g5_and_g5_plus_hands_on-review-1582.php,https://fdn.gsmarena.com/imgroot/reviews/17/mwc-2017-moto/thumb/-347x151/gsmarena_002.jpg,
"Gionee A1, A1 Plus hands-on",https://www.gsmarena.com/gionee_mwc_2017_a1_a1_plus-review-1580.php,https://fdn.gsmarena.com/imgroot/reviews/17/mwc-2017-gionee/-347x151/gsmarena_001.jpg,
"ZTE Blade V8 Lite, V8 Mini hands-on",https://www.gsmarena.com/zte_mwc_2017_blade_v8_lite_mini-review-1581.php,https://fdn.gsmarena.com/imgroot/reviews/17/zte-blade-v8-mini-lite-hands-on/-347x151/thumb.jpg,
"Sony Xperia XZ Premium, XZs, XA1 Ultra, and XA1",https://www.gsmarena.com/sony_mwc_2017_xperia_xz_ultra_xz_xa1_xa1_ultra-review-1576.php,https://fdn.gsmarena.com/imgroot/reviews/17/mwc-2017-sony/thumb/-347x151/gsmarena_001.jpg,
"Nokia 6, 5, 3 and 3310 hands-on",https://www.gsmarena.com/mwc_2017_nokia_6_5_3_and_3310-review-1579.php,https://fdn.gsmarena.com/imgroot/reviews/17/mwc-2017-nokia/thumb/-347x151/gsmarena_001.jpg,
"Alcatel A5 LED, A3, U5, PLUS 12 hands-on",https://www.gsmarena.com/mwc_2017_alcatel_a5_led_a3_u5_plus_12-review-1578.php,https://fdn.gsmarena.com/imgroot/reviews/17/mwc-alcatel-hands-on/-347x151/gsmarena_001.jpg,
"Huawei P10, P10 Plus, Watch 2 hands-on",https://www.gsmarena.com/huawei_mwc_2017_p10_p10_plus_watch_2-review-1577.php,https://fdn.gsmarena.com/imgroot/reviews/17/huawei-mwc-hands-on/-347x151/thumb3.jpg,
LG G6 hands-on,https://www.gsmarena.com/lg_g6_hands_on-review-1575.php,https://fdn.gsmarena.com/imgroot/reviews/17/lg-g6-hands-on/-347x151/gsmarena_000.jpg,
BlackBerry KEYone hands-on,https://www.gsmarena.com/blackberry_keyone_hands_on-review-1574.php,https://fdn.gsmarena.com/imgroot/reviews/17/blackberry-keyone-hands-on/-347x151/gsmarena_001.jpg,
vivo V5 review,https://www.gsmarena.com/vivo_v5-review-1572.php,https://fdn.gsmarena.com/imgroot/reviews/17/vivo-v5/-347x151/thumb.jpg,
Samsung Galaxy Tab S3 hands-on,https://www.gsmarena.com/samsung_galaxy_tab_s3_9_7_hands_on-review-1573.php,https://fdn.gsmarena.com/imgroot/reviews/17/samsung-galaxy-tab-s3-9.7-hands-on/-347x151/gsmarena_001.jpg,
HTC 10 evo review,https://www.gsmarena.com/htc_10_evo-review-1571.php,https://fdn.gsmarena.com/imgroot/reviews/17/htc-10-evo/thumb/-347x151/gsmarena_003.jpg,
vivo V5 Plus review,https://www.gsmarena.com/vivo_v5_plus-review-1570.php,https://fdn.gsmarena.com/imgroot/reviews/17/vivo-v5-plus/-347x151/gsmarena_002.jpg,
Huawei Mate 9 Pro review,https://www.gsmarena.com/huawei_mate_9_pro-review-1569.php,https://fdn.gsmarena.com/imgroot/reviews/17/huawei-mate-9-pro/-347x151/thumb2.jpg,
Xiaomi Redmi Note 4 preview,https://www.gsmarena.com/xiaomi_redmi_note_4-review-1568.php,https://fdn.gsmarena.com/imgroot/reviews/17/xiaomi-redmi-note-4/-347x151/thumb.jpg,
Huawei Mate 9 Pro review,https://www.gsmarena.com/huawei_mate_9_pro-review-1567.php,https://fdn.gsmarena.com/imgroot/reviews/17/huawei-mate-9-pro/-347x151/thumb.jpg,
LG V20 v. Huawei Mate 9,https://www.gsmarena.com/lg_v20_vs_huawei_mate_9-review-1563.php,https://fdn.gsmarena.com/imgroot/reviews/17/lg-v20-vs-huawei-mate-9/thumb/-347x151/gsmarena_007.jpg,
Our mobile chipset guide,https://www.gsmarena.com/mobile_chipset_guide-review-1561.php,https://fdn.gsmarena.com/imgroot/reviews/17/chipset-guide/-347x151/gsmarena_002.jpg,
Meizu M5 Note review,https://www.gsmarena.com/meizu_m5_note-review-1565.php,https://fdn.gsmarena.com/imgroot/reviews/17/meizu-m5-note/-347x151/thumb4.jpg,
Meizu M5 review,https://www.gsmarena.com/meizu_m5-review-1566.php,https://fdn.gsmarena.com/imgroot/reviews/17/meizu-m5/-347x151/thumb.jpg,
Android 7.0 on the Galaxy S7 edge,https://www.gsmarena.com/samsung_galaxy_s7_edge_android_7_nougat-review-1564.php,https://fdn.gsmarena.com/imgroot/reviews/17/samsung-galaxy-S7-edge-nougat/-347x151/gsmarena_001.jpg,
Asus Zenfone 3S Max review,https://www.gsmarena.com/asus_zenfone_3s_max-review-1562.php,https://fdn.gsmarena.com/imgroot/reviews/17/zenfone-3s-max-zc521tl/-347x151/gsmarena_001.jpg,
Sony Xperia XZ review,https://www.gsmarena.com/sony_xperia_xz_time_saver_edition-review-1558.php,https://fdn.gsmarena.com/imgroot/reviews/16/sony-xperia-xz/review/-347x151/gsmarena_002.jpg,
Honor 6X review,https://www.gsmarena.com/huawei_honor_6x-review-1560.php,https://fdn.gsmarena.com/imgroot/reviews/17/huawei-honor-6x/thumb/-347x151/thumb.jpg,
Lenovo K6 Power review,https://www.gsmarena.com/lenovo_k6_power-review-1559.php,https://fdn.gsmarena.com/imgroot/reviews/17/lenovo-k6-power/-347x151/gsmarena_000.jpg,
OnePlus 3T review,https://www.gsmarena.com/oneplus_3t_time_saver_edition-review-1556.php,https://fdn.gsmarena.com/imgroot/reviews/17/oneplus-3t-time-saver/thumb/-347x151/gsmarena_002.jpg,
Lenovo P2 review,https://www.gsmarena.com/lenovo_p2-review-1557.php,https://fdn.gsmarena.com/imgroot/reviews/17/lenovo-p2/-347x151/thumb5.jpg,
Samsung Galaxy A5 (2017) review,https://www.gsmarena.com/samsung_galaxy_a5_2017-review-1555.php,https://fdn.gsmarena.com/imgroot/reviews/17/samsung-galaxy-a5-2017/-347x151/gsmarena_001.jpg,
Meizu Pro 6 Plus review,https://www.gsmarena.com/meizu_pro_6_plus-review-1551.php,https://fdn.gsmarena.com/imgroot/reviews/17/meizu-pro-6-plus/-347x151/thumb.jpg,
Huawei Mate 9 review,https://www.gsmarena.com/huawei_mate_9-review-1553.php,https://fdn.gsmarena.com/imgroot/reviews/16/huawei-mate-9/-347x151/gsmarena_005.jpg,
Samsung Galaxy A3 (2017) review,https://www.gsmarena.com/samsung_galaxy_a3_2017-review-1554.php,https://fdn.gsmarena.com/imgroot/reviews/17/samsung-galaxy-a3-2017/thumb/-347x151/gsmarena_004.jpg,
Motorola Moto M review,https://www.gsmarena.com/motorola_moto_m-review-1552.php,https://fdn.gsmarena.com/imgroot/reviews/17/moto-m/-347x151/gsmarena_003.jpg,
Lenovo K6 Note review,https://www.gsmarena.com/lenovo_k6_note-review-1550.php,https://fdn.gsmarena.com/imgroot/reviews/17/lenovo-k6-note/thumb/-347x151/gsmarena_004.jpg,
LG V20 review,https://www.gsmarena.com/lg_v20_time_saver-review-1549.php,https://fdn.gsmarena.com/imgroot/reviews/16/lg-v20/ts/thumb/-347x151/gsmarena_014.jpg,
Asus Zenfone 3 Max ZC553KL preview,https://www.gsmarena.com/asus_zenfone_3_max_zc553kl-review-1548.php,https://fdn.gsmarena.com/imgroot/reviews/17/zenfone-3-max-zc553kl/thumb/-347x151/gsmarena_002.jpg,
The Card phone review,https://www.gsmarena.com/card_phone-review-1545.php,https://fdn.gsmarena.com/imgroot/reviews/17/card-phone/thumb/-347x151/gsmarena_001.jpg,
BlackBerry Mercury hands-on,https://www.gsmarena.com/ces_2017_blackberry_mercury-review-1547.php,https://fdn.gsmarena.com/imgroot/reviews/17/ces-2017-blackberry-mercury/-347x151/gsmarena_001.jpg,
Asus Zenfone AR hands-on,https://www.gsmarena.com/ces_2017_asus-review-1546.php,https://fdn.gsmarena.com/imgroot/reviews/17/ces-2017-asus/thumb/-347x151/gsmarena_100.jpg,
LG Stylus 3 and LG K10 (2017) hands-on,https://www.gsmarena.com/ces_2017_lg_k10_stylus_3_-review-1544.php,https://fdn.gsmarena.com/imgroot/reviews/17/ces-2017-lg/-347x151/gsmarena_001.jpg,
ZTE Blade V8 Pro hands-on,https://www.gsmarena.com/ces_2017_zte_blade_v8_pro-review-1543.php,https://fdn.gsmarena.com/imgroot/reviews/17/ces_2017_zte_blade_v8_pro/-347x151/gsmarena_002.jpg,
Samsung Galaxy S7 vs. Galaxy A5 (2016),https://www.gsmarena.com/samsung_galaxy_s7_vs_galaxy_a5_2016-review-1542.php,https://fdn.gsmarena.com/imgroot/reviews/17/half-priced-galaxy-a5-2016-vs-galaxy-s7/thumb/-347x151/gsmarena_001.jpg,
Xiaomi Mi Note 2 vs. Samsung Galaxy S7 edge,https://www.gsmarena.com/xiaomi_mi_note_2_vs_samsung_galaxy_s7_edge-review-1541.php,https://fdn.gsmarena.com/imgroot/reviews/16/halfprice-mi-note-2-vs-galaxy-s7-edge/-347x151/gsmarena_000.jpg,
Xiaomi Redmi 4 Prime vs. Redmi 3s Prime,https://www.gsmarena.com/xiaomi_redmi_3s_prime_vs_redmi_4_prime-review-1540.php,https://fdn.gsmarena.com/imgroot/reviews/16/xiaomi-redmi-3s-prime-vs/-347x151/thumb.jpg,
OnePlus 3T vs. Google Pixel XL,https://www.gsmarena.com/oneplus_3t_vs_google_pixel_xl-review-1539.php,https://fdn.gsmarena.com/imgroot/reviews/16/halfprice-oneplus-3t-google-pixel-xl/-347x151/gsmarena_001.jpg,
Our editors talk,https://www.gsmarena.com/our_editors_talk_favorite_apps_games_2016-review-1537.php,https://fdn.gsmarena.com/imgroot/reviews/16/editors-fav-apps-games/-347x151/gsmarena_004.jpg,
Moto Z Play review,https://www.gsmarena.com/moto_z_play-review-1538.php,https://fdn.gsmarena.com/imgroot/reviews/16/motorola-moto-z-play/-347x151/gsmarena_001.jpg,
Our editors talk,https://www.gsmarena.com/our_editors_talk_the_2016_highs_and_lows-review-1536.php,https://fdn.gsmarena.com/imgroot/reviews/16/a-look-back-at-2016/-347x151/gsmarena_013.jpg,
Huawei Mate 9 vs. Xiaomi Mi 5s Plus,https://www.gsmarena.com/huawei_mate_9_vs_xiaomi_mi5s_plus-review-1535.php,https://fdn.gsmarena.com/imgroot/reviews/16/huawei-mate-9-vs-xiaomi-mi-5s-plus/thumb/-347x151/gsmarena_001.jpg,
Meizu M3 Max review,https://www.gsmarena.com/meizu_m3_max-review-1534.php,https://fdn.gsmarena.com/imgroot/reviews/16/meizu-m3-max/-347x151/thumb2.jpg,
Lenovo Phab2 Plus preview,https://www.gsmarena.com/lenovo_phab2_plus-review-1533.php,https://fdn.gsmarena.com/imgroot/reviews/16/lenovo-phab2-plus/thumb/-347x151/gsmarena_102.jpg,
Xiaomi Mi Note 2 review,https://www.gsmarena.com/xiaomi_mi_note_2-review-1532.php,https://fdn.gsmarena.com/imgroot/reviews/16/xiaomi-mi-note-2/-347x151/gsmarena_001.jpg,
OnePlus 3T review,https://www.gsmarena.com/oneplus_3t-review-1531.php,https://fdn.gsmarena.com/imgroot/reviews/16/oneplus-3t/-347x151/gsmarena_111.jpg,
Oppo R9s review,https://www.gsmarena.com/oppo_r9s-review-1530.php,https://fdn.gsmarena.com/imgroot/reviews/16/oppo-r9s/thumb/-347x151/gsmarena_002.jpg,
Lenovo Phab2 Pro review,https://www.gsmarena.com/lenovo_phab2_pro-review-1529.php,https://fdn.gsmarena.com/imgroot/reviews/16/lenovo-phab2-pro/-347x151/gsmarena_101.jpg,
Xiaomi Mi Mix review,https://www.gsmarena.com/xiaomi_mi_mix-review-1528.php,https://fdn.gsmarena.com/imgroot/reviews/16/xiaomi-mi-mix/-347x151/thumb5.jpg,
Apple iPhone 7 Plus review,https://www.gsmarena.com/apple_iphone_7_plus_time_saver-review-1527.php,https://fdn.gsmarena.com/imgroot/reviews/16/apple-iphone-7-plus/-347x151/thumb3.jpg,
Xiaomi Redmi 4 Prime review,https://www.gsmarena.com/xiaomi_redmi_4_prime-review-1526.php,https://fdn.gsmarena.com/imgroot/reviews/16/xiaomi-redmi-4/-347x151/gsmarena_001.jpg,
Apple iPhone 7 review,https://www.gsmarena.com/apple_iphone_7_time_saver-review-1524.php,https://fdn.gsmarena.com/imgroot/reviews/16/apple-iphone-7/-347x151/thumb3.jpg,
Samsung Gear S3 review,https://www.gsmarena.com/samsung_gear_s3-review-1525.php,https://fdn.gsmarena.com/imgroot/reviews/16/samsung-gear-s3/-347x151/gsmarena_001.jpg,
Sony Xperia X Compact review,https://www.gsmarena.com/sony_xperia_x_compact_time_saver-review-1523.php,https://fdn.gsmarena.com/imgroot/reviews/16/sony-xperia-x-compact/-347x151/gsmarena_001.jpg,
Meizu MX6 review,https://www.gsmarena.com/meizu_mx6-review-1522.php,https://fdn.gsmarena.com/imgroot/reviews/16/meizu-mx6/thumb/-347x151/header-thumb2.jpg,
Asus Zenfone 3 review,https://www.gsmarena.com/asus_zefone_3_ze552kl-review-1521.php,https://fdn.gsmarena.com/imgroot/reviews/16/asus-zenfone-3-ze552kl/preview/thumb/-347x151/thumb003.jpg,
Huawei Mate 9 review,https://www.gsmarena.com/huawei_mate_9-review-1520.php,https://fdn.gsmarena.com/imgroot/reviews/16/huawei-mate-9/-347x151/gsmarena_003.jpg,
HTC Bolt preview,https://www.gsmarena.com/htc_bolt_hands_on-review-1519.php,https://fdn.gsmarena.com/imgroot/reviews/16/htc-bolt-hands-on/thumb/-347x151/gsmarena_003.jpg,
Google Pixel review,https://www.gsmarena.com/google_pixel-review-1518.php,https://fdn.gsmarena.com/imgroot/reviews/16/google-pixel/thumb/-347x151/gsmarena_001.jpg,
Moto G4 Plus review,https://www.gsmarena.com/moto_g4_plus-review-1517.php,https://fdn.gsmarena.com/imgroot/reviews/16/motorola-moto-g4-plus/-347x151/gsmarena_002.jpg,
Huawei Mate 9 & Mate 9 Porsche Design hands-on,https://www.gsmarena.com/huawei_mate_9_handson-review-1516.php,https://fdn.gsmarena.com/imgroot/reviews/16/huawei-mate-9/handson/thumb/-347x151/gsmarena_002.jpg,
Xiaomi Mi 5s Plus review,https://www.gsmarena.com/xiaomi_mi_5s_plus-review-1515.php,https://fdn.gsmarena.com/imgroot/reviews/16/xiaomi-mi-5s-plus/-347x151/thumb.jpg,
iPhone 7 Plus vs. Pixel XL,https://www.gsmarena.com/iphone_7_plus_vs_google_pixel_xl-review-1514.php,https://fdn.gsmarena.com/imgroot/reviews/16/iphone-7-plus-pixel-xl/-347x151/gsmarena_000.jpg,
Google Pixel XL review,https://www.gsmarena.com/google_pixel_xl-review-1513.php,https://fdn.gsmarena.com/imgroot/reviews/16/google-pixel-xl/thumb/-347x151/gsmarena_002.jpg,
ZTE Axon 7 review,https://www.gsmarena.com/zte_axon_7-review-1512.php,https://fdn.gsmarena.com/imgroot/reviews/16/zte-axon-7/-347x151/gsmarena_005.jpg,
Xiaomi Mi 5s review,https://www.gsmarena.com/xiaomi_mi_5s-review-1511.php,https://fdn.gsmarena.com/imgroot/reviews/16/xiaomi-mi-5s/-347x151/thumb3.jpg,
GSMArena smartphone buyer's guide,https://www.gsmarena.com/smartphone_buyers_guide_holidays_2016-review-1510.php,https://fdn.gsmarena.com/imgroot/reviews/16/buyers-guide-oct-2016/thumb/-347x151/gsmarena_001.jpg,
iPhone 7 vs Galaxy S7 vs Xperia XZ vs LG G5,https://www.gsmarena.com/camera_shootout_iphone7_galaxy_s7_xperia_xz_lg_g5-review-1509.php,https://fdn.gsmarena.com/imgroot/reviews/16/shootout-g5-iphone7-s7-xz/-347x151/gsmarena_000.jpg,
iPhone 7 vs Galaxy S7 vs Xperia XZ vs LG G5,https://www.gsmarena.com/blind_shootout_iphone7_galaxy_s7_xperia_xz_lg_g5-review-1508.php,https://fdn.gsmarena.com/imgroot/reviews/16/blind-shootout-g5-iphone7-s7-xz/-347x151/gsmarena_006.jpg,
Nubia Z11 review,https://www.gsmarena.com/zte_nubia_z11-review-1507.php,https://fdn.gsmarena.com/imgroot/reviews/16/zte-nubia-z11/-347x151/gsmarena_005.jpg,
Apple iPhone 7 Plus review,https://www.gsmarena.com/apple_iphone_7_plus-review-1506.php,https://fdn.gsmarena.com/imgroot/reviews/16/apple-iphone-7-plus/thumb/-347x151/thumb5.jpg,
Xiaomi Redmi 3S review,https://www.gsmarena.com/xiaomi_redmi_3s-review-1505.php,https://fdn.gsmarena.com/imgroot/reviews/16/xiaomi-redmi-3s/-347x151/thumb1.jpg,
Xiaomi Redmi Note 4 review,https://www.gsmarena.com/xiaomi_redmi_note_4-review-1504.php,https://fdn.gsmarena.com/imgroot/reviews/16/xiaomi-redmi-note-4/thumb/-347x151/gsmarena_003.jpg,
Google Pixel and Pixel XL hands-on,https://www.gsmarena.com/google_pixel_and_pixel_xl-review-1503.php,https://fdn.gsmarena.com/imgroot/reviews/16/pixel-xl/thumb/-347x151/gsmarena_003.jpg,
Huawei nova review,https://www.gsmarena.com/huawei_nova-review-1502.php,https://fdn.gsmarena.com/imgroot/reviews/16/huawei-nova/-347x151/thumb2.jpg,
Samsung Galaxy C5 review,https://www.gsmarena.com/samsung_galaxy_c5-review-1501.php,https://fdn.gsmarena.com/imgroot/reviews/16/samsung-galaxy-c5/-347x151/gsmarena_001.jpg,
Sony Xperia XZ review,https://www.gsmarena.com/sony_xperia_xz-review-1500.php,https://fdn.gsmarena.com/imgroot/reviews/16/sony-xperia-xz/review/-347x151/gsmarena_002.jpg,
Asus Zenfone 3 ZE552KL preview,https://www.gsmarena.com/asus_zenfone_3_ze552kl-review-1499.php,https://fdn.gsmarena.com/imgroot/reviews/16/asus-zenfone-3-ze552kl/preview/thumb/-347x151/thumb002.jpg,
LG V20 review,https://www.gsmarena.com/lg_v20-review-1498.php,https://fdn.gsmarena.com/imgroot/reviews/16/lg-v20/review/thumb/-347x151/gsmarena_003.jpg,
Apple iPhone 7 review,https://www.gsmarena.com/apple_iphone_7-review-1497.php,https://fdn.gsmarena.com/imgroot/reviews/16/apple-iphone-7/-347x151/thumb4.jpg,
Xiaomi Redmi Pro review,https://www.gsmarena.com/xiaomi_redmi_pro-review-1496.php,https://fdn.gsmarena.com/imgroot/reviews/16/xiaomi-redmi-pro/-347x151/thumb2.jpg,
Sony Xperia X Compact review,https://www.gsmarena.com/sony_xperia_x_compact-review-1495.php,https://fdn.gsmarena.com/imgroot/reviews/16/sony-xperia-x-compact/-347x151/gsmarena_001.jpg,
Huawei nova plus review,https://www.gsmarena.com/huawei_nova_plus-review-1494.php,https://fdn.gsmarena.com/imgroot/reviews/16/huawei-nova-plus/-347x151/thumb3.jpg,
Sony Xperia XZ preview,https://www.gsmarena.com/sony_xperia_xz_preview-review-1493.php,https://fdn.gsmarena.com/imgroot/reviews/16/sony-xperia-xz/preview/-347x151/gsmarena_001.jpg,
Honor 8 review,https://www.gsmarena.com/honor_8-review-1492.php,https://fdn.gsmarena.com/imgroot/reviews/16/honor-8/-347x151/thumb2.jpg,
LG V20 hands-on,https://www.gsmarena.com/lg_v20_hands_on-review-1490.php,https://fdn.gsmarena.com/imgroot/reviews/16/lg-v20/hands-on/-347x151/thumb.jpg,
Android 7.0 Nougat review,https://www.gsmarena.com/android_v70_nougat-review-1491.php,https://fdn.gsmarena.com/imgroot/reviews/16/android-70-nougat/-347x151/gsmarena_001.jpg,
Acer at IFA 2016,https://www.gsmarena.com/acer_at_ifa_2016-review-1489.php,https://fdn.gsmarena.com/imgroot/reviews/16/ifa-2016-acer/-347x151/thumb3.jpg,
Lenovo & Moto at IFA 2016,https://www.gsmarena.com/lenovo_at_ifa_2016-review-1488.php,https://fdn.gsmarena.com/imgroot/reviews/16/ifa-2016-lenovo/-347x151/gsmarena_002.jpg,
ZTE at IFA 2016,https://www.gsmarena.com/zte_at_ifa_2016-review-1483.php,https://fdn.gsmarena.com/imgroot/reviews/16/ifa-2016-zte/thumb/-347x151/gsmarena_002.jpg,
Huawei at IFA 2016,https://www.gsmarena.com/huawei_at_ifa_2016-review-1487.php,https://fdn.gsmarena.com/imgroot/reviews/16/ifa-2016-huawei/-347x151/gsmarena_009.JPG,
Sony at IFA 2016,https://www.gsmarena.com/sony_at_ifa_2016-review-1486.php,https://fdn.gsmarena.com/imgroot/reviews/16/ifa-2016-sony/-347x151/thumb4.jpg,
Asus at IFA 2016,https://www.gsmarena.com/asus_at_ifa_2016-review-1485.php,https://fdn.gsmarena.com/imgroot/reviews/16/ifa-2016-asus/-347x151/gsmarena_001.jpg,
Samsung at IFA 2016,https://www.gsmarena.com/samsung_at_ifa_2016-review-1484.php,https://fdn.gsmarena.com/imgroot/reviews/16/ifa-2016-samsung/thumb/-347x151/gsmarena_005.jpg,
Samsung Galaxy C7 review,https://www.gsmarena.com/samsung_galaxy_c7-review-1482.php,https://fdn.gsmarena.com/imgroot/reviews/16/samsung-galaxy-c7/-347x151/gsmarena_005.jpg,
Xiaomi Redmi 3S Prime review,https://www.gsmarena.com/xiaomi_redmi_3s_prime-review-1481.php,https://fdn.gsmarena.com/imgroot/reviews/16/xiaomi-redmi-3s-prime/thumb/-347x151/gsmarena_005.jpg,
Samsung Galaxy Note7 review,https://www.gsmarena.com/samsung_galaxy_note7_time_saver-review-1480.php,https://fdn.gsmarena.com/imgroot/reviews/16/samsung-galaxy-note7/review/thumb/-347x151/gsmarena_004.jpg,
Xiaomi Redmi Note 3 (Snapdragon) review,https://www.gsmarena.com/xiaomi_redmi_note_3_snapdragon-review-1477.php,https://fdn.gsmarena.com/imgroot/reviews/16/xiaomi-redmi-note-3-snapdragon/review/-347x151/gsmarena_009.jpg,
Galaxy Note7 vs. S7 edge vs. Note5,https://www.gsmarena.com/samsung_galaxy_note5_vs_s7_edge_vs_note7-review-1479.php,https://fdn.gsmarena.com/imgroot/reviews/16/galaxy-shootout-2016/-347x151/thumb4.jpg,
Oppo F1s review,https://www.gsmarena.com/oppo_f1s-review-1476.php,https://fdn.gsmarena.com/imgroot/reviews/16/oppo-f1s/-347x151/gsmarena_001.jpg,
Samsung Galaxy Note7 review,https://www.gsmarena.com/samsung_galaxy_note7-review-1478.php,https://fdn.gsmarena.com/imgroot/reviews/16/samsung-galaxy-note7/review/thumb/-347x151/gsmarena_002.jpg,
Moto Z Force Droid review,https://www.gsmarena.com/lenovo_moto_z_force-review-1475.php,https://fdn.gsmarena.com/imgroot/reviews/16/moto-z-force-droid-edition-review/thumb/-347x151/gsmarena_102.jpg,
Lenovo Vibe K5 review,https://www.gsmarena.com/lenovo_vibe_k5-review-1474.php,https://fdn.gsmarena.com/imgroot/reviews/16/lenovo-vibe-k5/-347x151/gsmarena_000.jpg,
Xiaomi Redmi 3 Pro review,https://www.gsmarena.com/xiaomi_redmi_3_pro-review-1473.php,https://fdn.gsmarena.com/imgroot/reviews/16/xiaomi-redmi-3-pro/-347x151/thumb.jpg,
Honor 7 Lite (5c) review,https://www.gsmarena.com/huawei_honor_7_lite_5c-review-1469.php,https://fdn.gsmarena.com/imgroot/reviews/16/huawei-honor-5c/thumb/-347x151/gsmarena_003.jpg,
Samsung Galaxy Note7 hands-on,https://www.gsmarena.com/samsung_galaxy_note7-review-1472.php,https://fdn.gsmarena.com/imgroot/reviews/16/samsung-galaxy-note7/handson/thumb/-347x151/gsmarena_001.jpg,
Moto Z Droid review,https://www.gsmarena.com/moto_z_droid_edition-review-1471.php,https://fdn.gsmarena.com/imgroot/reviews/16/moto-z-droid-edition-review/thumb/-347x151/gsmarena_001.jpg,
Samsung Galaxy On5 Pro and On7 Pro preview,https://www.gsmarena.com/samsung_galaxy_on5_pro_on7_pro-review-1470.php,https://fdn.gsmarena.com/imgroot/reviews/16/samsung-galaxy-on5pro-on7pro/thumb/-347x151/gsmarena_002.jpg,
Huawei P9 Plus review,https://www.gsmarena.com/huawei_p9_plus-review-1468.php,https://fdn.gsmarena.com/imgroot/reviews/16/huawei-p9-plus/-347x151/thumb4.jpg,
Sony Xperia XA Ultra review,https://www.gsmarena.com/sony_xperia_xa_ultra-review-1465.php,https://fdn.gsmarena.com/imgroot/reviews/16/sony-xperia-xa-ultra/review/thumb/-347x151/gsmarena_002.jpg,
Alcatel Idol 4s review,https://www.gsmarena.com/alcatel_idol_4s-review-1467.php,https://fdn.gsmarena.com/imgroot/reviews/16/alcatel-idol-4s/-347x151/gsmarena_003.jpg,
ZTE Zmax Pro hands-on,https://www.gsmarena.com/zte_zmax_pro-review-1466.php,https://fdn.gsmarena.com/imgroot/reviews/16/zte-zmax-pro-hands-on/thumb/-347x151/gsmarena_005.jpg,
Samsung Galaxy J3 (2016) review,https://www.gsmarena.com/samsung_galaxy_j3_2016-review-1464.php,https://fdn.gsmarena.com/imgroot/reviews/16/samsung-galaxy-j3-2016/-347x151/gsmarena_001.jpg,
Moto Z Force Droid Edition hands-on,https://www.gsmarena.com/verizon_moto_z_force_droid_edition-review-1463.php,https://fdn.gsmarena.com/imgroot/reviews/16/moto-z-droid-edition/thumb/-347x151/gsmarena_001.jpg,
Samsung Galaxy J2 (2016) preview,https://www.gsmarena.com/samsung_galaxy_j2_2016_-review-1462.php,https://fdn.gsmarena.com/imgroot/reviews/16/samsung-galaxy-j2-2016/preview/thumbnail/-347x151/thumb_03.jpg,
Huawei P9 lite review,https://www.gsmarena.com/hauwei_p9_lite-review-1461.php,https://fdn.gsmarena.com/imgroot/reviews/16/huawei-p9-lite/thumb/-347x151/gsmarena_101.jpg,
Sony Xperia E5 review,https://www.gsmarena.com/sony_xperia_e5-review-1460.php,https://fdn.gsmarena.com/imgroot/reviews/16/sony-xperia-e5/thumb/-347x151/gsmarena_001.jpg,
OnePlus 3 review,https://www.gsmarena.com/oneplus_3_time_saver-review-1459.php,https://fdn.gsmarena.com/imgroot/reviews/16/oneplus-3/-347x151/gsmarena_002.jpg,
Moto G4 review,https://www.gsmarena.com/lenovo_moto_g4-review-1458.php,https://fdn.gsmarena.com/imgroot/reviews/16/motorola-moto-g4/thumb/-347x151/gsmarena_001.jpg,
Samsung Galaxy S7 Active review,https://www.gsmarena.com/samsung_galaxy_s7_active-review-1457.php,https://fdn.gsmarena.com/imgroot/reviews/16/samsung-galaxy-s7-active/-347x151/gsmarena_001.jpg,
vivo Xplay5 Elite review,https://www.gsmarena.com/vivo_xplay5_elite-review-1456.php,https://fdn.gsmarena.com/imgroot/reviews/16/vivo-xplay5-elite/-347x151/gsmarena_000.jpg,
OnePlus 3 review,https://www.gsmarena.com/oneplus_3-review-1455.php,https://fdn.gsmarena.com/imgroot/reviews/16/oneplus-3/-347x151/gsmarena_001.jpg,
Sony Xperia XA review,https://www.gsmarena.com/sony_xperia_xa-review-1454.php,https://fdn.gsmarena.com/imgroot/reviews/16/sony-xperia-xa/thumb/-347x151/gsmarena_001.jpg,
Samsung Galaxy J7 (2016) review,https://www.gsmarena.com/samsung_galaxy_j7_2016-review-1453.php,https://fdn.gsmarena.com/imgroot/reviews/16/samsung-galaxy-j7-2016/-347x151/gsmarena_003.jpg,
Sony Xperia X Performance review,https://www.gsmarena.com/sony_xperia_x_performance-review-1451.php,https://fdn.gsmarena.com/imgroot/reviews/16/sony-xperia-x-performance/-347x151/gsmarena_004.jpg,
Meizu Pro 5 Ubuntu Edition review,https://www.gsmarena.com/meizu_pro_5_ubuntu-review-1452.php,https://fdn.gsmarena.com/imgroot/reviews/16/meizu-pro-5-ubuntu/-347x151/gsmarena_001.jpg,
Lenovo Moto Z and Phab2 Pro hands-on,https://www.gsmarena.com/lenovo_moto_z-review-1450.php,https://fdn.gsmarena.com/imgroot/reviews/16/lenovo-moto-z/thumb/-347x151/gsmarena_100.jpg,
LeEco Le Max 2 review,https://www.gsmarena.com/leeco_le_max_2-review-1449.php,https://fdn.gsmarena.com/imgroot/reviews/16/leeco-le-max-2/-347x151/thumb2.jpg,
Xiaomi Mi Max review,https://www.gsmarena.com/xiaomi_mi_max-review-1448.php,https://fdn.gsmarena.com/imgroot/reviews/16/xiaomi-mi-max/thumb/-347x151/gsmarena_008.jpg,
Moto G4 Plus hands-on,https://www.gsmarena.com/moto_g4_plus_hands_on-review-1447.php,https://fdn.gsmarena.com/imgroot/reviews/16/motorola-moto-g4-plus/preview/-347x151/thumb01.jpg,
Sony Xperia X Performance hands-on,https://www.gsmarena.com/sony_xperia_x_performance_hands_on-review-1446.php,https://fdn.gsmarena.com/imgroot/reviews/16/sony-xperia-x-performance/hands-on/-347x151/gsmarena_001.jpg,
Asus Zenfone Max review,https://www.gsmarena.com/asus_zenfone_max_zc550kl-review-1445.php,https://fdn.gsmarena.com/imgroot/reviews/16/asus-zenfone-max-zc550kl/-347x151/gsmarena_001.jpg,
Meizu m3 note review,https://www.gsmarena.com/meizu_m3_note-review-1444.php,https://fdn.gsmarena.com/imgroot/reviews/16/meizu-m3-note/-347x151/thumb.jpg,
Samsung Galaxy J5 (2016) review,https://www.gsmarena.com/samsung_galaxy_j5_2016-review-1443.php,https://fdn.gsmarena.com/imgroot/reviews/16/samsung-galaxy-j5-2016/-347x151/thumb2.jpg,
Meizu Pro 6 review,https://www.gsmarena.com/meizu_pro_6-review-1442.php,https://fdn.gsmarena.com/imgroot/reviews/16/meizu-pro-6/-347x151/thumb.jpg,
Sony Xperia X review,https://www.gsmarena.com/sony_xperia_x-review-1441.php,https://fdn.gsmarena.com/imgroot/reviews/16/sony-xperia-x/thumb/-347x151/gsmarena_001.jpg,
Sony Xperia XA Ultra hands-on,https://www.gsmarena.com/sony_xperia_xa_ultra_hands_on-review-1440.php,https://fdn.gsmarena.com/imgroot/reviews/16/sony-xperia-xa-ultra/preview/-347x151/gsmarena_103.jpg,
Acer Liquid X2 review,https://www.gsmarena.com/acer_liquid_x2-review-1439.php,https://fdn.gsmarena.com/imgroot/reviews/16/acer-liquid-x2/-347x151/gsmarena_000.jpg,
HTC 10 review,https://www.gsmarena.com/htc_10_time_saver-review-1438.php,https://fdn.gsmarena.com/imgroot/reviews/16/htc-10/review/-347x151/main03.jpg,
HTC 10 vs. LG G5 vs. Samsung Galaxy S7,https://www.gsmarena.com/htc_10_vs_lg_g5_vs_samsung_galaxy_s7_edge-review-1437.php,https://fdn.gsmarena.com/imgroot/reviews/16/htc-10-vs-lg-g5-vs-s7-edge/thumb/-347x151/gsmarena_002.jpg,
Vivo V3Max review,https://www.gsmarena.com/vivo_v3max-review-1436.php,https://fdn.gsmarena.com/imgroot/reviews/16/vivo-v3max/-347x151/thumb3.jpg,
Motorola Moto X Force review,https://www.gsmarena.com/motorola_moto_x_force-review-1435.php,https://fdn.gsmarena.com/imgroot/reviews/16/motorola-moto-x-force/-347x151/thumb6.jpg,
HTC 10 review,https://www.gsmarena.com/htc_10-review-1434.php,https://fdn.gsmarena.com/imgroot/reviews/16/htc-10/review/-347x151/main02.jpg,
LG G5 vs Samsung Galaxy S7,https://www.gsmarena.com/lg_g5_vs_samsung_galaxy_s7-review-1433.php,https://fdn.gsmarena.com/imgroot/reviews/16/lg-g5-vs-galaxy-s7/thumb/-347x151/gsmarena_002.jpg,
LG G5 Friends review,https://www.gsmarena.com/lg_g5_and_friends-review-1432.php,https://fdn.gsmarena.com/imgroot/reviews/16/lg-friends/-347x151/thumb2.jpg,
Lenovo Vibe K5 Plus review,https://www.gsmarena.com/lenovo_vibe_k5_plus-review-1431.php,https://fdn.gsmarena.com/imgroot/reviews/16/lenovo-vibe-k5-plus/-347x151/gsmarena_101.jpg,
Oppo F1 Plus review,https://www.gsmarena.com/oppo_f1_plus-review-1430.php,https://fdn.gsmarena.com/imgroot/reviews/16/oppo-f1-plus/-347x151/gsmarena_000.jpg,
Smartphone buyer's guide,https://www.gsmarena.com/smartphone_buyers_guide_april_2016-review-1429.php,https://fdn.gsmarena.com/imgroot/reviews/16/buyers-guide-april-2016/-347x151/gsmarena_004.jpg,
Sony Xperia X hands-on,https://www.gsmarena.com/sony_xperia_x-review-1425.php,https://fdn.gsmarena.com/imgroot/reviews/16/sony-xperia-x-handson/-347x151/thumb.jpg,
Huawei P9 review,https://www.gsmarena.com/huawei_p9-review-1428.php,https://fdn.gsmarena.com/imgroot/reviews/16/huawei-p9/-347x151/thumb.jpg,
Apple iPhone SE,https://www.gsmarena.com/apple_iphone_se_time_saver-review-1427.php,https://fdn.gsmarena.com/imgroot/reviews/16/apple-iphone-se/lifestyle/-347x151/gsmarena_006.jpg,
HTC 10 hands-on,https://www.gsmarena.com/htc_10_hands_on-review-1426.php,https://fdn.gsmarena.com/imgroot/reviews/16/htc-10/handson/-347x151/gsmarena_010.jpg,
Apple iPhone SE review,https://www.gsmarena.com/apple_iphone_se-review-1424.php,https://fdn.gsmarena.com/imgroot/reviews/16/apple-iphone-se/-347x151/thumb2.jpg,
Xiaomi Mi 5 review,https://www.gsmarena.com/xiaomi_mi_5_time_saver-review-1423.php,https://fdn.gsmarena.com/imgroot/reviews/16/xiaomi-mi-5/lifestyle/-347x151/gsmarena_011.jpg,
LG G5 review,https://www.gsmarena.com/lg_g5_time_saver-review-1422.php,https://fdn.gsmarena.com/imgroot/reviews/16/lg-g5/lifestyle/-347x151/gsmarena_016.jpg,
Huawei P9 and P9 Plus hands-on,https://www.gsmarena.com/huawei_p9_and_p9_plus_hands_on-review-1421.php,https://fdn.gsmarena.com/imgroot/reviews/16/huawei-p9/handson/-347x151/gsmarena_011.jpg,
LG G5 vs Samsung Galaxy S7 edge,https://www.gsmarena.com/lg_g5_vs_samsung_galaxy_s7_low_light-review-1420.php,https://fdn.gsmarena.com/imgroot/reviews/16/galaxy-s7-edge-vs-lg-g5-low-light/-347x151/gsmarena_002.jpg,
Acer Liquid Jade Primo review,https://www.gsmarena.com/acer_liquid_jade_primo-review-1419.php,https://fdn.gsmarena.com/imgroot/reviews/16/acer-jade-primo/-347x151/gsmarena_001.jpg,
Microsoft Lumia 650 review,https://www.gsmarena.com/microsoft_lumia_650-review-1418.php,https://fdn.gsmarena.com/imgroot/reviews/16/microsoft-lumia-650/-347x151/gsmarena_001.jpg,
Xiaomi Mi 4s review,https://www.gsmarena.com/xiaomi_mi_4s-review-1417.php,https://fdn.gsmarena.com/imgroot/reviews/16/xiaomi-mi-4s/-347x151/thumb.jpg,
LG G5 review,https://www.gsmarena.com/lg_g5-review-1416.php,https://fdn.gsmarena.com/imgroot/reviews/16/lg-g5/-347x151/thumb.jpg,
Samsung Galaxy S7 vs. Apple iPhone 6s,https://www.gsmarena.com/galaxy_s7_vs_iphone_6s-review-1415.php,https://fdn.gsmarena.com/imgroot/reviews/16/galaxy-s7-vs-iphone-6s/thumbs/-347x151/gsmarena_007.jpg,
Samsung Galaxy S7 vs. Apple iPhone 6s,https://www.gsmarena.com/galaxy_s7_vs_iphone_6s_blind_shootout-review-1414.php,https://fdn.gsmarena.com/imgroot/reviews/16/galaxy-s7-vs-iphone-6s/blind/thumb/-347x151/gsmarena_002.jpg,
Samsung Galaxy S7 edge review,https://www.gsmarena.com/samsung_galaxy_s7_edge_time_saver-review-1413.php,https://fdn.gsmarena.com/imgroot/reviews/16/samsung-galaxy-s7-edge/-347x151/gsmarena_001.jpg,
Samsung Galaxy S7 review,https://www.gsmarena.com/samsung_galaxy_s7_time_saver-review-1412.php,https://fdn.gsmarena.com/imgroot/reviews/16/samsung-galaxy-s7/-347x151/gsmarena_101.jpg,
Lenovo Vibe K4 Note review,https://www.gsmarena.com/lenovo_vibe_k4_note-review-1410.php,https://fdn.gsmarena.com/imgroot/reviews/16/lenovo-vibe-k4-note/-347x151/gsmarena_005.jpg,
Xiaomi Mi 5 review,https://www.gsmarena.com/xiaomi_mi_5-review-1411.php,https://fdn.gsmarena.com/imgroot/reviews/16/xiaomi-mi-5/-347x151/thumb.jpg,
Samsung Galaxy S7 edge review,https://www.gsmarena.com/samsung_galaxy_s7_edge-review-1409.php,https://fdn.gsmarena.com/imgroot/reviews/16/samsung-galaxy-s7-edge/-347x151/thumb3.jpg,
Samsung Galaxy S7 review,https://www.gsmarena.com/samsung_galaxy_s7-review-1408.php,https://fdn.gsmarena.com/imgroot/reviews/16/samsung-galaxy-s7/-347x151/gsmarena_100.jpg,
LG V10 review,https://www.gsmarena.com/lg_v10_time_saver-review-1407.php,https://fdn.gsmarena.com/imgroot/reviews/15/lg-v10/thumb/-347x151/gsmarena_002.jpg,
Motorola Moto X Play review,https://www.gsmarena.com/motorola_moto_x_play_time_saver-review-1374.php,https://fdn.gsmarena.com/imgroot/reviews/16/short-review-motorola-moto-x-play/-347x151/gsmarena_001.jpg,
Samsung Galaxy Note5 review,https://www.gsmarena.com/samsung_galaxy_note5_time_saver-review-1376.php,https://fdn.gsmarena.com/imgroot/reviews/15/samsung-galaxy-note5/-347x151/thumb01.jpg,
Apple iPhone 6s review,https://www.gsmarena.com/apple_iphone_6s_time_saver-review-1377.php,https://fdn.gsmarena.com/imgroot/reviews/15/apple-iphone-6s/-347x151/gsmarena_001.jpg,
Huawei Mate 8 review,https://www.gsmarena.com/huawei_mate_8_time_saver-review-1378.php,https://fdn.gsmarena.com/imgroot/reviews/16/huawei-mate-8/-347x151/gsmarena_000.jpg,
Microsoft Lumia 950XL review,https://www.gsmarena.com/microsoft_lumia_950_xl_time_saver-review-1379.php,https://fdn.gsmarena.com/imgroot/reviews/15/microsoft-lumia-950-xl/-347x151/thumb.jpg,
Introducing our new time-saver review format,https://www.gsmarena.com/introducing_time_saver-review-1406.php,https://fdn.gsmarena.com/imgroot/reviews/16/timesaver-reviews/thumb/-347x151/gsmarena_004.jpg,
Xiaomi Redmi Note 3 hands-on,https://www.gsmarena.com/xiaomi_redmi_note_3_snapdragon-review-1405.php,https://fdn.gsmarena.com/imgroot/reviews/16/xiaomi-redmi-note-3-snapdragon/-347x151/thumb.jpg,
Wiko Fever Special Edition hands-on,https://www.gsmarena.com/wiko_fever_special_edition_mwc_2016-review-1404.php,https://fdn.gsmarena.com/imgroot/reviews/16/mwc2016-wiko/-347x151/gsmarena_001.jpg,
LG G5 vs. Samsung Galaxy S7 edge,https://www.gsmarena.com/lg_g5_vs_samsung_galaxy_s7_edge_mwc_2016-review-1403.php,https://fdn.gsmarena.com/imgroot/reviews/16/mwc2016-lg-g5-vs-s7-edge/-347x151/gsmarena_001.jpg,
Zopo Speed 8 hands-on,https://www.gsmarena.com/zopo_speed_8_mwc_2016-review-1402.php,https://fdn.gsmarena.com/imgroot/reviews/16/mwc2016-zopo/-347x151/thumb.jpg,
Samsung Galaxy S7 edge hands-on,https://www.gsmarena.com/samsung_galaxy_s7_edge_mwc_2016-review-1400.php,https://fdn.gsmarena.com/imgroot/reviews/16/mwc2016-samsung/s7-edge-day/-347x151/gsmarena_001.jpg,
Xiaomi Mi 5 hands-on,https://www.gsmarena.com/xiaomi_mi_5_mwc_2016-review-1401.php,https://fdn.gsmarena.com/imgroot/reviews/16/mwc2016-xiaomi/xiaomi-mi-5/-347x151/thumb.jpg,
Acer Liquid Jade 2 and Liquid Zest hands-on,https://www.gsmarena.com/acer_liquid_jade_2_liquid_zest_mwc_2016-review-1399.php,https://fdn.gsmarena.com/imgroot/reviews/16/mwc2016-acer/acer-liquid-jade-2/-347x151/gsmarena_001.jpg,
LG G5 vs G4 vs. iPhone 6s vs. GoPro,https://www.gsmarena.com/lg_g5_camera_shootout_mwc_2016-review-1398.php,https://fdn.gsmarena.com/imgroot/reviews/16/mwc2016-lg/shootout/-347x151/gsmarena_001.jpg,
Interview with Sony,https://www.gsmarena.com/interview_with_sony_mwc_2016-review-1397.php,https://fdn.gsmarena.com/imgroot/reviews/16/mwc2016-sony/thumb/-347x151/gsmarena_001.jpg,
HP Elite X3 hands-on,https://www.gsmarena.com/hp_elite_x3_mwc_2016-review-1396.php,https://fdn.gsmarena.com/imgroot/reviews/16/mwc2016-various/hp-elite-x3/-347x151/gsmarena_008.jpg,
Gionee S8 hands-on,https://www.gsmarena.com/gionee_s8_mwc_2016-review-1395.php,https://fdn.gsmarena.com/imgroot/reviews/16/mwc2016-various/gionee-s8/-347x151/gsmarena_001.jpg,
Meizu Pro 5 Ubuntu Edition hands-on,https://www.gsmarena.com/meizu_pro_5_ubuntu_edition_mwc_2016-review-1394.php,https://fdn.gsmarena.com/imgroot/reviews/16/mwc2016-various/meizu-pro-5-ubuntu/-347x151/gsmarena_001.jpg,
Lenovo Vibe K5 and Vibe K5 Plus hands-on,https://www.gsmarena.com/lenovo_vibe_k5_vibe_k5_plus_mwc_2016-review-1393.php,https://fdn.gsmarena.com/imgroot/reviews/16/mwc2016-various/lenovo-k5-plus/-347x151/gsmarena_001.jpg,
"ZTE Blade V7, Blade V7 Lite and Spro Plus hands-on",https://www.gsmarena.com/zte_blade_v7_lite_spro_plus_mwc_2016-review-1392.php,https://fdn.gsmarena.com/imgroot/reviews/16/mwc2016-various/zte-v7/-347x151/gsmarena_001.jpg,
CAT S60 hands-on,https://www.gsmarena.com/cat_s60_mwc_2016-review-1391.php,https://fdn.gsmarena.com/imgroot/reviews/16/mwc2016-various/cat-s60/phone/-347x151/gsmarena_007.jpg,
Huawei Mate Book hands-on,https://www.gsmarena.com/huawei_mate_book_mwc_2016-review-1389.php,https://fdn.gsmarena.com/imgroot/reviews/16/mwc2016-various/huawei-mate-book/-347x151/gsmarena_001.jpg,
SmartSensor Image Stabilization and Super VOOC,https://www.gsmarena.com/oppo_mwc_2016-review-1390.php,https://fdn.gsmarena.com/imgroot/reviews/16/mwc2016-oppo/-347x151/gsmarena_004.jpg,
Microsoft Lumia 650 hands-on,https://www.gsmarena.com/microsoft_lumia_650_mwc_2016-review-1388.php,https://fdn.gsmarena.com/imgroot/reviews/16/mwc2016-various/lumia-650/thumb/-347x151/gsmarena_000.jpg,
"Sony Xperia X, X Performance and XA",https://www.gsmarena.com/sony_mwc_2016-review-1386.php,https://fdn.gsmarena.com/imgroot/reviews/16/mwc2016-sony/-347x151/gsmarena_001.jpg,
Samsung Galaxy S7 and S7 edge,https://www.gsmarena.com/samsung_mwc_2016-review-1383.php,https://fdn.gsmarena.com/imgroot/reviews/16/mwc2016-samsung//-347x151/gsmarena_002.jpg,
"One X9, Desire 825, HTC Desire 530, Desire 630",https://www.gsmarena.com/htc_mwc_2016-review-1384.php,https://fdn.gsmarena.com/imgroot/reviews/16/mwc2016-htc/-347x151/gsmarena_100.jpg,
LG G5,https://www.gsmarena.com/lg_mwc_2016-review-1382.php,https://fdn.gsmarena.com/imgroot/reviews/16/mwc2016-lg/g5/-347x151/gsmarena_104.jpg,
"Idol 4 and 4s, Plus 10, POP4, POP4+, and POP4S",https://www.gsmarena.com/alcatel_mwc_2016-review-1381.php,https://fdn.gsmarena.com/imgroot/reviews/16/mwc2016-alcatel/-347x151/gsmarena_101.jpg,
Samsung Galaxy A9 (2016) review,https://www.gsmarena.com/samsung_galaxy_a9_2016-review-1380.php,https://fdn.gsmarena.com/imgroot/reviews/16/samsung-galaxy-a9-2016/-347x151/gsmarena_004.jpg,
Huawei Honor 5X review,https://www.gsmarena.com/huawei_honor_5x-review-1375.php,https://fdn.gsmarena.com/imgroot/reviews/16/huawei-honor-5x/-347x151/gsmarena_001.jpg,
LeTV (LeEco) Le 1s hands-on,https://www.gsmarena.com/letv_le_1s_hands_on-review-1373.php,https://fdn.gsmarena.com/imgroot/reviews/16/letv-le-1s/preview/-347x151/thumb.jpg,
Lenovo Vibe X3 hands-on,https://www.gsmarena.com/lenovo_vibe_x3_hands_on-review-1372.php,https://fdn.gsmarena.com/imgroot/reviews/16/lenovo-vibe-x3/hands-on/-347x151/thumb.jpg,
Samsung Galaxy A7 (2016) review,https://www.gsmarena.com/samsung_galaxy_a7_2016-review-1371.php,https://fdn.gsmarena.com/imgroot/reviews/16/samsung-galaxy-a7-2016/-347x151/gsmarena_001.jpg,
Oppo F1 review,https://www.gsmarena.com/oppo_f1-review-1370.php,https://fdn.gsmarena.com/imgroot/reviews/16/oppo-f1/-347x151/gsmarena_002.jpg,
Samsung Galaxy A5 (2016) review,https://www.gsmarena.com/samsung_galaxy_a5_2016-review-1369.php,https://fdn.gsmarena.com/imgroot/reviews/16/samsung-galaxy-a5-2016/-347x151/gsmarena_001.jpg,
Xiaomi Redmi 3 review,https://www.gsmarena.com/xiaomi_redmi_3-review-1368.php,https://fdn.gsmarena.com/imgroot/reviews/16/xiaomi-redmi-3/-347x151/thumb.jpg,
Huawei Mate 8 review,https://www.gsmarena.com/huawei_mate_8-review-1367.php,https://fdn.gsmarena.com/imgroot/reviews/16/huawei-mate-8/-347x151/gsmarena_000.jpg,
Galaxy Note 5 vs. iPhone 6s Plus vs. LG V10,https://www.gsmarena.com/iphone_6s_plus_vs_lg_v10_vs_galaxy_note5-review-1366.php,https://fdn.gsmarena.com/imgroot/reviews/16/snow-shootout/-347x151/thumb4.jpg,
iPhone 6s Plus vs. Lumia 950 XL vs. Galaxy Note5,https://www.gsmarena.com/iphone_6s_plus_vs_lumia_950_xl_vs_galaxy_note5-review-1365.php,https://fdn.gsmarena.com/imgroot/reviews/16/6splus-950xl-note5-vs/-347x151/gsmarena_004.jpg,
Lumia 950 XL vs. LG V10 vs. Galaxy Note5 vs. iPhone 6s Plus,https://www.gsmarena.com/galaxy_note5_vs_lg_v10_vs_nexus_6p-review-1364.php,https://fdn.gsmarena.com/imgroot/reviews/16/6splus-950xl-note5-vs/blind/-347x151/gsmarena_002.jpg,
Nexus 6P vs. LG V10 vs. Galaxy Note5,https://www.gsmarena.com/galaxy_note5_vs_lg_v10_vs_nexus_6p-review-1363.php,https://fdn.gsmarena.com/imgroot/reviews/16/note5-v10-nexus6p-vs/lifestyle/-347x151/thumb2.jpg,
Nexus 6P vs. LG V10 vs. Galaxy Note5,https://www.gsmarena.com/galaxy_note5_lg_v10_nexus_6p_blind_shootout-review-1362.php,https://fdn.gsmarena.com/imgroot/reviews/16/note5-v10-nexus6p-vs/blind/-347x151/gsmarena_003.jpg,
LG K10 and LG K7 hands-on,https://www.gsmarena.com/lg_ces_2016-review-1361.php,https://fdn.gsmarena.com/imgroot/reviews/16/ces2016-lg/-347x151/thumb.jpg,
"Samsung, ZTE, and Vivo",https://www.gsmarena.com/various_ces_2016-review-1359.php,https://fdn.gsmarena.com/imgroot/reviews/16/ces2016-misc/-347x151/gsmarena_100.jpg,
"Hands-on of Alcatel Pixi 3 (8), Fierce XL, and more",https://www.gsmarena.com/alcatel_ces_2016-review-1360.php,https://fdn.gsmarena.com/imgroot/reviews/16/ces2016-alcatel/-347x151/thumb.jpg,
"Hands-on of Mate 8, Mediapad M2 10.0, and more",https://www.gsmarena.com/huawei_ces_2016-review-1358.php,https://fdn.gsmarena.com/imgroot/reviews/16/ces2016-huawei/-347x151/gsmarena_002.jpg,
Lenovo Vibe Shot review,https://www.gsmarena.com/lenovo_vibe_shot-review-1357.php,https://fdn.gsmarena.com/imgroot/reviews/15/lenovo-vibe-shot/thumb/-347x151/gsmarena_001.jpg,
Xiaomi Redmi Note 3 review,https://www.gsmarena.com/xiaomi_redmi_note_3-review-1356.php,https://fdn.gsmarena.com/imgroot/reviews/15/xiaomi-redmi-note-3/-347x151/thumb6.jpg,
Huawei Nexus 6P review,https://www.gsmarena.com/huawei_nexus_6p-review-1355.php,https://fdn.gsmarena.com/imgroot/reviews/15/huawei-nexus-6p/-347x151/gsmarena_002.jpg,
Vivo X6 hands-on,https://www.gsmarena.com/vivo_x6_hands_on-review-1354.php,https://fdn.gsmarena.com/imgroot/reviews/15/vivo-x6/hands-on/-347x151/gsmarena_000.jpg,
Huawei G8 review,https://www.gsmarena.com/huawei_g8-review-1353.php,https://fdn.gsmarena.com/imgroot/reviews/15/huawei-g8/-347x151/gsmarena_001.jpg,
Microsoft Lumia 550 review,https://www.gsmarena.com/microsoft_lumia_550-review-1352.php,https://fdn.gsmarena.com/imgroot/reviews/15/microsoft-lumia-550/-347x151/main.jpg,
Oppo R7s review,https://www.gsmarena.com/oppo_r7s-review-1351.php,https://fdn.gsmarena.com/imgroot/reviews/15/oppo-r7s/-347x151/gsmarena_000.jpg,
BlackBerry Priv review,https://www.gsmarena.com/blackberry_priv-review-1350.php,https://fdn.gsmarena.com/imgroot/reviews/15/blackberry-priv/-347x151/gsmarena_004.jpg,
Microsoft Lumia 950 XL review,https://www.gsmarena.com/microsoft_lumia_950_xl-review-1349.php,https://fdn.gsmarena.com/imgroot/reviews/15/microsoft-lumia-950-xl/-347x151/thumb.jpg,
Samsung Galaxy J2 review,https://www.gsmarena.com/samsung_galaxy_j2-review-1348.php,https://fdn.gsmarena.com/imgroot/reviews/15/samsung-galaxy-j2/-347x151/thumb2.jpg,
Microsoft Lumia 950 review,https://www.gsmarena.com/microsoft_lumia_950-review-1347.php,https://fdn.gsmarena.com/imgroot/reviews/15/microsoft-lumia-950/-347x151/thumb2.jpg,
Apple iPad Pro review,https://www.gsmarena.com/apple_ipad_pro-review-1346.php,https://fdn.gsmarena.com/imgroot/reviews/15/apple-ipad-pro/-347x151/gsmarena_000.jpg,
GSMArena smartphone buyer's guide,https://www.gsmarena.com/gsmarena_buyers_guide_november_2015-review-1345.php,https://fdn.gsmarena.com/imgroot/reviews/15/shopping-guide-nov-2015/inline/-347x151/gsmarena_005.jpg,
Sony Xperia Z5 Premium review,https://www.gsmarena.com/sony_xperia_z5_premium-review-1344.php,https://fdn.gsmarena.com/imgroot/reviews/15/sony-xperia-z5-premium/-347x151/thumb2.jpg,
Meizu m1 metal review,https://www.gsmarena.com/meizu_m1_metal-review-1343.php,https://fdn.gsmarena.com/imgroot/reviews/15/meizu-m1-metal/-347x151/thumb.jpg,
Sony Xperia Z5 Premium screen test,https://www.gsmarena.com/xperia_z5_premium_screen_test-review-1342.php,https://fdn.gsmarena.com/imgroot/news/15/11/xperia-z5-premium-test/-347x151/gsmarena_001.jpg,
Huawei Watch review,https://www.gsmarena.com/huawei_watch-review-1340.php,https://fdn.gsmarena.com/imgroot/reviews/15/huawei-watch/-347x151/gsmarena_001.jpg,
Huawei Mate S review,https://www.gsmarena.com/huawei_mate_s-review-1339.php,https://fdn.gsmarena.com/imgroot/reviews/15/huawei-mate-s/-347x151/gsmarena_004.jpg,
LG Nexus 5X review,https://www.gsmarena.com/lg_nexus_5x-review-1338.php,https://fdn.gsmarena.com/imgroot/reviews/15/lg-nexus-5x/thumb/-347x151/gsmarena_002.jpg,
OnePlus X review,https://www.gsmarena.com/one_plus_x-review-1337.php,https://fdn.gsmarena.com/imgroot/reviews/15/oneplus-x/-347x151/gsmarena_001.jpg,
Meizu Pro 5 review,https://www.gsmarena.com/meizu_pro_5-review-1336.php,https://fdn.gsmarena.com/imgroot/reviews/15/meizu-pro-5/review/-347x151/thumb2.jpg,
Asus Zenfone Selfie review,https://www.gsmarena.com/asus_zenfone_selfie_zd551kl-review-1335.php,https://fdn.gsmarena.com/imgroot/reviews/15/asus-zenfone-selfie-zd551kl/-347x151/gsmarena_003.jpg,
Samsung Gear S2 review,https://www.gsmarena.com/samsung_gear_s2-review-1334.php,https://fdn.gsmarena.com/imgroot/reviews/15/samsung-gear-s2/-347x151/gsmarena_001.jpg,
LG V10 review,https://www.gsmarena.com/lg_v10-review-1333.php,https://fdn.gsmarena.com/imgroot/reviews/15/lg-v10/thumb/-347x151/gsmarena_001.jpg,
OnePlus X hands-on,https://www.gsmarena.com/one_plus_x_hands_on-review-1332.php,https://fdn.gsmarena.com/imgroot/reviews/15/one-plus-x-handson/-347x151/gsmarena_001.jpg,
HTC One A9 review,https://www.gsmarena.com/htc_one_a9-review-1331.php,https://fdn.gsmarena.com/imgroot/reviews/15/htc-one-a9/review/-347x151/thumb.jpg,
iPhone 6s vs. Galaxy S6 vs. Xperia Z5,https://www.gsmarena.com/iphone_6s_galaxy_s6_xperia_z5-review-1330.php,https://fdn.gsmarena.com/imgroot/reviews/15/iphone-6s-galaxy-s6-xperia-z5/vs/thumb/-347x151/thumb5.jpg,
iPhone 6s vs. Galaxy S6 vs. Xperia Z5,https://www.gsmarena.com/iphone_6s_galaxy_s6_xperia_z5-review-1329.php,https://fdn.gsmarena.com/imgroot/reviews/15/iphone-6s-galaxy-s6-xperia-z5/-347x151/gsmarena_004.jpg,
Xiaomi Mi 4c review,https://www.gsmarena.com/xiaomi_mi_4c-review-1328.php,https://fdn.gsmarena.com/imgroot/reviews/15/xiaomi-mi-4c/-347x151/thumb.jpg,
HTC One A9 hands-on,https://www.gsmarena.com/htc_one_a9-review-1327.php,https://fdn.gsmarena.com/imgroot/reviews/15/htc-one-a9/-347x151/gsmarena_101.jpg,
Sony Xperia Z5 review,https://www.gsmarena.com/sony_xperia_z5-review-1326.php,https://fdn.gsmarena.com/imgroot/reviews/15/sony-xperia-z5/-347x151/gsmarena_006.jpg,
Motorola Moto X Play review,https://www.gsmarena.com/motorola_moto_x_play-review-1325.php,https://fdn.gsmarena.com/imgroot/reviews/15/motorola-moto-x-play/-347x151/gsmarena_001.jpg,
Apple iPhone 6s Plus vs. Samsung Galaxy S6 edge+,https://www.gsmarena.com/iphone_6s_plus_vs_s6_edge_plus-review-1324.php,https://fdn.gsmarena.com/imgroot/reviews/15/iphone-6s-plus-vs-s6-edge-plus/-347x151/thumb2.jpg,
Apple iPhone 6s Plus vs. Samsung Galaxy S6 edge+,https://www.gsmarena.com/blind_shootout_iphone_6splus_galaxy_s6edgeplus-review-1323.php,https://fdn.gsmarena.com/imgroot/reviews/15/blind-shootout-iphone-6splus-galaxy-6splus/-347x151/thumb2.jpg,
Meizu MX5 review,https://www.gsmarena.com/meizu_mx5-review-1322.php,https://fdn.gsmarena.com/imgroot/reviews/15/meizu-mx5/-347x151/thumb3.jpg,
ZUK Z1 by Lenovo review,https://www.gsmarena.com/zuk_z1_by_lenovo-review-1321.php,https://fdn.gsmarena.com/imgroot/reviews/15/lenovo-zuk-z1/-347x151/gsmarena_001.jpg,
Gionee Elife E8 hands-on,https://www.gsmarena.com/gionee_elife_8_handson-review-1320.php,https://fdn.gsmarena.com/imgroot/reviews/15/gionee-elife-e8/-347x151/gsmarena_004.jpg,
Lenovo K3 Note review,https://www.gsmarena.com/lenovo_k3_note-review-1319.php,https://fdn.gsmarena.com/imgroot/reviews/15/lenovo-k3-note/-347x151/gsmarena_101.jpg,
Sony Xperia Z5 Compact review,https://www.gsmarena.com/sony_xperia_z5_compact-review-1318.php,https://fdn.gsmarena.com/imgroot/reviews/15/sony-xperia-z5-compact/-347x151/gsmarena_002.jpg,
"Microsoft Lumia 950 XL, 950 and 550 hands-on",https://www.gsmarena.com/microsoft_lumia_event-review-1317.php,https://fdn.gsmarena.com/imgroot/reviews/15/microsoft-lumia-event/-347x151/gsmarena_001.jpg,
Apple iPhone 6s Plus review,https://www.gsmarena.com/apple_iphone_6s_plus-review-1316.php,https://fdn.gsmarena.com/imgroot/reviews/15/apple-iphone-6s-plus/-347x151/gsmarena_001.jpg,
LG V10 and Watch Urbane 2nd edition,https://www.gsmarena.com/lg_v10_watch_urbane_2nd_ed_handson-review-1315.php,https://fdn.gsmarena.com/imgroot/reviews/15/lg-v10-urbane-2/-347x151/thumb.jpg,
Apple iPhone 6s review,https://www.gsmarena.com/apple_iphone_6s-review-1314.php,https://fdn.gsmarena.com/imgroot/reviews/15/apple-iphone-6s/-347x151/thumb.jpg,
Amazon Kindle Fire HD hands-on,https://www.gsmarena.com/amazon_kindle_fire_hd_hands_on-review-1313.php,https://fdn.gsmarena.com/imgroot/reviews/15/kindle-tablets/-347x151/gsmarena_002.jpg,
Nexus 5X and Nexus 6P hands-on,https://www.gsmarena.com/nexus_5x_nexus_6p_hands_on-review-1312.php,https://fdn.gsmarena.com/imgroot/reviews/15/nexus-5x-6p-handson/-347x151/gsmarena_005.jpg,
Xiaomi Redmi Note 2 review,https://www.gsmarena.com/xiaomi_redmi_note_2-review-1311.php,https://fdn.gsmarena.com/imgroot/reviews/15/xiaomi-redmi-note-2/-347x151/thumb2.jpg,
Sony Xperia C5 Ultra review,https://www.gsmarena.com/sony_xperia_c5_ultra-review-1310.php,https://fdn.gsmarena.com/imgroot/reviews/15/sony-xperia-c5-ultra/-347x151/thumb.jpg,
Moto X Style (Pure Edition) review,https://www.gsmarena.com/moto_x_style_pure_edition-review-1308.php,https://fdn.gsmarena.com/imgroot/reviews/15/moto-x-pure-edition/-347x151/gsmarena_001.jpg,
Meizu Pro 5 hands-on,https://www.gsmarena.com/meizu_pro_5_handson-review-1309.php,https://fdn.gsmarena.com/imgroot/reviews/15/meizu-pro-5/-347x151/gsmarena_001.jpg,
Samsung Galaxy J7 review,https://www.gsmarena.com/samsung_galaxy_j7-review-1307.php,https://fdn.gsmarena.com/imgroot/reviews/15/samsung-galaxy-j7/-347x151/gsmarena_001.jpg,
Sony Xperia M5 review,https://www.gsmarena.com/sony_xperia_m5-review-1306.php,https://fdn.gsmarena.com/imgroot/reviews/15/sony-xperia-m5-dual/-347x151/gsmarena_002.jpg,
Samsung Galaxy J5 preview,https://www.gsmarena.com/samsung_galaxy_j5-review-1303.php,https://fdn.gsmarena.com/imgroot/reviews/15/samsung-galaxy-j5/hands-on/-347x151/gsmarena_003.jpg,
Oppo R7 Plus review,https://www.gsmarena.com/oppo_r7_plus-review-1305.php,https://fdn.gsmarena.com/imgroot/reviews/15/oppo-r7-plus/-347x151/gsmarena_100.jpg,
Vivo X5Pro review,https://www.gsmarena.com/vivo_x5pro-review-1304.php,https://fdn.gsmarena.com/imgroot/reviews/15/vivo-x5pro/-347x151/gsmarena_201.jpg,
ZTE Nubia Z9 mini review,https://www.gsmarena.com/zte_nubia_z9_mini_review-review-1302.php,https://fdn.gsmarena.com/imgroot/reviews/15/zte-nubia-z9-mini/-347x151/gsmarena_001.jpg,
"Sony Xperia Z5, Z5 Compact and Z5 Premium hands-on",https://www.gsmarena.com/sony_xperia_z5-review-1293.php,https://fdn.gsmarena.com/imgroot/reviews/15/sony-xperia-z5/hands-on/-347x151/gsmarena_010.jpg,
Samsung Gear S2 and S2 classic hands-on,https://www.gsmarena.com/samsung_gear_s2_handson-review-1297.php,https://fdn.gsmarena.com/imgroot/reviews/15/ifa-2015-samsung/-347x151/gsmarena_003.jpg,
"Asus Zenfone Zoom, Zenfone Max, ZenWatch2",https://www.gsmarena.com/asus_ifa_2015_hands_on_review-review-1292.php,https://fdn.gsmarena.com/imgroot/reviews/15/ifa-2015-asus/-347x151/gsmarena_100.jpg,
"ZTE Axon Elite, ZTE Blade V6 and Nubia My Prague",https://www.gsmarena.com/ifa_2015_zte-review-1296.php,https://fdn.gsmarena.com/imgroot/reviews/15/ifa-2015-zte/-347x151/gsmarena_001.jpg,
"OneTouch Go Play, Go Watch, Xess hands-on",https://www.gsmarena.com/alcatel_ifa_2015_hands_on-review-1299.php,https://fdn.gsmarena.com/imgroot/reviews/15/ifa-2015-alcatel/-347x151/gsmarena_001.jpg,
"Pop Up, Start, First and Idol 3C hands-on",https://www.gsmarena.com/alcatel_ifa_2015_day_2_hands_on-review-1301.php,https://fdn.gsmarena.com/imgroot/reviews/15/ifa-2015-alcatel/part2/-347x151/gsmarena_009.jpg,
Acer Predator 6 and Jade Primo hands-on,https://www.gsmarena.com/acer_predator_primo_ifa_2015_hands_on_review-review-1300.php,https://fdn.gsmarena.com/imgroot/reviews/15/ifa-2015-acer/-347x151/gsmarena_050.jpg,
"Lenovo Phab Plus, Vibe S1 hands-on",https://www.gsmarena.com/lenovo_ifa_2015_hands_on-review-1298.php,https://fdn.gsmarena.com/imgroot/reviews/15/ifa-2015-lenovo/-347x151/gsmarena_001.jpg,
Moto 360 hands-on,https://www.gsmarena.com/motorola_ifa_2015_hands_on_review-review-1295.php,https://fdn.gsmarena.com/imgroot/reviews/15/moto-360/preview/-347x151/gsmarena_001.jpg,
"Huawei Mate S, G8, Watch hands-on",https://www.gsmarena.com/huawei_ifa_2015_hands_on_review-review-1294.php,https://fdn.gsmarena.com/imgroot/reviews/15/ifa-2015-huawei/-347x151/gsmarena_001.jpg,
"Acer Z630, Z530, Z330, M330 hands-on",https://www.gsmarena.com/acer_ifa_2015_hands_on_review-review-1291.php,https://fdn.gsmarena.com/imgroot/reviews/15/ifa-2015-acer/-347x151/gsmarena_003.jpg,
Samsung Galaxy Tab S2 9.7 hands-on,https://www.gsmarena.com/samsung_galaxy_tab_s2_97-review-1290.php,https://fdn.gsmarena.com/imgroot/reviews/15/samsung-galaxy-tab-s2-97/preview/-347x151/gsmarena_005.jpg,
Samsung Galaxy S6 edge+ review,https://www.gsmarena.com/samsung_galaxy_s6_edge_plus-review-1289.php,https://fdn.gsmarena.com/imgroot/reviews/15/samsung-galaxy-s6-edge-plus/-347x151/gsmarena_003.jpg,
Samsung Galaxy A8 review,https://www.gsmarena.com/samsung_galaxy_a8-review-1288.php,https://fdn.gsmarena.com/imgroot/reviews/15/samsung-galaxy-a8/-347x151/thumb2.jpg,
OnePlus 2 review,https://www.gsmarena.com/oneplus_2-review-1287.php,https://fdn.gsmarena.com/imgroot/reviews/15/oneplus-2/-347x151/gsmarena_001.jpg,
Samsung Galaxy Note5 review,https://www.gsmarena.com/samsung_galaxy_note5-review-1286.php,https://fdn.gsmarena.com/imgroot/reviews/15/samsung-galaxy-note5/-347x151/thumb04.jpg,
Meizu m2 note review,https://www.gsmarena.com/meizu_m2_note-review-1285.php,https://fdn.gsmarena.com/imgroot/reviews/15/meizu-m2-note/-347x151/thumb.jpg,
ZTE Nubia Z9 review,https://www.gsmarena.com/zte_nubia_z9-review-1284.php,https://fdn.gsmarena.com/imgroot/reviews/15/zte-nubia-z9/-347x151/main.jpg,
Samsung Galaxy Note5 and S6 edge+ hands-on,https://www.gsmarena.com/samsung_galaxy_note5_galaxy_edge_s6_plus_hands_on-review-1283.php,https://fdn.gsmarena.com/imgroot/reviews/15/agfa-agf1/-347x151/gsmarena_001.jpg,
ZTE Axon Pro review,https://www.gsmarena.com/zte_axon_pro-review-1282.php,https://fdn.gsmarena.com/imgroot/reviews/15/zte-axon-pro/-347x151/review-thumb.jpg,
Moto G (3rd gen) review,https://www.gsmarena.com/moto_g_3rd_gen-review-1281.php,https://fdn.gsmarena.com/imgroot/reviews/15/moto-g-3/review/-347x151/review-thumb2.jpg,
Huawei P8lite review,https://www.gsmarena.com/huawei_p8lite-review-1280.php,https://fdn.gsmarena.com/imgroot/reviews/15/huawei-p8lite/-347x151/gsmarena_001.jpg,
Huawei Honor 7 review,https://www.gsmarena.com/huawei_honor_7-review-1279.php,https://fdn.gsmarena.com/imgroot/reviews/15/huawei-honor-7/-347x151/gsmarena_001.jpg,
Moto X Style and Moto G (3rd gen) hands-on,https://www.gsmarena.com/moto_g_x_style_x_play_hands_on-review-1278.php,https://fdn.gsmarena.com/imgroot/reviews/15/moto-x-moto-g-3-event/-347x151/gsmarena_002.jpg,
OnePlus 2 hands-on,https://www.gsmarena.com/one_plus_2_hands_on-review-1277.php,https://fdn.gsmarena.com/imgroot/reviews/15/one-plus-2/hands-on/-347x151/gsmarena_009.jpg,
Sony Xperia C4 Dual review,https://www.gsmarena.com/sony_xperia_c4_dual-review-1276.php,https://fdn.gsmarena.com/imgroot/reviews/15/sony-xperia-c4/-347x151/gsmarena_003.jpg,
BlackBerry Leap review,https://www.gsmarena.com/blackberry_leap-review-1275.php,https://fdn.gsmarena.com/imgroot/reviews/15/blackberry-leap/-347x151/gsmarena_001.jpg,
The GSMArena tablet buyer's guide,https://www.gsmarena.com/tablet_buyers_guide_july_2015-review-1274.php,https://fdn.gsmarena.com/imgroot/reviews/15/tablet-buyers-guide-july-2015/-347x151/gsmarena_002.jpg,
Vivo X5Max review,https://www.gsmarena.com/vivo_x5max-review-1273.php,https://fdn.gsmarena.com/imgroot/reviews/15/vivo-x5max/-347x151/gsmarena_006.jpg,
GSMArena smartphone buyer's guide,https://www.gsmarena.com/smartphone_buyers_guide_july_2015-review-1272.php,https://fdn.gsmarena.com/imgroot/reviews/15/smartphone-guide-july-2015/-347x151/main1.jpg,
Oppo R7 review,https://www.gsmarena.com/oppo_r7-review-1270.php,https://fdn.gsmarena.com/imgroot/reviews/15/oppo-r7/-347x151/main1.jpg,
HTC One E9+ review,https://www.gsmarena.com/htc_one_e9_plus-review-1269.php,https://fdn.gsmarena.com/imgroot/reviews/15/htc-one-e9-plus/-347x151/main.jpg,
Samsung Galaxy S6 Active review,https://www.gsmarena.com/samsung_galaxy_s6_active-review-1268.php,https://fdn.gsmarena.com/vv/reviewsimg/samsung-galaxy-s6-active/thumb4_.jpg,
Nokia N1 review,https://www.gsmarena.com/nokia_n1-review-1267.php,https://fdn.gsmarena.com/imgroot/reviews/15/nokia-n1/-347x151/main.jpg,
LG G4 vs. Samsung Galaxy S6,https://www.gsmarena.com/lg_g4_vs_galaxy_s6-review-1266.php,https://fdn.gsmarena.com/vv/reviewsimg/lg-g4-vs-galaxy-s6/thumb_.jpg,
Pebble Time review,https://www.gsmarena.com/pebble_time-review-1265.php,https://fdn.gsmarena.com/vv/reviewsimg/pebble-time/thumb2_.jpg,
GSMArena.com turns 15,https://www.gsmarena.com/phone_history-review-1264.php,https://fdn.gsmarena.com/vv/reviewsimg/phone-history/thumb3_.jpg,
Huawei P8 review,https://www.gsmarena.com/huawei_p8-review-1263.php,https://fdn.gsmarena.com/vv/reviewsimg/huawei-p8/thumb_.jpg,
Asus Zenfone 2 review,https://www.gsmarena.com/asus_zenfone_2_ze551ml-review-1240.php,https://fdn.gsmarena.com/vv/reviewsimg/asus-zenfone-2-ze551ml/thumb_.jpg,
Xiaomi Mi 4i review,https://www.gsmarena.com/xiaomi_mi_4i-review-1262.php,https://fdn.gsmarena.com/vv/reviewsimg/xiaomi-mi-4i/thumb_.jpg,
Sony Xperia Z3+ review,https://www.gsmarena.com/sony_xperia_z3plus-review-1261.php,https://fdn.gsmarena.com/imgroot/reviews/15/sony-xperia-z3plus/-347x151/main.jpg,
Oppo R1x review,https://www.gsmarena.com/oppo_r1x-review-1260.php,https://fdn.gsmarena.com/vv/reviewsimg/oppo-r1x/thumb2_.jpg,
LG Watch Urbane Review,https://www.gsmarena.com/lg_watch_urbane-review-1259.php,https://fdn.gsmarena.com/vv/reviewsimg/lg-watch-urbane/thumb_.jpg,
Alcatel Idol 3 (5.5) and Idol 3 (4.7) review,https://www.gsmarena.com/alcatel_idol_3-review-1258.php,https://fdn.gsmarena.com/vv/reviewsimg/alcatel-idol-3/thumb1_.jpg,
Sony Xperia Z3+ preview,https://www.gsmarena.com/sony_xperia_z3_plus-review-1257.php,https://fdn.gsmarena.com/vv/reviewsimg/sony-xperia-z3plus/thumb_.jpg,
Apple Watch review,https://www.gsmarena.com/apple_watch-review-1256.php,https://fdn.gsmarena.com/vv/reviewsimg/apple-watch/thumb1_.jpg,
Microsoft Lumia 435 vs Lumia 532,https://www.gsmarena.com/microsoft_lumia_435_vs_lumia_532-review-1255.php,https://fdn.gsmarena.com/vv/reviewsimg/microsoft-lumia-435-vs-lumia-532/thumb5_.jpg,
LG G4 review,https://www.gsmarena.com/lg_g4-review-1254.php,https://fdn.gsmarena.com/imgroot/reviews/15/lg-g4/-347x151/main2.jpg,
Oppo R7 and R7 Plus hands-on,https://www.gsmarena.com/oppo_r7_and_r7_plus-review-1253.php,https://fdn.gsmarena.com/vv/reviewsimg/oppo-r7/handson/thumb_.jpg,
Microsoft Lumia 640 review,https://www.gsmarena.com/nokia_lumia_640-review-1252.php,https://fdn.gsmarena.com/vv/reviewsimg/nokia-lumia-640/thumb_.jpg,
Sony Xperia Z4 Tablet review,https://www.gsmarena.com/sony_xperia_z4_tablet-review-1251.php,https://fdn.gsmarena.com/imgroot/reviews/15/sony-xperia-z4-tablet/-347x151/main1.jpg,
Microsoft Lumia 640 XL Dual SIM review,https://www.gsmarena.com/microsoft_lumia_640_xl-review-1250.php,https://fdn.gsmarena.com/vv/reviewsimg/nokia-lumia-640-xl/thumb_.jpg,
Sony Xperia M4 Aqua review,https://www.gsmarena.com/sony_xperia_m4_aqua-review-1249.php,https://fdn.gsmarena.com/vv/reviewsimg/sony-xperia-m4-aqua/thumb_.jpg,
LG G4 preview,https://www.gsmarena.com/lg_g4_preview-review-1248.php,https://fdn.gsmarena.com/vv/reviewsimg/lg-g4/preview/thumb_.jpg,
GSMArena smartphone buyer's guide,https://www.gsmarena.com/smartphone_buyers_guide_may_2015-review-1246.php,https://fdn.gsmarena.com/vv/reviewsimg/shopping-guide/2015-may/thumb_.jpg,
Motorola Moto E (2nd Gen) review,https://www.gsmarena.com/motorola_moto_e_2nd_gen-review-1247.php,https://fdn.gsmarena.com/vv/reviewsimg/motorola-moto-e-2015/thumb_.jpg,
LG G4 hands-on,https://www.gsmarena.com/lg_g4_hands_on-review-1245.php,https://fdn.gsmarena.com/vv/reviewsimg/lg-g4/hands-on/thumb5_.jpg,
Samsung Galaxy S6 and S6 edge,https://www.gsmarena.com/samsung_galaxy_s6_s6_edge_video-review-1244.php,https://fdn.gsmarena.com/vv/reviewsimg/samsung-galaxy-s6-s6edge-video-review/thumb4_.jpg,
Samsung Galaxy E7 review,https://www.gsmarena.com/samsung_galaxy_e7-review-1243.php,https://fdn.gsmarena.com/vv/reviewsimg/samsung-galaxy-e7/thumb2_.jpg,
Sony Xperia E4g review,https://www.gsmarena.com/sony_xperia_e4g-review-1242.php,https://fdn.gsmarena.com/vv/reviewsimg/sony-xperia-e4g/thumb_.jpg,
LG AKA review,https://www.gsmarena.com/lg_aka-review-1241.php,https://fdn.gsmarena.com/vv/reviewsimg/lg-aka/thumb_.jpg,
Charge test,https://www.gsmarena.com/charge_test-review-1239.php,https://fdn.gsmarena.com/vv/reviewsimg/charge-test/thumb_.jpg,
Vivo Xshot review,https://www.gsmarena.com/vivo_xshot-review-1238.php,https://fdn.gsmarena.com/vv/reviewsimg/vivo-xshot/thumb_.jpg,
Acer Liquid Jade S review,https://www.gsmarena.com/acer_liquid_jade_s-review-1237.php,https://fdn.gsmarena.com/vv/reviewsimg/acer-liquid-jade-s/thumb_.jpg,
Samsung Galaxy S6 edge review,https://www.gsmarena.com/samsung_galaxy_s6_edge-review-1236.php,https://fdn.gsmarena.com/vv/reviewsimg/samsung-galaxy-s6-edge/thumb1_.jpg,
Archos 50 Diamond,https://www.gsmarena.com/archos_50_diamond-review-1235.php,https://fdn.gsmarena.com/vv/reviewsimg/archos-50-diamond/thumb1_.jpg,
Asus Zenfone 2 series hands-on,https://www.gsmarena.com/asus_zenfone_2_series_handson-review-1234.php,https://fdn.gsmarena.com/vv/reviewsimg/asus-handson-zenfone2-europe/thumb_.jpg,
Samsung Galaxy S6 vs. HTC One M9,https://www.gsmarena.com/samsung_galaxy_s6_vs_htc_one_m9-review-1233.php,https://fdn.gsmarena.com/vv/reviewsimg/galaxy-s6-vs-one-m9/thumb_.jpg,
Meizu m1 note review,https://www.gsmarena.com/meizu_m1_note-review-1232.php,https://fdn.gsmarena.com/vv/reviewsimg/meizu-m1-note/thumb_.jpg,
Sony Xperia E4,https://www.gsmarena.com/sony_xperia_e4-review-1231.php,https://fdn.gsmarena.com/vv/reviewsimg/sony-xperia-e4/thumb_.jpg,
HTC One M9 review,https://www.gsmarena.com/htc_one_m9-review-1230.php,https://fdn.gsmarena.com/vv/reviewsimg/htc-one-m9/thumb_.jpg,
Intergalactic camera shootout,https://www.gsmarena.com/shootout_galaxy_s6_note_4_galaxy_s5_iphone_6-review-1229.php,https://fdn.gsmarena.com/vv/reviewsimg/galaxy-s6-note4-s5-iphone6-shootout/thumb_.jpg,
Galaxy shootout,https://www.gsmarena.com/galaxy_blind_camera_test-review-1228.php,https://fdn.gsmarena.com/vv/reviewsimg/galaxy-blind-camera-test/thumb2_.jpg,
Samsung Galaxy S6 review,https://www.gsmarena.com/samsung_galaxy_s6-review-1227.php,https://fdn.gsmarena.com/vv/reviewsimg/samsung-galaxy-s6/thumb_.jpg,
Huawei Honor 6 review,https://www.gsmarena.com/huawei_honor_6-review-1226.php,https://fdn.gsmarena.com/vv/reviewsimg/huawei-honor-6/thumb_.jpg,
Samsung Galaxy A7 review,https://www.gsmarena.com/samsung_galaxy_a7-review-1225.php,https://fdn.gsmarena.com/vv/reviewsimg/samsung-galaxy-a7/thumb_.jpg,
Galaxy S6 edge vs. Galaxy Note Edge,https://www.gsmarena.com/samsung_galaxy_s6_edge_camera_mini_shootout-review-1224.php,https://fdn.gsmarena.com/vv/reviewsimg/edge-camera/thumb2_.jpg,
Samsung Galaxy S6 and S6 edge preview,https://www.gsmarena.com/galaxy_s6_second_encounter-review-1223.php,https://fdn.gsmarena.com/vv/reviewsimg/galaxy-s6-second-encounter/thumb_.jpg,
"HTC One M9, Grip hands-on",https://www.gsmarena.com/htc_mwc_2015-review-1215.php,https://fdn.gsmarena.com/vv/reviewsimg/htc-mwc-2015/1335aab5/thumb2_.jpg,
"Sony Z4 Tablet, Xperia M4 Aqua, E4g hands-on",https://www.gsmarena.com/sony_mwc_2015-review-1219.php,https://fdn.gsmarena.com/vv/reviewsimg/sony-mwc-2015_/thumb_.jpg,
Alcatel OneTouch Idol 3 hands-on,https://www.gsmarena.com/alcatel_mwc_2015-review-1218.php,https://fdn.gsmarena.com/vv/reviewsimg/alcatel-mwc-2015/thumb4_.jpg,
Lenovo hands-on,https://www.gsmarena.com/lenovo_mwc_2015-review-1222.php,https://fdn.gsmarena.com/vv/reviewsimg/lenovo-mwc-2015/thumb_.jpg,
"Nokia N1, Jolla Tablet, Gionee Elife S7",https://www.gsmarena.com/various_mwc_2015-review-1221.php,https://fdn.gsmarena.com/vv/reviewsimg/various-mwc-2015/thumb_.jpg,
Microsoft Lumia 640 and Lumia 640 XL hands-on,https://www.gsmarena.com/microsoft_mwc_2015-review-1220.php,https://fdn.gsmarena.com/vv/reviewsimg/microsoft-mwc-2015/thumb_.jpg,
Samsung Galaxy S6 and S6 edge hands-on,https://www.gsmarena.com/samsung_mwc_2015-review-1217.php,https://fdn.gsmarena.com/vv/reviewsimg/samsung-mwc-2015/gdgdk634/thumb_.jpg,
"Huawei MediaPad X2, Watch, Talkband N1 and N2 hand",https://www.gsmarena.com/huawei_mwc_2015-review-1216.php,https://fdn.gsmarena.com/vv/reviewsimg/huawei-mwc-2015/thumb_.jpg,
"Acer Liquid Jade Z, Liquid Z520 and Z220, Liquid M",https://www.gsmarena.com/acer_mwc_2015-review-1214.php,https://fdn.gsmarena.com/vv/reviewsimg/acer-mwc-2015/thumb_.jpg,
"LG Watch Urbane, Magna, Spirit, Leon, Joy hands-on",https://www.gsmarena.com/lg_mwc_2015-review-1213.php,https://fdn.gsmarena.com/vv/reviewsimg/lg-mwc-2015/thumb_.jpg,
Xiaomi Mi Note review,https://www.gsmarena.com/xiaomi_mi_note-review-1212.php,https://fdn.gsmarena.com/vv/reviewsimg/xiaomi-mi-note/thumb_.jpg,
ZTE Blade S6 review,https://www.gsmarena.com/zte_blade_s6-review-1211.php,https://fdn.gsmarena.com/vv/reviewsimg/zte-blade-s6/thumb_.jpg,
Nexus 6 vs. Galaxy Note 4,https://www.gsmarena.com/nexus_6_vs_galaxy_note_4-review-1210.php,https://fdn.gsmarena.com/vv/reviewsimg/note-4-vs-nexus-6/thumb_.jpg,
LG G Flex2 review,https://www.gsmarena.com/lg_g_flex2-review-1209.php,https://fdn.gsmarena.com/vv/reviewsimg/lg-g-flex2/thumb_.jpg,
Windows 10 for phones preview,https://www.gsmarena.com/windows_10_for_phones-review-1208.php,https://fdn.gsmarena.com/vv/reviewsimg/windows-10-for-phones-preview/thumb_.jpg,
The GSMArena tablet buyer's guide,https://www.gsmarena.com/tablet_buyers_guide_february_2015-review-1207.php,https://fdn.gsmarena.com/vv/reviewsimg/tablet-shopping-guide/february-2015/thumb_.jpg,
Asus Fonepad 7 FE375CXG review,https://www.gsmarena.com/asus_fonepad_7_fe375xcg-review-1206.php,https://fdn.gsmarena.com/vv/reviewsimg/asus-fonepad-7-fe375cxg/thumb_.jpg,
Asus Memo Pad ME572C review,https://www.gsmarena.com/asus_memo_pad_7_me572c-review-1205.php,https://fdn.gsmarena.com/vv/reviewsimg/asus-memo-pad-7-me572c/thumb_.jpg,
GSMArena smartphone buyer's guide,https://www.gsmarena.com/phone_shopping_guide_feb_2015-review-1204.php,https://fdn.gsmarena.com/vv/reviewsimg/phone-shopping-guide-nov-2014/thumb_.jpg,
Lenovo S90 Sisley review,https://www.gsmarena.com/lenovo_s90_sisley-review-1203.php,https://fdn.gsmarena.com/vv/reviewsimg/lenovo-s90-sisley/thumb_.jpg,
Xiaomi Redmi 2 review,https://www.gsmarena.com/xiaomi_redmi_2-review-1202.php,https://fdn.gsmarena.com/vv/reviewsimg/xiaomi-redmi-2/thumb_.jpg,
Samsung Galaxy A5 and A5 Duos review,https://www.gsmarena.com/samsung_galaxy_a5_and_a5_duos-review-1201.php,https://fdn.gsmarena.com/vv/reviewsimg/samsung-galaxy-a5-duos/thumb_.jpg,
YotaPhone 2 review,https://www.gsmarena.com/yotaphone_2-review-1200.php,https://fdn.gsmarena.com/vv/reviewsimg/yota-yotaphone-2/thumb_.jpg,
Samsung Galaxy A3 and A3 Duos review,https://www.gsmarena.com/samsung_galaxy_a3-review-1199.php,https://fdn.gsmarena.com/vv/reviewsimg/samsung-galaxy-a3/review/thumb_.jpg,
HTC Desire 820 & Desire 820 dual SIM review,https://www.gsmarena.com/htc_desire_820_dual_sim-review-1198.php,https://fdn.gsmarena.com/vv/reviewsimg/htc-desire-820-dual-sim/thumb_.jpg,
Sony Xperia C3 and C3 Dual review,https://www.gsmarena.com/sony_xperia_c3_dual-review-1197.php,https://fdn.gsmarena.com/vv/reviewsimg/sony-xperia-c3-dual/thumb2_.jpg,
Meizu MX4 Pro review,https://www.gsmarena.com/meizu_mx4_pro-review-1196.php,https://fdn.gsmarena.com/vv/reviewsimg/meizu-mx4-pro/thumb2_.jpg,
"Huawei Honor 6,  Huawei Honor 6 Plus",https://www.gsmarena.com/huawei_ces_2015-review-1195.php,https://fdn.gsmarena.com/vv/reviewsimg/huawei-ces-2015/thumb_.jpg,
"BLU Vivo Air, One Life, Studio Energy",https://www.gsmarena.com/ces_2015_blu-review-1194.php,https://fdn.gsmarena.com/vv/reviewsimg/various-ces-2015/blu/thumb_.jpg,
"Samsung Galaxy A5, Avengers movie props hands-on",https://www.gsmarena.com/ces_2015_samsung-review-1193.php,https://fdn.gsmarena.com/vv/reviewsimg/ces-2015-samsung/thumb_.jpg,
"Sony, Nokia, Acer, Dell, Alcatel and others",https://www.gsmarena.com/ces_2015_various-review-1191.php,https://fdn.gsmarena.com/vv/reviewsimg/various-ces-2015/thumb_.jpg,
HTC Desire 826 hands-on,https://www.gsmarena.com/ces_2015_htc-review-1192.php,https://fdn.gsmarena.com/vv/reviewsimg/ces-2015-htc/thumb_.jpg,
"Lenovo Vibe X2 Pro, P90 hands-on",https://www.gsmarena.com/ces_2015_lenovo-review-1190.php,https://fdn.gsmarena.com/vv/reviewsimg/ces-lenovo-2015/thumb_.jpg,
"Asus Zenfone 2, Zenfone Zoom hands-on",https://www.gsmarena.com/ces_2015_asus-review-1189.php,https://fdn.gsmarena.com/vv/reviewsimg/asus-ces-2015/thumb2_.jpg,
LG G Flex2 hands-on,https://www.gsmarena.com/ces_2015_lg-review-1187.php,https://fdn.gsmarena.com/vv/reviewsimg/ces-lg-g-flex2/thumb_.jpg,
"ZTE Nubia Z7, Star II hands-on",https://www.gsmarena.com/ces_2015_zte-review-1188.php,https://fdn.gsmarena.com/vv/reviewsimg/zte-ces-2015/thumb_.jpg,
BlackBerry Classic review,https://www.gsmarena.com/blackberry_classic-review-1186.php,https://fdn.gsmarena.com/vv/reviewsimg/bb-classic/thumb_.jpg,
Samsung Galaxy Core Prime review,https://www.gsmarena.com/samsung_galaxy_core_prime-review-1185.php,https://fdn.gsmarena.com/vv/reviewsimg/samsung-galaxy-core-prime/thumb_.jpg,
Oppo N3 review,https://www.gsmarena.com/oppo_n3-review-1184.php,https://fdn.gsmarena.com/vv/reviewsimg/oppo-n3/thumb2_.jpg,
Oppo R5 review,https://www.gsmarena.com/oppo_r5-review-1183.php,https://fdn.gsmarena.com/vv/reviewsimg/oppo-r5/thumb_.jpg,
Samsung Gear S review,https://www.gsmarena.com/samsung_gear_s-review-1182.php,https://fdn.gsmarena.com/vv/reviewsimg/samsung-gear-s/thumb_.jpg,
Lenovo Vibe X2 review,https://www.gsmarena.com/lenovo_vibe_x2-review-1181.php,https://fdn.gsmarena.com/vv/reviewsimg/lenovo-vibe-x2/thumb2_.jpg,
BlackBerry Classic hands-on,https://www.gsmarena.com/blackberry_classic_handson-review-1180.php,https://fdn.gsmarena.com/vv/reviewsimg/bb-classic-handson/thumb5_.jpg,
HTC Re camera review,https://www.gsmarena.com/htc_re_camera-review-1179.php,https://fdn.gsmarena.com/vv/reviewsimg/htc-re/thumb6_.jpg,
Samsung Galaxy Grand Prime review,https://www.gsmarena.com/samsung_galaxy_grand_prime-review-1178.php,https://fdn.gsmarena.com/vv/reviewsimg/samsung-galaxy-grand-prime/thumb3_.jpg,
Microsoft Lumia 535 and 535 Dual SIM review,https://www.gsmarena.com/microsoft_lumia_535_dual_sim-review-1177.php,https://fdn.gsmarena.com/vv/reviewsimg/microsoft-lumia-535-dual-sim/thumb_.jpg,
Moto 360 review,https://www.gsmarena.com/motorola_moto_360-review-1176.php,https://fdn.gsmarena.com/vv/reviewsimg/motorola-moto-360/thumb_.jpg,
Gionee Elife S5.1 review,https://www.gsmarena.com/gionee_elife_s_51-review-1175.php,https://fdn.gsmarena.com/vv/reviewsimg/gionee-elife-s51/thumb_.jpg,
Samsung Galaxy A3 preview,https://www.gsmarena.com/samsung_galaxy_a3-review-1174.php,https://fdn.gsmarena.com/vv/reviewsimg/samsung-galaxy-a3/preview/thumb_.jpg,
LG G Watch R review,https://www.gsmarena.com/lg_g_watch_r-review-1173.php,https://fdn.gsmarena.com/vv/reviewsimg/lg-g-watch-r/thumb5_.jpg,
GSMArena tablet buyer's guide,https://www.gsmarena.com/tablet_buyers_guide-review-1172.php,https://fdn.gsmarena.com/vv/reviewsimg/tablet-shopping-guide/thumb1_.jpg,
GSMArena smartphone  buyer's guide,https://www.gsmarena.com/smartphone__buyers_guide_november_2014-review-1171.php,https://fdn.gsmarena.com/vv/reviewsimg/phone-shopping-guide-nov-2014/thumb_.jpg,
HTC Desire Eye review,https://www.gsmarena.com/htc_desire_eye-review-1170.php,https://fdn.gsmarena.com/vv/reviewsimg/htc-desire-eye/review/thumb_.jpg,
Apple iPad mini 3 review,https://www.gsmarena.com/apple_ipad_mini_3-review-1169.php,https://fdn.gsmarena.com/vv/reviewsimg/apple-ipad-mini-3/thumb_.jpg,
Nokia Lumia 830 review,https://www.gsmarena.com/nokia_lumia_830-review-1168.php,https://fdn.gsmarena.com/vv/reviewsimg/nokia-lumia-830/thumb1_.jpg,
Apple iPad Air 2 review,https://www.gsmarena.com/apple_ipad_air_2-review-1167.php,https://fdn.gsmarena.com/vv/reviewsimg/apple-ipad-air-2/thumb2_.jpg,
Nokia Lumia 730/735 review,https://www.gsmarena.com/nokia_lumia_730_735-review-1166.php,https://fdn.gsmarena.com/vv/reviewsimg/nokia-lumia-735/thumb_.jpg,
Samsung Galaxy Note Edge review,https://www.gsmarena.com/samsung_galaxy_note_edge-review-1165.php,https://fdn.gsmarena.com/vv/reviewsimg/samsung-galaxy-note-edge/thumb_.jpg,
Motorola Nexus 6 review,https://www.gsmarena.com/motorola_nexus_6-review-1164.php,https://fdn.gsmarena.com/vv/reviewsimg/nexus-6/thumb_.jpg,
Motorola Droid Turbo review,https://www.gsmarena.com/motorola_droid_turbo-review-1163.php,https://fdn.gsmarena.com/vv/reviewsimg/motorola-droid-turbo/review/thumb_.jpg,
Meizu MX4 review,https://www.gsmarena.com/meizu_mx4-review-1162.php,https://fdn.gsmarena.com/vv/reviewsimg/meizu-mx4/thumb3_.jpg,
iPhone 6 Plus vs. Galaxy Note 4,https://www.gsmarena.com/iphone_6_plus_vs_galaxy_note_4-review-1161.php,https://fdn.gsmarena.com/vv/reviewsimg/iphone-6-plus-vs-galaxy-note-4/thumb2_.jpg,
HTC Nexus 9 review,https://www.gsmarena.com/htc_nexus_9-review-1160.php,https://fdn.gsmarena.com/vv/reviewsimg/nexus-9/review/thumb3_.jpg,
HTC Desire 510 review,https://www.gsmarena.com/htc_desire_510-review-1159.php,https://fdn.gsmarena.com/vv/reviewsimg/htc-desire-510/thumb_.jpg,
Motorola Nexus 6 hands-on,https://www.gsmarena.com/motorola_nexus_6-review-1158.php,https://fdn.gsmarena.com/vv/reviewsimg/nexus-6/handson/thumb_.jpg,
Oppo N3 and R5 hands-on,https://www.gsmarena.com/oppo_n3-review-1157.php,https://fdn.gsmarena.com/vv/reviewsimg/oppo-october/thumb2_.jpg,
Motorola Droid Turbo hands-on,https://www.gsmarena.com/motorola_droid_turbo-review-1156.php,https://fdn.gsmarena.com/vv/reviewsimg/motorola-droid-turbo/thumb_.jpg,
Lenovo Vibe Z2 Pro review,https://www.gsmarena.com/lenovo_vibe_z2_pro-review-1155.php,https://fdn.gsmarena.com/vv/reviewsimg/lenovo-vibe-z2-pro/thumb2_.jpg,
Sony Xperia E3 review,https://www.gsmarena.com/sony_xperia_e3-review-1153.php,https://fdn.gsmarena.com/vv/reviewsimg/sony-xperia-e3/thumb_.jpg,
HTC Nexus 9 hands-on,https://www.gsmarena.com/htc_google_nexus_9-review-1154.php,https://fdn.gsmarena.com/vv/reviewsimg/nexus-9/handson/thumb2_.jpg,
Sony Xperia Z3 Tablet Compact review,https://www.gsmarena.com/sony_xperia_z3_tablet_compact-review-1152.php,https://fdn.gsmarena.com/vv/reviewsimg/sony-xperia-z3-tablet-compact/review/thumb1_.jpg,
HTC One (M8) for Windows review,https://www.gsmarena.com/htc_one_m8_for_windows-review-1151.php,https://fdn.gsmarena.com/vv/reviewsimg/htc-one-m8-for-windows/thumb3_.jpg,
Huawei Ascend Mate7 review,https://www.gsmarena.com/huawei_ascend_mate7-review-1150.php,https://fdn.gsmarena.com/vv/reviewsimg/huawei-ascend-mate7/thumb5_.jpg,
BlackBerry Passport review,https://www.gsmarena.com/blackberry_passport-review-1149.php,https://fdn.gsmarena.com/vv/reviewsimg/blackberry-passport/thumb1_.jpg,
iPhone 6 vs. Galaxy Alpha vs. Xperia Z3 Compact,https://www.gsmarena.com/iphone_6_vs_galaxy_alpha_vs_xperia_z3c-review-1148.php,https://fdn.gsmarena.com/vv/reviewsimg/shootout-iphone6-alpha-z3c/thumb_.jpg,
Samsung Galaxy Note 4 review,https://www.gsmarena.com/samsung_galaxy_note_4-review-1147.php,https://fdn.gsmarena.com/vv/reviewsimg/samsung-galaxy-note-4/thumb3_.jpg,
HTC Desire Eye hands-on,https://www.gsmarena.com/htc_desire_eye-review-1146.php,https://fdn.gsmarena.com/vv/reviewsimg/htc-desire-eye/handson/thumb_.jpg,
HTC Butterfly 2 review,https://www.gsmarena.com/htc_butterfly_2-review-1145.php,https://fdn.gsmarena.com/vv/reviewsimg/htc-butterfly-2/thumb_.jpg,
Asus Memo Pad 7 ME176C review,https://www.gsmarena.com/asus_memo_pad_7_me176c-review-1144.php,https://fdn.gsmarena.com/vv/reviewsimg/asus-memo-pad-7-me176c/thumb_.jpg,
Xiaomi Redmi Note review,https://www.gsmarena.com/xiaomi_redmi_note-review-1143.php,https://fdn.gsmarena.com/vv/reviewsimg/xiaomi-redmi-note/thumb_.jpg,
Apple iPhone 6 Plus review,https://www.gsmarena.com/apple_iphone_6_plus-review-1142.php,https://fdn.gsmarena.com/vv/reviewsimg/apple-iphone-6-plus/review/thumb_.jpg,
Apple iPhone 6 review,https://www.gsmarena.com/apple_iphone_6-review-1141.php,https://fdn.gsmarena.com/vv/reviewsimg/apple-iphone-6/thumb_.jpg,
Sony Xperia Z3 review,https://www.gsmarena.com/sony_xperia_z3-review-1140.php,https://fdn.gsmarena.com/vv/reviewsimg/sony-xperia-z3/thumb_.jpg,
Motorola Moto G (2014) review,https://www.gsmarena.com/motorola_moto_g_2014-review-1139.php,https://fdn.gsmarena.com/vv/reviewsimg/motorola-moto-g-2014/thumb_.jpg,
Xiaomi Redmi 1S review,https://www.gsmarena.com/xiaomi_redmi_1s-review-1138.php,https://fdn.gsmarena.com/vv/reviewsimg/xiaomi-redmi-1s/thumb_.jpg,
Samsung Galaxy Alpha vs. HTC One mini 2,https://www.gsmarena.com/samsung_galaxy_alpha_vs_one_mini_2-review-1137.php,https://fdn.gsmarena.com/vv/reviewsimg/galaxy-alpha-vs-one-mini-2/thumb2_.jpg,
Motorola Moto X (2014) review,https://www.gsmarena.com/motorola_moto_x_2014-review-1136.php,https://fdn.gsmarena.com/vv/reviewsimg/motorola-moto-x-2014/thumb_.jpg,
Sony Xperia Z3 Compact review,https://www.gsmarena.com/sony_xperia_z3_compact-review-1135.php,https://fdn.gsmarena.com/vv/reviewsimg/sony-xperia-z3-compact/thumb_.jpg,
Xiaomi Mi 3 vs Xiaomi Mi 4,https://www.gsmarena.com/xiaomi_mi3_vs_mi4-review-1134.php,https://fdn.gsmarena.com/vv/reviewsimg/xiaomi-mi3-vs-mi4/thumb_.jpg,
"Motorola Moto X, Moto G and Moto 360 hands-on",https://www.gsmarena.com/motorola_moto_x_g_360-review-1133.php,https://fdn.gsmarena.com/vv/reviewsimg/motorola-moto-x-g-360/thumb_.jpg,
"LG G3 Stylus, Bello, Fino and G Watch R hands-on",https://www.gsmarena.com/lg_ifa_2014-review-1132.php,https://fdn.gsmarena.com/vv/reviewsimg/lg-ifa-2014/thumb1_.jpg,
Huawei Ascend Mate7 and G7 hands-on,https://www.gsmarena.com/huawei_ifa_2014-review-1131.php,https://fdn.gsmarena.com/vv/reviewsimg/huawei-mate-7/thumb_.jpg,
Nokia Lumia 830 and 730 hands-on,https://www.gsmarena.com/nokia_ifa_2014-review-1130.php,https://fdn.gsmarena.com/vv/reviewsimg/nokia-ifa-2014/thumb_.jpg,
HTC Desire 820 hands-on,https://www.gsmarena.com/ifa_2014_htc-review-1129.php,https://fdn.gsmarena.com/vv/reviewsimg/htc-ifa-2014/thumb04_.jpg,
"Acer, Lenovo, Prestigio, Alcatel & more hands-on",https://www.gsmarena.com/ifa_2014_various-review-1128.php,https://fdn.gsmarena.com/vv/reviewsimg/zte-ifa-2014/thumb12_.jpg,
"Sony Xperia Z3, Xperia Z3 Compact hands-on",https://www.gsmarena.com/sony_ifa_2014-review-1127.php,https://fdn.gsmarena.com/vv/reviewsimg/sony-ifa-2014/thumb_.jpg,
Samsung Galaxy Note 4 and Note Edge hands-on,https://www.gsmarena.com/samsung_ifa_2014-review-1126.php,https://fdn.gsmarena.com/vv/reviewsimg/samsung-ifa-2014/thumb_.jpg,
Asus ZenWatch and MeMO Pad 7 hands-on,https://www.gsmarena.com/asus_ifa_2014-review-1125.php,https://fdn.gsmarena.com/vv/reviewsimg/asus-ifa-2014/thumb1_.jpg,
Sony Xperia M2 Aqua review,https://www.gsmarena.com/sony_xperia_m2_aqua-review-1124.php,https://fdn.gsmarena.com/vv/reviewsimg/sony-xperia-m2-aqua/thumb8_.jpg,
Motorola Moto G 4G review,https://www.gsmarena.com/moto_g_4g-review-1123.php,https://fdn.gsmarena.com/vv/reviewsimg/moto-g-4g/thumb01_.jpg,
GSMArena smartphone shopping guide,https://www.gsmarena.com/smartphone_buyers_guide_august_2014-review-1122.php,https://fdn.gsmarena.com/vv/reviewsimg/shopping-guide/jun-2014/thumb_.jpg,
Xiaomi Mi Pad 7.9 review,https://www.gsmarena.com/xiaomi_mi_pad_7_9-review-1121.php,https://fdn.gsmarena.com/vv/reviewsimg/xiaomi-mi-pad-79/thumb1_.jpg,
The GSMArena tablet buyer's guide,https://www.gsmarena.com/tablet_shopping_guide_august_2014-review-1120.php,https://fdn.gsmarena.com/vv/reviewsimg/tablet-shopping-guide/thumb_.jpg,
Xiaomi Mi 4 review,https://www.gsmarena.com/xiaomi_mi_4-review-1119.php,https://fdn.gsmarena.com/vv/reviewsimg/xiaomi-mi-4/thumb3_.jpg,
Samsung Galaxy Alpha review,https://www.gsmarena.com/samsung_galaxy_alpha-review-1118.php,https://fdn.gsmarena.com/vv/reviewsimg/samsung-galaxy-alpha/review/thumb2_.jpg,
HTC One (M8) for Windows preview,https://www.gsmarena.com/htc_one_m8_for_windows-review-1117.php,https://fdn.gsmarena.com/vv/reviewsimg/htc-one-m8-windows/thumb_.jpg,
Samsung Galaxy S5 mini review,https://www.gsmarena.com/samsung_galaxy_s5_mini-review-1116.php,https://fdn.gsmarena.com/vv/reviewsimg/samsung-galaxy-s5-mini/thumb2_.jpg,
Xiaomi Mi 3 review,https://www.gsmarena.com/xiaomi_mi_3-review-1115.php,https://fdn.gsmarena.com/vv/reviewsimg/xiaomi-mi-3/thumb_.jpg,
Samsung Galaxy Alpha preview,https://www.gsmarena.com/samsung_galaxy_alpha-review-1114.php,https://fdn.gsmarena.com/vv/reviewsimg/samsung-galaxy-alpha/thumb_.jpg,
Sony Xperia T3 review,https://www.gsmarena.com/sony_xperia_t3-review-1113.php,https://fdn.gsmarena.com/vv/reviewsimg/sony-xperia-t3/thumb2_.jpg,
LG G Pad 10.1 review,https://www.gsmarena.com/lg_g_pad_10_1-review-1112.php,https://fdn.gsmarena.com/vv/reviewsimg/lg-g-pad-101/thumb_.jpg,
HTC Desire 616 dual sim,https://www.gsmarena.com/htc_desire_616_dual_sim-review-1111.php,https://fdn.gsmarena.com/vv/reviewsimg/htc-desire-616-dual-sim/thumb_.jpg,
LG G Pad 7.0 review,https://www.gsmarena.com/lg_g_pad_7-review-1110.php,https://fdn.gsmarena.com/vv/reviewsimg/lg-g-pad-70/thumb_.jpg,
HTC One (E8) review,https://www.gsmarena.com/htc_one_e8-review-1109.php,https://fdn.gsmarena.com/vv/reviewsimg/htc-one-e8/thumb_.jpg,
Firefox OS review,https://www.gsmarena.com/firefox_os-review-1108.php,https://fdn.gsmarena.com/vv/reviewsimg/firefox-os-review/thumb_.jpg,
Nokia Lumia 930 review,https://www.gsmarena.com/nokia_lumia_930-review-1107.php,https://fdn.gsmarena.com/vv/reviewsimg/nokia-lumia-930/thumb_.jpg,
Apple iOS 8 preview,https://www.gsmarena.com/apple_ios_8-review-1106.php,https://fdn.gsmarena.com/vv/reviewsimg/apple-ios-8-preview/thumb_.jpg,
Asus PadFone X review,https://www.gsmarena.com/asus_padfone_x-review-1105.php,https://fdn.gsmarena.com/vv/reviewsimg/asus-padfone-x/thumb_.jpg,
Flagship camera shootout 2014,https://www.gsmarena.com/camera_shootout-review-1104.php,https://fdn.gsmarena.com/vv/reviewsimg/camera-shootout-july-2014/thumb03_.jpg,
LG G3 vs Oppo Find 7,https://www.gsmarena.com/oppo_find_7_vs_lg_g3-review-1103.php,https://fdn.gsmarena.com/vv/reviewsimg/find-7-vs-g3/thumb1_.jpg,
Huawei Ascend Mate2 4G review,https://www.gsmarena.com/huawei_ascend_mate2_4g-review-1102.php,https://fdn.gsmarena.com/vv/reviewsimg/huawei-ascend-mate2/thumb3_.jpg,
OnePlus One review,https://www.gsmarena.com/oneplus_one-review-1101.php,https://fdn.gsmarena.com/vv/reviewsimg/oneplus-one/thumb_.jpg,
LG G3 vs. Sony Xperia Z2,https://www.gsmarena.com/lg_g3_vs_sony_xperia_z2-review-1100.php,https://fdn.gsmarena.com/vv/reviewsimg/lg-g3-vs-sony-xperia-z2/thumb03_.jpg,
Samsung Galaxy K zoom review,https://www.gsmarena.com/samsung_galaxy_k_zoom-review-1099.php,https://fdn.gsmarena.com/vv/reviewsimg/samsung-galaxy-k-zoom/review/thumb_.jpg,
Oppo Find 7 review,https://www.gsmarena.com/oppo_find_7-review-1098.php,https://fdn.gsmarena.com/vv/reviewsimg/oppo-find-7/thumb3_.jpg,
Samsung Galaxy Tab S 10.5 review,https://www.gsmarena.com/samsung_galaxy_tab_s_105-review-1097.php,https://fdn.gsmarena.com/vv/reviewsimg/samsung-galaxy-tab-s-105/thumb_.jpg,
Gionee Elife S5.5 review,https://www.gsmarena.com/gionee_elife_s55-review-1096.php,https://fdn.gsmarena.com/vv/reviewsimg/gionee-elife-s55/thumb20_.jpg,
Samsung Galaxy Tab S 8.4 review,https://www.gsmarena.com/samsung_galaxy_tab_s_84-review-1095.php,https://fdn.gsmarena.com/vv/reviewsimg/samsung-galaxy-tab-s-84/thumb10_.jpg,
LG G3 vs. HTC One (M8),https://www.gsmarena.com/lg_g3_vs_htc_one_m8-review-1094.php,https://fdn.gsmarena.com/vv/reviewsimg/lg-g3-vs-htc-one-m8/thumb_.jpg,
Samsung Galaxy S5 Active review,https://www.gsmarena.com/samsung_galaxy_s5_active-review-1093.php,https://fdn.gsmarena.com/vv/reviewsimg/samsung-galaxy-s5-active/thumb3_.jpg,
LG G3 vs Samsung Galaxy S5,https://www.gsmarena.com/lg_g3_vs_samsung_galaxy_s5-review-1092.php,https://fdn.gsmarena.com/vv/reviewsimg/lg-g3-vs-samsung-galaxy-s5/thumb01_.jpg,
Samsung Ativ SE review,https://www.gsmarena.com/samsung_ativ_se-review-1091.php,https://fdn.gsmarena.com/vv/reviewsimg/samsung-ativ-se/thumb_.jpg,
Motorola Moto E review,https://www.gsmarena.com/motorola_moto_e-review-1090.php,https://fdn.gsmarena.com/vv/reviewsimg/motorola-moto-e/thumb_.jpg,
Samsung Galaxy Tab S 10.5 and 8.4 hands on,https://www.gsmarena.com/samsung_galaxy_tab_s_105_samsung_galaxy_tab_s_84-review-1089.php,https://fdn.gsmarena.com/vv/reviewsimg/samsung-galaxy-tab-s/thumb1_.jpg,
HTC One (M8) vs Sony Xperia Z2,https://www.gsmarena.com/htc_one_m8_vs_sony_xperia_z2-review-1088.php,https://fdn.gsmarena.com/vv/reviewsimg/htc-one-m8-vs-sony-xperia-z2/thumb1_.jpg,
GSMArena smartphone shopping guide,https://www.gsmarena.com/smartphone_shopping_guide_june_2014-review-1087.php,https://fdn.gsmarena.com/vv/reviewsimg/shopping-guide/jun-2014/thumb_.jpg,
LG G3 review,https://www.gsmarena.com/lg_g3-review-1086.php,https://fdn.gsmarena.com/vv/reviewsimg/lg-g3/review/thumb_.jpg,
Samsung Galaxy S5 v. Sony Xperia Z2,https://www.gsmarena.com/samsung_galaxy_s5_vs_sony_xperia_z2-review-1085.php,https://fdn.gsmarena.com/vv/reviewsimg/samsung-galaxy-s5-vs-sony-xperia-z2/thumb_.jpg,
The GSMArena tablet buyer's guide,https://www.gsmarena.com/tablet_shopping_guide_june_2014-review-1084.php,https://fdn.gsmarena.com/vv/reviewsimg/tablet-shopping-guide/thumb_.jpg,
Sony Xperia M2 review,https://www.gsmarena.com/sony_xperia_m2-review-1083.php,https://fdn.gsmarena.com/vv/reviewsimg/sony-xperia-m2/thumb1_.jpg,
LG G3 hands-on,https://www.gsmarena.com/lg_g3-review-1082.php,https://fdn.gsmarena.com/vv/reviewsimg/lg-g3/handson/thumb2_.jpg,
HTC One mini 2 review,https://www.gsmarena.com/htc_one_mini_2-review-1081.php,https://fdn.gsmarena.com/vv/reviewsimg/htc-one-mini-2/thumb_.jpg,
Nokia Lumia 630/635 review,https://www.gsmarena.com/nokia_lumia_630-review-1080.php,https://fdn.gsmarena.com/vv/reviewsimg/nokia-lumia-630/thumb01_.jpg,
HTC Desire 816 review,https://www.gsmarena.com/htc_desire_816-review-1079.php,https://fdn.gsmarena.com/vv/reviewsimg/htc-desire-816/thumb_.jpg,
Sony Xperia Z2 review,https://www.gsmarena.com/sony_xperia_z2-review-1078.php,https://fdn.gsmarena.com/vv/reviewsimg/sony-xperia-z2/thumb1_.jpg,
HTC One mini 2 hands-on,https://www.gsmarena.com/htc_one_mini_2-review-1077.php,https://fdn.gsmarena.com/vv/reviewsimg/htc-one-mini-2/handson/thumb_.jpg,
Samsung Galaxy S5 vs Oppo Find 7a,https://www.gsmarena.com/samsung_galaxy_s5_vs_oppo_find_7a-review-1076.php,https://fdn.gsmarena.com/vv/reviewsimg/samsung-galaxy-s5-vs-oppo-find-7a/thumb_.jpg,
Sony Xperia T2 Ultra review,https://www.gsmarena.com/sony_xperia_t2_ultra-review-1075.php,https://fdn.gsmarena.com/vv/reviewsimg/sony-xperia-t2-ultra/thumb_.jpg,
Huawei Ascend P7 review,https://www.gsmarena.com/huawei_ascend_p7-review-1074.php,https://fdn.gsmarena.com/vv/reviewsimg/huawei-ascend-p7/thumb3_.jpg,
Oppo Find 7a review,https://www.gsmarena.com/oppo_find_7a-review-1073.php,https://fdn.gsmarena.com/vv/reviewsimg/oppo-find-7a/thumb_.jpg,
Nokia XL Dual SIM review,https://www.gsmarena.com/nokia_xl_dual_sim-review-1072.php,https://fdn.gsmarena.com/vv/reviewsimg/nokia-xl-dual-sim/thumb_.jpg,
Alcatel Idol X+ review,https://www.gsmarena.com/alcatel_idol_x_plus-review-1071.php,https://fdn.gsmarena.com/vv/reviewsimg/alcatel-idol-x-plus/thumb2_.jpg,
LG G2 mini review,https://www.gsmarena.com/lg_g2_mini-review-1070.php,https://fdn.gsmarena.com/vv/reviewsimg/lg-g2-mini/thumb_.jpg,
Samsung Galaxy S5 vs LG G2,https://www.gsmarena.com/samsung_galaxy_s5_vs_lg_g2-review-1069.php,https://fdn.gsmarena.com/vv/reviewsimg/samsung-galaxy-s5-vs-lg-g2/thumb_.jpg,
Windows Phone 8.1 review,https://www.gsmarena.com/windows_phone_81-review-1068.php,https://fdn.gsmarena.com/vv/reviewsimg/wp-81-review/thumb_.jpg,
Samsung Galaxy S5 vs. HTC One M8,https://www.gsmarena.com/samsung_galaxy_s5_vs_htc_one_m8-review-1067.php,https://fdn.gsmarena.com/vv/reviewsimg/samsung-galaxy-s5-vs-htc-one-m8/thumb_.jpg,
Sony Xperia E1 review,https://www.gsmarena.com/sony_xperia_e1-review-1066.php,https://fdn.gsmarena.com/vv/reviewsimg/sony-xperia-e1/review/thumb_.jpg,
Nokia X review,https://www.gsmarena.com/nokia_x-review-1065.php,https://fdn.gsmarena.com/vv/reviewsimg/nokia-x-dual-sim/thumb_.jpg,
Samsung Galaxy S5 review,https://www.gsmarena.com/samsung_galaxy_s5-review-1064.php,https://fdn.gsmarena.com/vv/reviewsimg/samsung-galaxy-s5/review/thumb_.jpg,
Sony Xperia Z2 Tablet review,https://www.gsmarena.com/sony_xperia_z2_tablet-review-1063.php,https://fdn.gsmarena.com/vv/reviewsimg/sony-xperia-z2-tablet/thumb_.jpg,
HTC One (M8) review,https://www.gsmarena.com/htc_one_m8-review-1062.php,https://fdn.gsmarena.com/vv/reviewsimg/htc-one-m8/thumb_.jpg,
Nokia Lumia Icon review,https://www.gsmarena.com/nokia_lumia_icon-review-1061.php,https://fdn.gsmarena.com/vv/reviewsimg/nokia-lumia-icon/thumb_.jpg,
GSMArena smartphone shopping guide,https://www.gsmarena.com/shopping_guide_mar_14-review-1060.php,https://fdn.gsmarena.com/vv/reviewsimg/shopping-guide/nov-2013/thumb_.jpg,
LG G Pro 2 vs Samsung Galaxy Note 3,https://www.gsmarena.com/lg_g_pro_2_vs_samsung_galaxy_note_3-review-1059.php,https://fdn.gsmarena.com/vv/reviewsimg/lg-g-pro-2-vs-samsung-galaxy-note-3/thumb2_.jpg,
The GSMArena tablet shopping guide,https://www.gsmarena.com/tablet_shopping_guide_march_2014-review-1058.php,https://fdn.gsmarena.com/vv/reviewsimg/tablet-shopping-guide/thumb_.jpg,
Samsung Galaxy Grand 2 review,https://www.gsmarena.com/samsung_galaxy_grand_2-review-1057.php,https://fdn.gsmarena.com/vv/reviewsimg/samsung-galaxy-grand-2/thumb_.jpg,
LG G Pro 2 review,https://www.gsmarena.com/lg_g_pro_2-review-1056.php,https://fdn.gsmarena.com/vv/reviewsimg/lg-g-pro-2/thumb_.jpg,
"Samsung Galaxy S5, Gear 2, 2 Neo, Fit hands-on",https://www.gsmarena.com/samsung_mwc_2014-review-1055.php,https://fdn.gsmarena.com/vv/reviewsimg/samsung-mwc-2014/thumb2_.jpg,
"Nokia X, X+ and XL hands-on",https://www.gsmarena.com/nokia_mwc_2014-review-1052.php,https://fdn.gsmarena.com/vv/reviewsimg/nokia-mwc-2014/thumb_.jpg,
HTC Desire 816 hands-on,https://www.gsmarena.com/htc_mwc_2014-review-1054.php,https://fdn.gsmarena.com/vv/reviewsimg/htc-mwc-2014/thumb_.jpg,
"Lenovo S860, S850 and S660, Yoga 10 HD+  hands-on",https://www.gsmarena.com/lenovo_mwc_2014-review-1053.php,https://fdn.gsmarena.com/vv/reviewsimg/lenovo-mwc-2014/thumb_.jpg,
"Sony Xperia Z2, Tablet Z2, M2 hands-on",https://www.gsmarena.com/sony_mwc_2014-review-1051.php,https://fdn.gsmarena.com/vv/reviewsimg/sony-mwc-2014/thumb3_.jpg,
"Alcatel One Touch Idol 2, Mini 2, Mini 2 S, PopFit",https://www.gsmarena.com/alcatel_mwc_2014-review-1050.php,https://fdn.gsmarena.com/vv/reviewsimg/alcatel-mwc/thumb_.jpg,
Various brands overview,https://www.gsmarena.com/various_brands_mwc_2014-review-1049.php,https://fdn.gsmarena.com/vv/reviewsimg/various-mwc-2014/thumb2_.jpg,
"LG G Pro 2, G2 mini and L III series",https://www.gsmarena.com/lg_mwc_2014-review-1047.php,https://fdn.gsmarena.com/vv/reviewsimg/lg-mwc-2014/thumb2_.jpg,
Huawei MediaPad and Ascend hands-on,https://www.gsmarena.com/huawei_mwc_2014-review-1048.php,https://fdn.gsmarena.com/vv/reviewsimg/huawei-mwc-2014/thumb2_.jpg,
Samsung Galaxy Tab 3 Lite 7.0 review,https://www.gsmarena.com/samsung_galaxy_tab_3_lite_70-review-1046.php,https://fdn.gsmarena.com/vv/reviewsimg/samsung-galaxy-tab-3-lite-70/thumb_.jpg,
Samsung Galaxy Core LTE review,https://www.gsmarena.com/samsung_galaxy_core_lte-review-1045.php,https://fdn.gsmarena.com/vv/reviewsimg/samsung-galaxy-core-lte/thumb_.jpg,
Samsung Galaxy Tab Pro 10.1 review,https://www.gsmarena.com/samsung_galaxy_tab_pro_10_1-review-1044.php,https://fdn.gsmarena.com/vv/reviewsimg/samsung-galaxy-tab-pro-101-lte/review/thumb_.jpg,
Samsung Galaxy Grand Neo review,https://www.gsmarena.com/samsung_galaxy_grand_neo-review-1043.php,https://fdn.gsmarena.com/vv/reviewsimg/samsung-galaxy-grand-neo/thumb2_.jpg,
Samsung Galaxy Tab Pro 8.4 review,https://www.gsmarena.com/samsung_galaxy_tab_pro_8_4-review-1042.php,https://fdn.gsmarena.com/vv/reviewsimg/samsung-galaxy-tab-pro-84/thumb_.jpg,
Samsung Galaxy Note Pro 12.2 review,https://www.gsmarena.com/samsung_galaxy_note_pro_12_2-review-1041.php,https://fdn.gsmarena.com/vv/reviewsimg/samsung-galaxy-note-pro-12-2/review/thumb_.jpg,
HTC Desire 700 dual sim review,https://www.gsmarena.com/htc_desire_700-review-1040.php,https://fdn.gsmarena.com/vv/reviewsimg/htc-desire-700-dual-sim/thumb2_.jpg,
Nokia Lumia 1320 review,https://www.gsmarena.com/nokia_lumia_1320-review-1039.php,https://fdn.gsmarena.com/vv/reviewsimg/nokia-lumia-1320/thumb2_.jpg,
Samsung Galaxy Note 3 Neo review,https://www.gsmarena.com/samsung_galaxy_note_3_neo-review-1038.php,https://fdn.gsmarena.com/vv/reviewsimg/samsung-galaxy-note-3-neo/thumb2_.jpg,
Sony Xperia Z1 Compact review,https://www.gsmarena.com/sony_xperia_z1_compact-review-1037.php,https://fdn.gsmarena.com/vv/reviewsimg/sony-xperia-z1-compact/review/thumb3_.jpg,
Nokia Asha 503 review,https://www.gsmarena.com/nokia_asha_503-review-1036.php,https://fdn.gsmarena.com/vv/reviewsimg/nokia-asha-503/thumb2_.jpg,
Alcatel One Touch Hero review,https://www.gsmarena.com/alcatel_one_touch_hero-review-1035.php,https://fdn.gsmarena.com/vv/reviewsimg/alcatel-one-touch-hero/thumb_.jpg,
Oppo N1 CyanogenMod edition review,https://www.gsmarena.com/oppo_n1_cyanogenmod_edition-review-1034.php,https://fdn.gsmarena.com/vv/reviewsimg/oppo-n1/cyanogenmod/thumb2_.jpg,
Nokia Lumia 1320 and 525 hands-on,https://www.gsmarena.com/nokia_lumia_1320_lumia_525_hands_on-review-1033.php,https://fdn.gsmarena.com/vv/reviewsimg/nokia-lumia-1320-525-hands-on/thumb2_.jpg,
Asus overview,https://www.gsmarena.com/ces_2014_asus-review-1032.php,https://fdn.gsmarena.com/vv/reviewsimg/ces-2014-asus/thumb_.jpg,
Various brands overview,https://www.gsmarena.com/ces_2014_various_brands-review-1031.php,https://fdn.gsmarena.com/vv/reviewsimg/ces-2014-various-brands/thumb_.jpg,
Sony Xperia Z1 Compact hands-on,https://www.gsmarena.com/sony_xperia_z1_compact-review-1028.php,https://fdn.gsmarena.com/vv/reviewsimg/sony-xperia-z1-compact/thumb1_.jpg,
Samsung Galaxy Note Pro and Tab Pro hands-on,https://www.gsmarena.com/samsung_galaxy_note_pro_and_tab_pro-review-1029.php,https://fdn.gsmarena.com/vv/reviewsimg/samsung-ces-2014/thumb2_.jpg,
Huawei Ascend Mate 2 4G  hands-on,https://www.gsmarena.com/huawei_ascend_mate_2_4g-review-1030.php,https://fdn.gsmarena.com/vv/reviewsimg/huawei-ascend-mate-2-4g/handson/thumb_.jpg,
Samsung Galaxy Note 3 vs. Nokia Lumia 1520,https://www.gsmarena.com/samsung_galaxy_note_3_vs_nokia_lumia_1520-review-1027.php,https://fdn.gsmarena.com/vv/reviewsimg/nokia-lumia-1520-vs-samsung-galaxy-note-3/thumb_.jpg,
Nokia Lumia 2520 review,https://www.gsmarena.com/nokia_lumia_2520-review-1026.php,https://fdn.gsmarena.com/vv/reviewsimg/nokia-lumia-2520/thumb01_.jpg,
Jolla preview,https://www.gsmarena.com/jolla_jolla-review-1025.php,https://fdn.gsmarena.com/vv/reviewsimg/jolla/preview/thumb2_.jpg,
Nokia Lumia 1520 review,https://www.gsmarena.com/nokia_lumia_1520-review-1024.php,https://fdn.gsmarena.com/vv/reviewsimg/nokia-lumia-1520/thumb6_.jpg,
GSMArena smartphone shopping guide,https://www.gsmarena.com/shopping_guide_dec_13-review-1023.php,https://fdn.gsmarena.com/vv/reviewsimg/shopping-guide/nov-2013/thumb_.jpg,
LG G Flex review,https://www.gsmarena.com/lg_g_flex-review-1022.php,https://fdn.gsmarena.com/vv/reviewsimg/lg-g-flex/thumb_.jpg,
Motorola Moto G review,https://www.gsmarena.com/motorola_moto_g-review-1021.php,https://fdn.gsmarena.com/vv/reviewsimg/motorola-moto-g/thumb_.jpg,
Sony Xperia C review,https://www.gsmarena.com/sony_xperia_c-review-1020.php,https://fdn.gsmarena.com/vv/reviewsimg/sony-xperia-c/thumb3_.jpg,
GSMArena tablet shopping guide,https://www.gsmarena.com/tablet_shopping_guide_december_2013-review-1019.php,https://fdn.gsmarena.com/vv/reviewsimg/tablet-shopping-guide/thumb_.jpg,
Microsoft Surface 2 review,https://www.gsmarena.com/microsoft_surface_2-review-1018.php,https://fdn.gsmarena.com/vv/reviewsimg/microsoft-surface-2/thumb_.jpg,
Oppo N1 review,https://www.gsmarena.com/oppo_n1-review-1017.php,https://fdn.gsmarena.com/vv/reviewsimg/oppo-n1/thumb_.jpg,
iPad Air vs. Galaxy Note 10.1 2014,https://www.gsmarena.com/ipad_air_vs_galaxy_note_101_2014-review-1016.php,https://fdn.gsmarena.com/vv/reviewsimg/ipad-air-vs-galaxy-note101-2014/thumb_.jpg,
Apple iPad mini 2 review,https://www.gsmarena.com/apple_ipad_mini_2-review-1015.php,https://fdn.gsmarena.com/vv/reviewsimg/apple-ipad-mini-2/thumb_.jpg,
Nokia 515 review,https://www.gsmarena.com/nokia_515-review-1014.php,https://fdn.gsmarena.com/vv/reviewsimg/nokia-515/thumb_.jpg,
Samsung Galaxy Ace 3 review,https://www.gsmarena.com/samsung_galaxy_ace_3-review-1013.php,https://fdn.gsmarena.com/vv/reviewsimg/samsung-galaxy-ace-3/thumb_.jpg,
Nokia Lumia 1520 preview,https://www.gsmarena.com/nokia_lumia_1520-review-1012.php,https://fdn.gsmarena.com/vv/reviewsimg/nokia-lumia-1520/preview/thumb_.jpg,
LG Nexus 5 review,https://www.gsmarena.com/lg_nexus_5-review-1011.php,https://fdn.gsmarena.com/vv/reviewsimg/lg-nexus-5/thumb_.jpg,
Apple iPad Air review,https://www.gsmarena.com/apple_ipad_air-review-1010.php,https://fdn.gsmarena.com/vv/reviewsimg/apple-ipad-air/review/thumb_.jpg,
BlackBerry Z30 review,https://www.gsmarena.com/blackberry_z30-review-1009.php,https://fdn.gsmarena.com/vv/reviewsimg/blackberry-z30/thumb_.jpg,
GSMArena smartphone shopping guide,https://www.gsmarena.com/shopping_guide-review-1008.php,https://fdn.gsmarena.com/vv/reviewsimg/shopping-guide/nov-2013/thumb_.jpg,
Meizu MX3 review,https://www.gsmarena.com/meizu_mx3-review-1007.php,https://fdn.gsmarena.com/vv/reviewsimg/meizu-mx3/thumb_.jpg,
ASUS Transformer Pad TF701T review,https://www.gsmarena.com/asus_transformer_pad-review-1006.php,https://fdn.gsmarena.com/vv/reviewsimg/asus-transformer-pad/thumb2_.jpg,
HTC One Max vs. Samsung Galaxy Note 3,https://www.gsmarena.com/htc_one_max_vs_samsung_galaxy_note_3-review-1005.php,https://fdn.gsmarena.com/vv/reviewsimg/one-max-vs-galaxy-note-3/thumb_.jpg,
LG G Pad 8.3 review,https://www.gsmarena.com/lg_g_pad_83-review-1004.php,https://fdn.gsmarena.com/vv/reviewsimg/lg-g-pad-83/thumb_.jpg,
Samsung Galaxy Note 10.1 2014 review,https://www.gsmarena.com/samsung_galaxy_note_101_2014-review-1003.php,https://fdn.gsmarena.com/vv/reviewsimg/samsung-galaxy-note-101-2014/thumb_.jpg,
"Nokia Lumia 2520, 1320 and Asha lineup hands-on",https://www.gsmarena.com/nokia_lumia_1320-review-1002.php,https://fdn.gsmarena.com/vv/reviewsimg/nokia-world-hands-on/lumia-1320/thumb2_.jpg,
Nokia Lumia 1520 hands-on,https://www.gsmarena.com/nokia_lumia_1520-review-1001.php,https://fdn.gsmarena.com/vv/reviewsimg/nokia-world-hands-on/lumia-1520/thumb3_.jpg,
LG G2 vs. Samsung Galaxy Note 3 vs. Sony Xperia Z1,https://www.gsmarena.com/lg_g2_vs_samsung_galaxy_note_3_vs_sony_xperia_z1-review-1000.php,https://fdn.gsmarena.com/vv/reviewsimg/g2-note3-z1/thumb_.jpg,
HTC One Max review,https://www.gsmarena.com/htc_one_max-review-999.php,https://fdn.gsmarena.com/vv/reviewsimg/htc-one-max/thumb2_.jpg,
Six-way camera shootout,https://www.gsmarena.com/six_way_camera_shootout-review-998.php,https://fdn.gsmarena.com/vv/reviewsimg/note3-g2-one-5s-z1-1020/thumb_.jpg,
Apple iPhone 5s vs. LG G2 vs. Nokia Lumia 1020,https://www.gsmarena.com/apple_iphone_5s_vs_lg_g2_vs_nokia_lumia_1020-review-997.php,https://fdn.gsmarena.com/vv/reviewsimg/5s-g2-1020/thumb_.jpg,
Samsung Galaxy Note 3 review,https://www.gsmarena.com/samsung_galaxy_note_3-review-996.php,https://fdn.gsmarena.com/vv/reviewsimg/samsung-galaxy-note-3/review/thumb4_.jpg,
HTC Desire 500 review,https://www.gsmarena.com/htc_desire_500-review-995.php,https://fdn.gsmarena.com/vv/reviewsimg/htc-desire-500/thumb2_.jpg,
Apple iPhone 5s review,https://www.gsmarena.com/apple_iphone_5s-review-994.php,https://fdn.gsmarena.com/vv/reviewsimg/apple-iphone-5s/thumb_.jpg,
Apple iPhone 5c review,https://www.gsmarena.com/apple_iphone_5c-review-993.php,https://fdn.gsmarena.com/vv/reviewsimg/apple-iphone-5c/thumb_.jpg,
LG G2 vs HTC One,https://www.gsmarena.com/lg_g2_vs_htc_one-review-992.php,https://fdn.gsmarena.com/vv/reviewsimg/lg-g2-vs-htc-one/thumb_.jpg,
Microsoft Surface 2 and Surface 2 Pro,https://www.gsmarena.com/microsoft_surface_2-review-991.php,https://fdn.gsmarena.com/vv/reviewsimg/surface2/thumb2_.jpg,
Oppo N1 hands-on,https://www.gsmarena.com/oppo_n1-review-990.php,https://fdn.gsmarena.com/vv/reviewsimg/oppo-n1/handson/thumb4_.jpg,
Nokia Lumia 1020 review,https://www.gsmarena.com/nokia_lumia_1020-review-989.php,https://fdn.gsmarena.com/vv/reviewsimg/nokia-lumia-1020/review/thumb2_.jpg,
Nokia Lumia 625 review,https://www.gsmarena.com/nokia_lumia_625-review-988.php,https://fdn.gsmarena.com/vv/reviewsimg/nokia-lumia-625/thumb2_.jpg,
Sony Xperia Z1 review,https://www.gsmarena.com/sony_xperia_z1-review-987.php,https://fdn.gsmarena.com/vv/reviewsimg/sony-xperia-z1/review/thumb5_.jpg,
Samsung Galaxy Note 3 preview,https://www.gsmarena.com/samsung_galaxy_note_3_preview-review-986.php,https://fdn.gsmarena.com/vv/reviewsimg/samsung-galaxy-note-3/preview/thumb03_.jpg,
Apple iOS 7 review,https://www.gsmarena.com/apple_ios_7-review-985.php,https://fdn.gsmarena.com/vv/reviewsimg/apple-ios-7-review/thumb6_.jpg,
Samsung Galaxy S4 vs. LG G2,https://www.gsmarena.com/lg_g2_vs_samsung_galaxy_s4-review-984.php,https://fdn.gsmarena.com/vv/reviewsimg/lg-g2-vs-galaxy-s4/thumb_.jpg,
Sony Xperia Z1 preview,https://www.gsmarena.com/sony_xperia_z1-review-983.php,https://fdn.gsmarena.com/vv/reviewsimg/sony-xperia-z1/preview/thumb_.jpg,
LG G2 review,https://www.gsmarena.com/lg_g2-review-982.php,https://fdn.gsmarena.com/vv/reviewsimg/lg-g2/review/thumb2_.jpg,
Various brands,https://www.gsmarena.com/various_ifa_2013-review-981.php,https://fdn.gsmarena.com/vv/reviewsimg/various-ifa-2013/thumb4_.jpg,
LG G Pad 8.3 hands-on,https://www.gsmarena.com/lg_ifa_2013-review-980.php,https://fdn.gsmarena.com/vv/reviewsimg/lg-ifa-2013/thumb4_.jpg,
Samsung hands-ons,https://www.gsmarena.com/samsung_ifa_2013-review-978.php,https://fdn.gsmarena.com/vv/reviewsimg/samsung-ifa-2013/thumb1_.jpg,
Asus hands-ons,https://www.gsmarena.com/asus_ifa_2013-review-979.php,https://fdn.gsmarena.com/vv/reviewsimg/asus-ifa-2013/thumb3_.jpg,
Sony hands-ons,https://www.gsmarena.com/sony_xperia_z1_ifa_2013-review-977.php,https://fdn.gsmarena.com/vv/reviewsimg/sony-ifa-2013/thumb_.jpg,
Acer Liquid S2 hands-on,https://www.gsmarena.com/acer_liquid_s2_ifa_2013-review-976.php,https://fdn.gsmarena.com/vv/reviewsimg/acer-liquid-s2/handson/thumb_.jpg,
Sony Xperia Z Ultra review,https://www.gsmarena.com/sony_xperia_z_ultra-review-975.php,https://fdn.gsmarena.com/vv/reviewsimg/sony-xperia-z-ultra/thumb_.jpg,
Huawei MediaPad 7 Vogue review,https://www.gsmarena.com/huawei_mediapad_7_vogue-review-974.php,https://fdn.gsmarena.com/vv/reviewsimg/huawei-mediapad-7-vogue/thumb_.jpg,
Sony Xperia M review,https://www.gsmarena.com/sony_xperia_m-review-973.php,https://fdn.gsmarena.com/vv/reviewsimg/sony-xperia-m/thumb_.jpg,
Samsung Galaxy Core review,https://www.gsmarena.com/samsung_galaxy_core-review-972.php,https://fdn.gsmarena.com/vv/reviewsimg/samsung-galaxy-core/thumb_.jpg,
Motorola Moto X review,https://www.gsmarena.com/motorola_moto_x-review-971.php,https://fdn.gsmarena.com/vv/reviewsimg/moto-x/thumb2_.jpg,
HTC Butterfly S review,https://www.gsmarena.com/htc_butterfly_s-review-970.php,https://fdn.gsmarena.com/vv/reviewsimg/htc-butterfly-s/thumb_.jpg,
Oppo R819 review,https://www.gsmarena.com/oppo_r819-review-969.php,https://fdn.gsmarena.com/vv/reviewsimg/oppo-r819/thumb_.jpg,
HTC Desire 600 dual sim review,https://www.gsmarena.com/htc_desire_600_dual_sim-review-968.php,https://fdn.gsmarena.com/vv/reviewsimg/htc-desire-600-dual-sim/thumb3_.jpg,
Huawei Ascend P6 review,https://www.gsmarena.com/huawei_ascend_p6-review-967.php,https://fdn.gsmarena.com/vv/reviewsimg/huawei-ascend-p6/thumb1_.jpg,
HTC One mini vs Samsung Galaxy S4 mini,https://www.gsmarena.com/htc_one_mini_vs_samsung_galaxy_s4_mini-review-966.php,https://fdn.gsmarena.com/vv/reviewsimg/htc-one-mini-vs-samsung-galaxy-s4-mini/thumb_.jpg,
LG Optimus GJ review,https://www.gsmarena.com/lg_optimus_gj-review-965.php,https://fdn.gsmarena.com/vv/reviewsimg/lg-optimus-gj-e975w/thumb_.jpg,
Asus Google Nexus 7 (2013) review,https://www.gsmarena.com/asus_google_nexus_7_2_2013-review-964.php,https://fdn.gsmarena.com/vv/reviewsimg/asus-nexus-7-2013/thumb_.jpg,
LG G2 hands-on,https://www.gsmarena.com/lg_g2_hands_on-review-963.php,https://fdn.gsmarena.com/vv/reviewsimg/lg-g2-hands-on/thumb2_.jpg,
Nokia Asha 501 review,https://www.gsmarena.com/nokia_asha_501-review-960.php,https://fdn.gsmarena.com/vv/reviewsimg/nokia-asha-501/review/thumb2_.jpg,
HTC One mini review,https://www.gsmarena.com/htc_one_mini-review-962.php,https://fdn.gsmarena.com/vv/reviewsimg/htc-one-mini/review/thumb_.jpg,
Motorola Moto X hands-on,https://www.gsmarena.com/motorola_moto_x-review-961.php,https://fdn.gsmarena.com/vv/reviewsimg/moto-x-hands-on/thumb_.jpg,
Sony Xperia ZR review,https://www.gsmarena.com/sony_xperia_zr-review-959.php,https://fdn.gsmarena.com/vv/reviewsimg/sony-xperia-zr/thumb3_.jpg,
HTC One Google Play Edition review,https://www.gsmarena.com/htc_one_google_play_edition-review-958.php,https://fdn.gsmarena.com/vv/reviewsimg/htc-one-google-play-edition/thumb_.jpg,
BlackBerry Q5 review,https://www.gsmarena.com/blackberry_q5-review-957.php,https://fdn.gsmarena.com/vv/reviewsimg/blackberry-q5/thumb_.jpg,
Samsung Galaxy S4 zoom review,https://www.gsmarena.com/samsung_galaxy_s4_zoom-review-956.php,https://fdn.gsmarena.com/vv/reviewsimg/samsung-galaxy-s4-zoom-sm-c1010/review/thumb_.jpg,
Nokia Lumia 925 review,https://www.gsmarena.com/nokia_lumia_925-review-955.php,https://fdn.gsmarena.com/vv/reviewsimg/nokia-lumia-925/review/thumb_.jpg,
HTC One mini preview,https://www.gsmarena.com/htc_one_mini-review-954.php,https://fdn.gsmarena.com/vv/reviewsimg/htc-one-mini/preview/thumb_.jpg,
Samsung Galaxy S4 mini review,https://www.gsmarena.com/samsung_galaxy_s4_mini-review-953.php,https://fdn.gsmarena.com/vv/reviewsimg/samsung-i9190-galaxy-s4-mini/thumb_.jpg,
Samsung Galaxy S4 Google Play Edition review,https://www.gsmarena.com/samsung_i9505g_galaxy_s4_google_play_edition-review-951.php,https://fdn.gsmarena.com/vv/reviewsimg/samsung-galaxy-s4-i9505g-google-edition/thumb2_.jpg,
Nokia Lumia 1020 preview,https://www.gsmarena.com/nokia_lumia_1020-review-952.php,https://fdn.gsmarena.com/vv/reviewsimg/nokia-lumia-1020/thumb2_.jpg,
Nokia Lumia 1020 hands-on,https://www.gsmarena.com/nokia_lumia_1020-review-950.php,https://fdn.gsmarena.com/vv/reviewsimg/nokia-lumia-1020/handson/thumb1_.jpg,
Samsung Galaxy Tab 3 7.0 preview,https://www.gsmarena.com/samsung_galaxy_tab_3_70-review-949.php,https://fdn.gsmarena.com/vv/reviewsimg/samsung-galaxy-tab-3-70/preview/thumb_.jpg,
Samsung Galaxy Tab 3 10.1 review,https://www.gsmarena.com/samsung_galaxy_tab_3_101-review-948.php,https://fdn.gsmarena.com/vv/reviewsimg/samsung-galaxy-tab-3-101/thumb_.jpg,
Samsung Galaxy Tab 3 8.0 review,https://www.gsmarena.com/samsung_galaxy_tab_3_80-review-947.php,https://fdn.gsmarena.com/vv/reviewsimg/samsung-galaxy-tab-3-80/thumb2_.jpg,
Samsung Galaxy S4 Active review,https://www.gsmarena.com/samsung_i9295_galaxy_s4_active-review-946.php,https://fdn.gsmarena.com/vv/reviewsimg/samsung-i9295-galaxy-s4-active/review/thumb_.jpg,
Nokia Asha 501 preview,https://www.gsmarena.com/nokia_asha_501-review-945.php,https://fdn.gsmarena.com/vv/reviewsimg/nokia-asha-501/thumb2_.jpg,
Sony Xperia Z Ultra hands-on,https://www.gsmarena.com/sony_xperia_z_ultra-review-944.php,https://fdn.gsmarena.com/vv/reviewsimg/sony-xperia-z-ultra/handson/thumb3_.jpg,
Galaxy Mega 6.3 vs. Ascend Mate,https://www.gsmarena.com/samsung_galaxy_mega_63_vs_huawei_ascend_mate-review-943.php,https://fdn.gsmarena.com/vv/reviewsimg/galaxy-mega-63-vs-ascend-mate/thumb_.jpg,
Setting up your Android smartphone,https://www.gsmarena.com/setting_up_your_android_the_sequel-review-942.php,https://fdn.gsmarena.com/vv/reviewsimg/setting-up-your-android-part-2/thumb_.jpg,
Huawei Ascend Mate review,https://www.gsmarena.com/huawei_ascend_mate-review-941.php,https://fdn.gsmarena.com/vv/reviewsimg/huawei-ascend-mate/thumb_.jpg,
Samsung Galaxy Mega 6.3 review,https://www.gsmarena.com/samsung_galaxy_mega_63-review-939.php,https://fdn.gsmarena.com/vv/reviewsimg/samsung-galaxy-mega-63-i9200/review/thumb_.jpg,
Apple iOS 7 beta review,https://www.gsmarena.com/apple_ios_7-review-940.php,https://fdn.gsmarena.com/vv/reviewsimg/apple-ios-7-review/thumb1_.jpg,
Samsung Galaxy S4 zoom preview,https://www.gsmarena.com/samsung_galaxy_s4_zoom-review-938.php,https://fdn.gsmarena.com/vv/reviewsimg/samsung-galaxy-s4-zoom-sm-c1010/preview/thumb2_.jpg,
Nokia Lumia 928 review,https://www.gsmarena.com/nokia_lumia_928-review-937.php,https://fdn.gsmarena.com/vv/reviewsimg/nokia-lumia-928/thumb_.jpg,
Samsung Galaxy Mega 5.8 review,https://www.gsmarena.com/samsung_galaxy_mega_58-review-936.php,https://fdn.gsmarena.com/vv/reviewsimg/samsung-galaxy-mega-58-i9152/thumb_.jpg,
Samsung Galaxy S4 Active preview,https://www.gsmarena.com/samsung_galaxy_s4_active-review-935.php,https://fdn.gsmarena.com/vv/reviewsimg/samsung-i9295-galaxy-s4-active/preview/thumb_.jpg,
Sony Xperia L review,https://www.gsmarena.com/sony_xperia_l-review-934.php,https://fdn.gsmarena.com/vv/reviewsimg/sony-xperia-l/thumb2_.jpg,
BlackBerry Q10 review,https://www.gsmarena.com/blackberry_q10-review-933.php,https://fdn.gsmarena.com/vv/reviewsimg/blackberry-q10/thumb2_.jpg,
Samsung Galaxy S4 mini preview,https://www.gsmarena.com/samsung_galaxy_s4_mini-review-932.php,https://fdn.gsmarena.com/vv/reviewsimg/samsung-i9190-galaxy-s4-mini/preview/thumb_.jpg,
Sony Xperia Tablet Z review,https://www.gsmarena.com/sony_xperia_tablet_z-review-931.php,https://fdn.gsmarena.com/vv/reviewsimg/sony-xperia-tablet-z/thumb_.jpg,
Samsung I9500 Galaxy S4 vs Samsung I9505 Galaxy S4,https://www.gsmarena.com/samsung_galaxy_s4_i9500_vs_i9505-review-930.php,https://fdn.gsmarena.com/vv/reviewsimg/samsung-galaxy-s4-i9500-vs-i9505/thumb_.jpg,
Samsung Galaxy Young S6310 review,https://www.gsmarena.com/samsung_galaxy_young_s6310-review-929.php,https://fdn.gsmarena.com/vv/reviewsimg/samsung-galaxy-young-s6310/thumb_.jpg,
Nokia Lumia 925 preview,https://www.gsmarena.com/nokia_lumia_925-review-928.php,https://fdn.gsmarena.com/vv/reviewsimg/samsung-galaxy-mega-63-i9200/nokia-lumia-925/thumb_.jpg,
Samsung Galaxy Mega 6.3 preview,https://www.gsmarena.com/samsung_galaxy_mega_63-review-927.php,https://fdn.gsmarena.com/vv/reviewsimg/samsung-galaxy-mega-63-i9200/thumb_.jpg,
Samsung Galaxy Fame review,https://www.gsmarena.com/samsung_galaxy_fame_s6810-review-926.php,https://fdn.gsmarena.com/vv/reviewsimg/samsung-galaxy-fame-s6810/thumb_.jpg,
Smartphones vs. laptops,https://www.gsmarena.com/samsung_i9505_galaxy_s4_vs_lenovo_yoga_13-review-925.php,https://fdn.gsmarena.com/vv/reviewsimg/samsung-i9505-galaxy-s4/vs-lenovo-yoga-13/thumb_.jpg,
Sony Xperia SP review,https://www.gsmarena.com/sony_xperia_sp-review-924.php,https://fdn.gsmarena.com/vv/reviewsimg/sony-xperia-sp/thumb1_.jpg,
Sony Xperia ZL review,https://www.gsmarena.com/sony_xperia_zl-review-923.php,https://fdn.gsmarena.com/vv/reviewsimg/sony-xperia-zl/thumb1_.jpg,
Sony Xperia E review,https://www.gsmarena.com/sony_xperia_e-review-922.php,https://fdn.gsmarena.com/vv/reviewsimg/sony-xperia-e1/thumb_.jpg,
HTC First review,https://www.gsmarena.com/htc_first-review-921.php,https://fdn.gsmarena.com/vv/reviewsimg/htc-first/thumb_.jpg,
Samsung Galaxy S4 review,https://www.gsmarena.com/samsung_galaxy_s4-review-914.php,https://fdn.gsmarena.com/vv/reviewsimg/samsung-i9505-galaxy-s4/thumb2_.jpg,
Nokia Lumia 520 review,https://www.gsmarena.com/nokia_lumia_520-review-920.php,https://fdn.gsmarena.com/vv/reviewsimg/nokia-lumia-520/thumb_.jpg,
Nokia Lumia 720 review,https://www.gsmarena.com/nokia_lumia_720-review-919.php,https://fdn.gsmarena.com/vv/reviewsimg/nokia-lumia-720/thumb_.jpg,
Samsung Galaxy S4 vs Galaxy S III,https://www.gsmarena.com/samsung_galaxy_s4_vs_galaxy_siii-review-918.php,https://fdn.gsmarena.com/vv/reviewsimg/samsung-galaxy-s4-vs-galaxy-siii/thumb_.jpg,
HTC One vs Sony Xperia Z,https://www.gsmarena.com/htc_one_vs_xperia_z-review-917.php,https://fdn.gsmarena.com/vv/reviewsimg/sony-xperia-z-vs-htc-one/thumb_.jpg,
Samsung Galaxy Note 8.0 review,https://www.gsmarena.com/samsung_galaxy_note_8-review-916.php,https://fdn.gsmarena.com/vv/reviewsimg/samsung-galaxy-note-80-n5110/thumb_.jpg,
Samsung Galaxy S4 vs. Sony Xperia Z,https://www.gsmarena.com/samsung_galaxy_s4_vs_sony_xperia_z-review-915.php,https://fdn.gsmarena.com/vv/reviewsimg/xperia-z-vs-galaxy-s4/thumb2_.jpg,
Samsung Galaxy S4 vs. HTC One,https://www.gsmarena.com/samsung_galaxy_s4_vs_htc_one-review-913.php,https://fdn.gsmarena.com/vv/reviewsimg/htc-one-vs-galaxy-s4/thumb6_.jpg,
HTC One review,https://www.gsmarena.com/htc_one-review-912.php,https://fdn.gsmarena.com/vv/reviewsimg/htc-one/review/thumb_.jpg,
LG Optimus G Pro vs. Samsung Galaxy Note II,https://www.gsmarena.com/lg_optimus_g_pro_vs_samsung_galaxy_note_ii-review-911.php,https://fdn.gsmarena.com/vv/reviewsimg/optimus-g-pro-vs-galaxy-note-ii/thumb1_.jpg,
Samsung Galaxy S4 preview,https://www.gsmarena.com/samsung_galaxy_s4-review-910.php,https://fdn.gsmarena.com/vv/reviewsimg/samsung-galaxy-s-iv/preview/thumb_.jpg,
Sony Xperia SP hands-on,https://www.gsmarena.com/sony_xperia_sp-review-909.php,https://fdn.gsmarena.com/vv/reviewsimg/sony-xperia-sp/hands-on/thumb2_.jpg,
Sony Xperia L hands-on,https://www.gsmarena.com/sony_xperia_l-review-908.php,https://fdn.gsmarena.com/vv/reviewsimg/sony-xperia-l/hands-on/thumb_.jpg,
Samsung Galaxy S4 hands-on,https://www.gsmarena.com/samsung_galaxy_s_4-review-907.php,https://fdn.gsmarena.com/vv/reviewsimg/samsung-galaxy-s-iv/hands-on/thumb9_.jpg,
Sony Xperia Z vs. HTC Butterfly,https://www.gsmarena.com/sony_xperia_z_vs_htc_butterfly-review-906.php,https://fdn.gsmarena.com/vv/reviewsimg/sony-xperia-z-vs-htc-butterfly/thumb_.jpg,
Samsung Ativ Odyssey review,https://www.gsmarena.com/samsung_ativ_odyssey-review-905.php,https://fdn.gsmarena.com/vv/reviewsimg/samsung-ativ-odyssey/thumb2_.jpg,
LG Optimus G Pro review,https://www.gsmarena.com/lg_optimus_g_pro-review-904.php,https://fdn.gsmarena.com/vv/reviewsimg/lg-optimus-g-pro/review/thumb2_.jpg,
Samsung Galaxy Grand I9082 review,https://www.gsmarena.com/samsung_galaxy_grand_i9082-review-903.php,https://fdn.gsmarena.com/vv/reviewsimg/samsung-galaxy-grand-i9082/thumb_.jpg,
HTC One preview,https://www.gsmarena.com/htc_one-review-902.php,https://fdn.gsmarena.com/vv/reviewsimg/htc-one/preview/thumb3_.jpg,
LG Optimus G Pro preview,https://www.gsmarena.com/lg_optimus_g_pro-review-901.php,https://fdn.gsmarena.com/vv/reviewsimg/lg-optimus-g-pro/preview/thumb2_.jpg,
Various brands overview,https://www.gsmarena.com/various_mwc_2013-review-898.php,https://fdn.gsmarena.com/vv/reviewsimg/various-mwc-2013/thumb_.jpg,
Sony Xperia Tablet Z and Xperia ZL,https://www.gsmarena.com/sony_mwc_2013-review-900.php,https://fdn.gsmarena.com/vv/reviewsimg/sony-mwc-2013/thumb1_.jpg,
Asus overview,https://www.gsmarena.com/asus_mwc_2013-review-899.php,https://fdn.gsmarena.com/vv/reviewsimg/asus-mwc-2013/thumb4_.jpg,
"Nokia Lumia 720, Lumia 520, 301, 105 hands-on",https://www.gsmarena.com/nokia_mwc_2013-review-897.php,https://fdn.gsmarena.com/vv/reviewsimg/nokia-mwc-2013/thumb3_.jpg,
"LG Optimus G, Vu, F and L series hands-on",https://www.gsmarena.com/lg_mwc_2013-review-896.php,https://fdn.gsmarena.com/vv/reviewsimg/lg-mwc-2013/thumb_.jpg,
Samsung Galaxy Note 8.0 hands-on,https://www.gsmarena.com/samsung_mwc_2013-review-895.php,https://fdn.gsmarena.com/vv/reviewsimg/samsung-mwc-2013/samsung-galaxy-note-8/hands-on/thumb_.jpg,
Huawei MWC 2013,https://www.gsmarena.com/huawei_mwc_2013-review-894.php,https://fdn.gsmarena.com/vv/reviewsimg/huawei-mwc-2013/thumb_.jpg,
Samsung Galaxy Xcover 2,https://www.gsmarena.com/samsung_s7710_galaxy_xcover_2-review-892.php,https://fdn.gsmarena.com/vv/reviewsimg/samsung-s7710-galaxy-xcover-2/thumb_.jpg,
Pantech Discover review,https://www.gsmarena.com/pantech_discover-review-893.php,https://fdn.gsmarena.com/vv/reviewsimg/pantech-discover/thumb_.jpg,
Asus Padfone 2 review,https://www.gsmarena.com/asus_padfone_2-review-891.php,https://fdn.gsmarena.com/vv/reviewsimg/asus-padfone-2/review/thumb2_.jpg,
Samsung Galaxy Express review,https://www.gsmarena.com/samsung_galaxy_express_i8730-review-890.php,https://fdn.gsmarena.com/vv/reviewsimg/samsung-galaxy-express-i8730/thumb_.jpg,
HTC One hands-on,https://www.gsmarena.com/htc_one-review-889.php,https://fdn.gsmarena.com/vv/reviewsimg/htc-one-hands-on/thumb1_.jpg,
HTC Butterfly review,https://www.gsmarena.com/htc_butterfly-review-888.php,https://fdn.gsmarena.com/vv/reviewsimg/htc-butterfly/thumb5_.jpg,
Sony Xperia Z review,https://www.gsmarena.com/sony_xperia_z-review-887.php,https://fdn.gsmarena.com/vv/reviewsimg/sony-xperia-z/thumb1_.jpg,
BlackBerry Z10 review,https://www.gsmarena.com/blackberry_z10-review-886.php,https://fdn.gsmarena.com/vv/reviewsimg/blackberry-z10/review/thumb_.jpg,
Nokia Lumia 620 review,https://www.gsmarena.com/nokia_lumia_620-review-885.php,https://fdn.gsmarena.com/vv/reviewsimg/nokia-lumia-620/thumb1_.jpg,
Sony Xperia Z preview,https://www.gsmarena.com/sony_xperia_z-review-884.php,https://fdn.gsmarena.com/vv/reviewsimg/sony-xperia-z/thumb_.jpg,
Virtual personal assistant shootout,https://www.gsmarena.com/virtual_personal_assistants-review-883.php,https://fdn.gsmarena.com/vv/reviewsimg/virtual-personal-assistants/thumb2_.jpg,
Sony Xperia E dual review,https://www.gsmarena.com/sony_xperia_e_dual-review-882.php,https://fdn.gsmarena.com/vv/reviewsimg/sony-xperia-e-dual/thumb1_.jpg,
BlackBerry Z10 preview,https://www.gsmarena.com/blackberry_z10-review-881.php,https://fdn.gsmarena.com/vv/reviewsimg/blackberry-z10/preview/thumb_.jpg,
Oppo Find 5 review,https://www.gsmarena.com/oppo_find_5-review-880.php,https://fdn.gsmarena.com/vv/reviewsimg/oppo-find-5/thumb2_.jpg,
Samsung I9082 Galaxy Grand preview,https://www.gsmarena.com/samsung_galaxy_grand_preview-review-879.php,https://fdn.gsmarena.com/vv/reviewsimg/samsung-galaxy-grand-i9082/preview/thumb_.jpg,
Samsung Galaxy S II Plus review,https://www.gsmarena.com/samsung_galaxy_s_ii_plus_review-review-878.php,https://fdn.gsmarena.com/vv/reviewsimg/samsung-galaxy-s-ii-plus-i9105p/review/thumb2_.jpg,
Samsung Galaxy Note II US review,https://www.gsmarena.com/samsung_galaxy_note_2_att_tmobile_sprint_verizon-review-836.php,https://fdn.gsmarena.com/vv/reviewsimg/samsung-galaxy-note-2-us/thumb1_.jpg,
Samsung Galaxy Note II N7100 review,https://www.gsmarena.com/samsung_galaxy_note_ii-review-824.php,https://fdn.gsmarena.com/vv/reviewsimg/samsung-galaxy-note-ii/review/thumb2_.jpg,
Sony Xperia V review,https://www.gsmarena.com/sony_xperia_v-review-877.php,https://fdn.gsmarena.com/vv/reviewsimg/sony-xperia-v/thumb_.jpg,
HTC One SV review,https://www.gsmarena.com/htc_one_sv-review-876.php,https://fdn.gsmarena.com/vv/reviewsimg/htc-one-sv/thumb_.jpg,
Samsung Galaxy Camera review,https://www.gsmarena.com/samsung_galaxy_camera_gc100-review-875.php,https://fdn.gsmarena.com/vv/reviewsimg/samsung-galaxy-camera-gc100/review/thumb_.jpg,
Nokia Lumia 510 review,https://www.gsmarena.com/nokia_lumia_510-review-874.php,https://fdn.gsmarena.com/vv/reviewsimg/nokia-lumia-510/thumb_.jpg,
Galaxy Camera vs. 808 PureView,https://www.gsmarena.com/samsung_galaxy_camera_vs_nokia_808_pureview-review-873.php,https://fdn.gsmarena.com/vv/reviewsimg/samsung-galaxy-camera-gc100/vs-nokia-808/thumb_.jpg,
Samsung Galaxy S II Plus preview,https://www.gsmarena.com/samsung_i9105_galaxy_s_ii_plus-review-872.php,https://fdn.gsmarena.com/vv/reviewsimg/samsung-galaxy-s-ii-plus-i9105p/thumb_.jpg,
Various brands overview,https://www.gsmarena.com/various_brands_ces_2013-review-871.php,https://fdn.gsmarena.com/vv/reviewsimg/various-ces-2013/thumb_.jpg,
Sony Xperia Z and Xperia ZL hands-on,https://www.gsmarena.com/ces_2013_sony_xperia_z_xperia_zl-review-870.php,https://fdn.gsmarena.com/vv/reviewsimg/sony-ces-2013/thumb1_.jpg,
"Huawei Ascend Mate, D2 and W1 hands-on",https://www.gsmarena.com/ces_2013_huawei_ascend_mate_d2_hands_on-review-869.php,https://fdn.gsmarena.com/vv/reviewsimg/ces2013-huawei-handson/thumb2_.jpg,
LG Optimus L9 review,https://www.gsmarena.com/lg_optimus_l9_p760-review-868.php,https://fdn.gsmarena.com/vv/reviewsimg/lg-optimus-l9-p760/thumb_.jpg,
iOS for beginners,https://www.gsmarena.com/set_up_your_iphone-review-867.php,https://fdn.gsmarena.com/vv/reviewsimg/set-up-your-iphone/thumb_.jpg,
Android for beginners,https://www.gsmarena.com/set_up_your_android-review-866.php,https://fdn.gsmarena.com/vv/reviewsimg/set-up-your-android/thumb_.jpg,
Nokia Lumia 620 preview,https://www.gsmarena.com/nokia_lumia_620-review-865.php,https://fdn.gsmarena.com/vv/reviewsimg/nokia-lumia-620/thumb_.jpg,
Google Nexus 4 v Samsung Galaxy S III,https://www.gsmarena.com/google_nexus_4_vs_samsung_galaxy_s_iii-review-864.php,https://fdn.gsmarena.com/vv/reviewsimg/nexus4-vs-galaxy-s3/thumb_.jpg,
HTC Windows Phone 8S review,https://www.gsmarena.com/htc_windows_phone_8s-review-863.php,https://fdn.gsmarena.com/vv/reviewsimg/htc-windows-phone-8s/thumb_.jpg,
Nokia Lumia 810 review,https://www.gsmarena.com/nokia_lumia_810_tmobile-review-862.php,https://fdn.gsmarena.com/vv/reviewsimg/nokia-lumia-810/thumb_.jpg,
Google Nexus 10 review,https://www.gsmarena.com/google_nexus_10-review-861.php,https://fdn.gsmarena.com/vv/reviewsimg/samsung-google-nexus-10-p8110/thumb_.jpg,
Nokia Asha 308 review,https://www.gsmarena.com/nokia_asha_308-review-859.php,https://fdn.gsmarena.com/vv/reviewsimg/nokia-asha-308/thumb1_.jpg,
Google Nexus 4 review,https://www.gsmarena.com/google_nexus_4-review-860.php,https://fdn.gsmarena.com/vv/reviewsimg/lg-nexus-4-e960/thumb_.jpg,
Nokia Lumia 920 review,https://www.gsmarena.com/nokia_lumia_920-review-858.php,https://fdn.gsmarena.com/vv/reviewsimg/nokia-lumia-920/thumb_.jpg,
Samsung I8190 Galaxy S III mini review,https://www.gsmarena.com/samsung_galaxy_s_iii_mini-review-857.php,https://fdn.gsmarena.com/vv/reviewsimg/samsung-i8190-galaxy-s-iii-mini/review/thumb_.jpg,
Acer CloudMobile S500 review,https://www.gsmarena.com/acer_cloudmobile_s500-review-856.php,https://fdn.gsmarena.com/vv/reviewsimg/acer-cloudmobile-s500/thumb2_.jpg,
Sony Xperia J review,https://www.gsmarena.com/sony_xperia_j-review-855.php,https://fdn.gsmarena.com/vv/reviewsimg/sony-xperia-j/thumb_.jpg,
Nokia Lumia 820 review,https://www.gsmarena.com/nokia_lumia_820-review-854.php,https://fdn.gsmarena.com/vv/reviewsimg/nokia-lumia-820/thumb_.jpg,
HTC DROID DNA review,https://www.gsmarena.com/htc_droid_dna-review-853.php,https://fdn.gsmarena.com/vv/reviewsimg/htc-droid-dna/thumb_.jpg,
Microsoft Surface review,https://www.gsmarena.com/microsoft_surface-review-852.php,https://fdn.gsmarena.com/vv/reviewsimg/microsoft-surface/thumb_.jpg,
LG Optimus G for AT&T and Sprint review,https://www.gsmarena.com/lg_optimus_g_att_sprint-review-851.php,https://fdn.gsmarena.com/vv/reviewsimg/lg-optimus-g-us/thumb_.jpg,
Apple iPad 4 review,https://www.gsmarena.com/apple_ipad_4-review-850.php,https://fdn.gsmarena.com/vv/reviewsimg/apple-ipad-4/thumb_.jpg,
HTC DROID DNA preview,https://www.gsmarena.com/htc_droid_dna-review-849.php,https://fdn.gsmarena.com/vv/reviewsimg/htc-ny-event-13-nov/thumb2_.jpg,
Samsung Galaxy Premier review,https://www.gsmarena.com/samsung_galaxy_premier-review-848.php,https://fdn.gsmarena.com/vv/reviewsimg/samsung-galaxy-premier-i9260/thumb_.jpg,
HTC Desire X review,https://www.gsmarena.com/htc_desire_x-review-847.php,https://fdn.gsmarena.com/vv/reviewsimg/htc-desire-x/thumb_.jpg,
Apple iPad mini review,https://www.gsmarena.com/apple_ipad_mini-review-846.php,https://fdn.gsmarena.com/vv/reviewsimg/apple-ipad-mini/thumb2_.jpg,
HTC One X+ review,https://www.gsmarena.com/htc_one_x_plus-review-845.php,https://fdn.gsmarena.com/vv/reviewsimg/htc-one-x-plus/thumb1_.jpg,
HTC Windows Phone 8X review,https://www.gsmarena.com/htc_windows_phone_8x-review-844.php,https://fdn.gsmarena.com/vv/reviewsimg/htc-windows-phone-8x/thumb_.jpg,
Samsung Galaxy S Duos review,https://www.gsmarena.com/samsung_galaxy_s_duos_s7562-review-843.php,https://fdn.gsmarena.com/vv/reviewsimg/samsung-galaxy-s-duos-s7562/review/thumb_.jpg,
Motorola DROID RAZR HD review,https://www.gsmarena.com/motorola_droid_razr_hd_verizon-review-842.php,https://fdn.gsmarena.com/vv/reviewsimg/motorola-droid-razr-hd/thumb_.jpg,
"Lenovo K860, P700i, S880, S560 and A60+ hands-on",https://www.gsmarena.com/lenovo_k860_s880_p700i_s560_a60-review-841.php,https://fdn.gsmarena.com/vv/reviewsimg/lenovo-lineup-handson/thumb_.jpg,
Samsung Ativ S review,https://www.gsmarena.com/samsung_ativ_s-review-840.php,https://fdn.gsmarena.com/vv/reviewsimg/samsung-ativ-s/thumb_.jpg,
Windows Phone 8 review,https://www.gsmarena.com/windows_phone_8-review-839.php,https://fdn.gsmarena.com/vv/reviewsimg/windows-phone-8/thumb_.jpg,
LG Optimus G v Samsung Galaxy S III,https://www.gsmarena.com/lg_optimus_g_vs_samsung_galaxy_s_iii-review-838.php,https://fdn.gsmarena.com/vv/reviewsimg/lg-optimus-g-vs-samsung-galaxy-s3/thumb2_.jpg,
Apple iPhone 5 vs. Samsung I9300 Galaxy S III,https://www.gsmarena.com/iphone_5_vs_galaxy_s_iii-review-837.php,https://fdn.gsmarena.com/vv/reviewsimg/iphone5-vs-galaxys3/thumb2_.jpg,
LG Optimus G review,https://www.gsmarena.com/lg_optimus_g-review-835.php,https://fdn.gsmarena.com/vv/reviewsimg/lg-optimus-g/review/thumb2_.jpg,
Nokia Asha 306 review,https://www.gsmarena.com/nokia_asha_306-review-834.php,https://fdn.gsmarena.com/vv/reviewsimg/nokia-asha-306/thumb_.jpg,
Sony Xperia miro review,https://www.gsmarena.com/sony_xperia_miro-review-833.php,https://fdn.gsmarena.com/vv/reviewsimg/sony-xperia-miro/thumb_.jpg,
Asus Padfone 2 hands-on,https://www.gsmarena.com/asus_padfone_2_event-review-832.php,https://fdn.gsmarena.com/vv/reviewsimg/asus-padfone-2/event/thumb6_.jpg,
Sony Xperia SL review,https://www.gsmarena.com/sony_xperia_sl-review-831.php,https://fdn.gsmarena.com/vv/reviewsimg/sony-xperia-sl/thumb1_.jpg,
Samsung Galaxy S III vs. Note II,https://www.gsmarena.com/samsung_galaxy_s_iii_vs_galaxy_note_ii-review-830.php,https://fdn.gsmarena.com/vv/reviewsimg/galaxy-s3-vs-note2/thumb_.jpg,
Samsung Galaxy S III mini preview,https://www.gsmarena.com/samsung_i8190_galaxy_s_iii_mini-review-829.php,https://fdn.gsmarena.com/vv/reviewsimg/samsung-i8190-galaxy-s-iii-mini/thumb_.jpg,
Motorola RAZR i review,https://www.gsmarena.com/motorola_razr_i_xt890-review-828.php,https://fdn.gsmarena.com/vv/reviewsimg/motorola-razr-i-xt890/thumb_.jpg,
HTC Desire V review,https://www.gsmarena.com/htc_desire_v-review-827.php,https://fdn.gsmarena.com/vv/reviewsimg/htc-desire-v/thumb_.jpg,
Samsung Galaxy S Relay 4G review,https://www.gsmarena.com/samsung_galaxy_s_relay_4g-review-826.php,https://fdn.gsmarena.com/vv/reviewsimg/samsung-galaxy-s-relay/thumb_.jpg,
Sony Xperia Tablet S review,https://www.gsmarena.com/sony_xperia_tablet_s-review-825.php,https://fdn.gsmarena.com/vv/reviewsimg/sony-xperia-tablet-s/thumb_.jpg,
Samsung Galaxy S III Jelly Bean review,https://www.gsmarena.com/samsung_galaxy_s_iii_jelly_bean-review-823.php,https://fdn.gsmarena.com/vv/reviewsimg/samsung-galaxy-s-3-jb-handson/thumb1_.jpg,
Apple iPhone 5 review,https://www.gsmarena.com/apple_iphone_5-review-822.php,https://fdn.gsmarena.com/vv/reviewsimg/apple-iphone-5/thumb_.jpg,
Apple iOS 6 review,https://www.gsmarena.com/apple_ios_6_review-review-821.php,https://fdn.gsmarena.com/vv/reviewsimg/apple-ios-6-review/thumb_.jpg,
Sony Xperia T review,https://www.gsmarena.com/sony_xperia_t-review-820.php,https://fdn.gsmarena.com/vv/reviewsimg/sony-xperia-t/thumb_.jpg,
Sony Xperia tipo review,https://www.gsmarena.com/sony_xperia_tipo-review-819.php,https://fdn.gsmarena.com/vv/reviewsimg/sony-xperia-tipo/thumb_.jpg,
LG Optimus G preview,https://www.gsmarena.com/lg_optimus_g-review-818.php,https://fdn.gsmarena.com/vv/reviewsimg/lg-optimus-g/preview/thumb_.jpg,
HTC Windows Phone 8X and 8S hands-on,https://www.gsmarena.com/htc_september_event-review-817.php,https://fdn.gsmarena.com/vv/reviewsimg/htc-event-19-9/thumb2_.jpg,
Motorola RAZR i hands-on,https://www.gsmarena.com/motorola_motoedge-review-816.php,https://fdn.gsmarena.com/vv/reviewsimg/motorola-sep18-event/thumb3_.jpg,
LG Optimus G hands-on,https://www.gsmarena.com/lg_optimus_g-review-814.php,https://fdn.gsmarena.com/vv/reviewsimg/lg-optimus-g/thumb_.jpg,
Motorola DROID RAZR M review,https://www.gsmarena.com/motorola_droid_razr_m-review-815.php,https://fdn.gsmarena.com/vv/reviewsimg/motorola-droid-razr-m/thumb_.jpg,
Nokia Asha 311 review,https://www.gsmarena.com/nokia_asha_311-review-813.php,https://fdn.gsmarena.com/vv/reviewsimg/nokia-asha-311/thumb_.jpg,
Samsung Ativ Tab preview,https://www.gsmarena.com/samsung_ativ_tab-review-812.php,https://fdn.gsmarena.com/vv/reviewsimg/samsung-ativ-tab/preview/thumb_.jpg,
Samsung Galaxy Note II N7100,https://www.gsmarena.com/samsung_galaxy_note_ii-review-811.php,https://fdn.gsmarena.com/vv/reviewsimg/samsung-galaxy-note-ii/preview/thumb_.jpg,
Samsung Galaxy S III Jelly Bean preview,https://www.gsmarena.com/samsung_galaxy_s_iii_jelly_bean-review-810.php,https://fdn.gsmarena.com/vv/reviewsimg/samsung-galaxy-s-3-jb-handson/thumb_.jpg,
Motorola new RAZR family hands-on,https://www.gsmarena.com/motorola_razr_hd_maxx_m-review-809.php,https://fdn.gsmarena.com/vv/reviewsimg/motorola-razr-handson/thumb2_.jpg,
Nokia Lumia 920 and Lumia 820 hands-on,https://www.gsmarena.com/nokia_world-review-808.php,https://fdn.gsmarena.com/vv/reviewsimg/nokia-event/thumb3_.jpg,
Sony Xperia acro S review,https://www.gsmarena.com/sony_xperia_acro_s-review-807.php,https://fdn.gsmarena.com/vv/reviewsimg/sony-xperia-acro-s/thumb_.jpg,
Samsung Galaxy Note II preview,https://www.gsmarena.com/samsung_galaxy_note_ii_n7100-review-806.php,https://fdn.gsmarena.com/vv/reviewsimg/samsung-galaxy-note-ii/prepreview/thumb2_.jpg,
Various brands overview,https://www.gsmarena.com/various_brands_ifa_2012-review-805.php,https://fdn.gsmarena.com/vv/reviewsimg/various-brands-ifa-2012/thumb2_.jpg,
Samsung overview,https://www.gsmarena.com/samsung_ifa_2012-review-804.php,https://fdn.gsmarena.com/vv/reviewsimg/samsung-ifa-2012/thumb5_.jpg,
Sony overview,https://www.gsmarena.com/sony_ifa_2012-review-803.php,https://fdn.gsmarena.com/vv/reviewsimg/sony-ifa-2012/thumb4_.jpg,
BlackBerry Curve 9320 review,https://www.gsmarena.com/blackberry_curve_9320-review-802.php,https://fdn.gsmarena.com/vv/reviewsimg/blackberry-curve-9320/thumb_.jpg,
Motorola Atrix HD review,https://www.gsmarena.com/motorola_atrix_hd_mb886-review-801.php,https://fdn.gsmarena.com/vv/reviewsimg/motorola-atrix-hd/thumb_.jpg,
Motorola RAZR MAXX review,https://www.gsmarena.com/motorola_razr_maxx-review-800.php,https://fdn.gsmarena.com/vv/reviewsimg/motorola-razr-maxx/thumb_.jpg,
Samsung Galaxy S Duos S7562 preview,https://www.gsmarena.com/samsung_galaxy_s_duos-review-799.php,https://fdn.gsmarena.com/vv/reviewsimg/samsung-galaxy-s-duos-s7562/thumb_.jpg,
Samsung Galaxy Note 10.1 review,https://www.gsmarena.com/samsung_galaxy_note_10_1-review-798.php,https://fdn.gsmarena.com/vv/reviewsimg/samsung-galaxy-note-101/review/thumb_.jpg,
Google Nexus 7 review,https://www.gsmarena.com/asus_google_nexus_7-review-797.php,https://fdn.gsmarena.com/vv/reviewsimg/asus-google-nexus-7/thumb_.jpg,
Sony Xperia neo L review,https://www.gsmarena.com/sony_xperia_neo_l-review-796.php,https://fdn.gsmarena.com/vv/reviewsimg/sony-xperia-neo-l/thumb_.jpg,
Samsung Galaxy Note 10.1 preview,https://www.gsmarena.com/samsung_galaxy_note_10_1-review-795.php,https://fdn.gsmarena.com/vv/reviewsimg/samsung-galaxy-note-101/preview2/thumb_.jpg,
Samsung Galaxy Ace Duos review,https://www.gsmarena.com/samsung_galaxy_ace_duos-review-794.php,https://fdn.gsmarena.com/vv/reviewsimg/samsung-galaxy-ace-duos-s6802/thumb_.jpg,
Samsung Galaxy Exhilarate review,https://www.gsmarena.com/samsung_galaxy_exhilarate-review-793.php,https://fdn.gsmarena.com/vv/reviewsimg/samsung-galaxy-exhilarate/thumb_.jpg,
Nokia Asha 305 review,https://www.gsmarena.com/nokia_asha_305-review-792.php,https://fdn.gsmarena.com/vv/reviewsimg/nokia-asha-305/thumb_.jpg,
Sony Xperia go review,https://www.gsmarena.com/sony_xperia_go-review-791.php,https://fdn.gsmarena.com/vv/reviewsimg/sony-xperia-go/thumb_.jpg,
Quad-core shootout,https://www.gsmarena.com/quad_core_shootout-review-790.php,https://fdn.gsmarena.com/vv/reviewsimg/quad-core-shootout/thumb_.jpg,
HTC DROID Incredible 4G LTE review,https://www.gsmarena.com/htc_droid_incredible_4g_lte-review-789.php,https://fdn.gsmarena.com/vv/reviewsimg/htc-droid-incredible-4g-lte/thumb_.jpg,
Samsung Galaxy Beam review,https://www.gsmarena.com/samsung_galaxy_beam-review-788.php,https://fdn.gsmarena.com/vv/reviewsimg/samsung-i8530-galaxy-beam/thumb1_.jpg,
Meizu MX 4-core review,https://www.gsmarena.com/meizu_mx_4_core-review-787.php,https://fdn.gsmarena.com/vv/reviewsimg/meizu-mx-4-core/thumb_.jpg,
Samsung Galaxy Ace 2 review,https://www.gsmarena.com/samsung_galaxy_ace_2-review-786.php,https://fdn.gsmarena.com/vv/reviewsimg/samsung-i8160-galaxy-ace-2/thumb_.jpg,
HTC Desire C review,https://www.gsmarena.com/htc_desire_c-review-785.php,https://fdn.gsmarena.com/vv/reviewsimg/htc-desire-c/thumb_.jpg,
Sony Xperia ion for AT&T review,https://www.gsmarena.com/sony_xperia_ion_att-review-784.php,https://fdn.gsmarena.com/vv/reviewsimg/sony-xperia-ion-att/thumb2_.jpg,
LG Optimus Vu review,https://www.gsmarena.com/lg_optimus_vu-review-783.php,https://fdn.gsmarena.com/vv/reviewsimg/lg-optimus-vu/thumb_.jpg,
Nokia Lumia 900 review,https://www.gsmarena.com/nokia_lumia_900-review-782.php,https://fdn.gsmarena.com/vv/reviewsimg/nokia-lumia-900/thumb_.jpg,
Samsung Galaxy Tab 2 7.0 review,https://www.gsmarena.com/samsung_galaxy_tab_2_70_review-review-781.php,https://fdn.gsmarena.com/vv/reviewsimg/samsung-galaxy-tab-2-70/thumb_.jpg,
LG Optimus 4X HD P880 review,https://www.gsmarena.com/lg_optimus_4x_hd_p880_review-review-780.php,https://fdn.gsmarena.com/vv/reviewsimg/lg-optimus-4x-hd-p880/thumb_.jpg,
Android 4.1 Jelly Bean preview,https://www.gsmarena.com/android_4_1_jelly_bean_preview-review-779.php,https://fdn.gsmarena.com/vv/reviewsimg/android-4-1-jelly-bean-preview/thumb_.jpg,
Samsung Galaxy mini 2 review,https://www.gsmarena.com/samsung_galaxy_mini_2-review-778.php,https://fdn.gsmarena.com/vv/reviewsimg/samsung-galaxy-mini-s6500/thumb_.jpg,
Huawei Ascend P1 review,https://www.gsmarena.com/huawei_ascend_p1-review-777.php,https://fdn.gsmarena.com/vv/reviewsimg/huawei-ascend-p1/thumb_.jpg,
Nokia 808 PureView review,https://www.gsmarena.com/nokia_808_pureview-review-776.php,https://fdn.gsmarena.com/vv/reviewsimg/nokia-808-pureview/review/thumb3_.jpg,
Nokia 808 PureView in low-light,https://www.gsmarena.com/nokia_808_pureview_low_light-review-775.php,https://fdn.gsmarena.com/vv/reviewsimg/nokia-808-pureview-low-light/thumb_.jpg,
Samsung Galaxy S III US edition,https://www.gsmarena.com/samsung_galaxy_s_iii_us_version-review-774.php,https://fdn.gsmarena.com/vv/reviewsimg/samsung-galaxy-s-iii-us-version/thumb2_.jpg,
Nokia 808 PureView  blind test,https://www.gsmarena.com/pureview_blind_test-review-773.php,https://fdn.gsmarena.com/vv/reviewsimg/pureview-blind-test/thumb_.jpg,
Apple iOS 6 preview,https://www.gsmarena.com/apple_ios_6-review-772.php,https://fdn.gsmarena.com/vv/reviewsimg/apple-ios-6-preview/thumb_.jpg,
Nokia Lumia 610 review,https://www.gsmarena.com/nokia_lumia_610-review-771.php,https://fdn.gsmarena.com/vv/reviewsimg/nokia-lumia-610/thumb_.jpg,
Sony Xperia U review,https://www.gsmarena.com/sony_xperia_u-review-770.php,https://fdn.gsmarena.com/vv/reviewsimg/sony-xperia-u/thumb_.jpg,
Samsung Galaxy Pocket S5300 review,https://www.gsmarena.com/samsung_galaxy_pocket_s5300-review-769.php,https://fdn.gsmarena.com/vv/reviewsimg/samsung-galaxy-pocket-s5300/thumb_.jpg,
LG Optimus L7 review,https://www.gsmarena.com/lg_optimus_l7_p700-review-768.php,https://fdn.gsmarena.com/vv/reviewsimg/lg-optimus-l7-p700/thumb_.jpg,
Sony Xperia P review,https://www.gsmarena.com/sony_xperia_p-review-767.php,https://fdn.gsmarena.com/vv/reviewsimg/sony-xperia-p/thumb_.jpg,
Sony Xperia sola review,https://www.gsmarena.com/sony_xperia_sola-review-766.php,https://fdn.gsmarena.com/vv/reviewsimg/sony-xperia-sola/thumb2_.jpg,
Samsung Galaxy S III vs. Galaxy S II,https://www.gsmarena.com/galaxy_s_ii_vs_galaxy_s_iii-review-764.php,https://fdn.gsmarena.com/vv/reviewsimg/samsung-galaxy-s-iii/vs-s2/thumb_.jpg,
Samsung Focus 2 review,https://www.gsmarena.com/samsung_focus_2-review-765.php,https://fdn.gsmarena.com/vv/reviewsimg/samsung-focus-2/thumb_.jpg,
LG Optimus 3D Max P720 review,https://www.gsmarena.com/lg_optimus_3d_max_p720-review-763.php,https://fdn.gsmarena.com/vv/reviewsimg/lg-optimus-3d-max-p720/thumb_.jpg,
Samsung I9300 Galaxy S III review,https://www.gsmarena.com/samsung_i9300_galaxy_s_iii-review-761.php,https://fdn.gsmarena.com/vv/reviewsimg/samsung-galaxy-s-iii/review/thumb3_.jpg,
HTC Evo 4G LTE review,https://www.gsmarena.com/htc_evo_4g_lte-review-762.php,https://fdn.gsmarena.com/vv/reviewsimg/htc-evo-4g-lte/thumb_.jpg,
HTC One X for AT&T US review,https://www.gsmarena.com/htc_one_x_for_att_review-review-760.php,https://fdn.gsmarena.com/vv/reviewsimg/htc-one-x-att/thumb2_.jpg,
Samsung Galaxy S III vs. HTC One X,https://www.gsmarena.com/samsung_galaxy_s_iii_vs_htc_one_x-review-759.php,https://fdn.gsmarena.com/vv/reviewsimg/samsung-galaxy-s-iii/compare/thumb_.jpg,
Nokia Asha 302 review,https://www.gsmarena.com/nokia_asha_302-review-758.php,https://fdn.gsmarena.com/vv/reviewsimg/nokia-asha-302/thumb_.jpg,
Samsung I9300 Galaxy S III preview,https://www.gsmarena.com/samsung_galaxy_s_iii-review-757.php,https://fdn.gsmarena.com/vv/reviewsimg/samsung-galaxy-s-iii/preview/thumb_.jpg,
Samsung I9300 Galaxy S III hands-on,https://www.gsmarena.com/samsung_unpacked_2012-review-756.php,https://fdn.gsmarena.com/vv/reviewsimg/samsung-unpacked-hands-on/thumb1_.jpg,
Nokia Lumia 900 vs HTC Titan II,https://www.gsmarena.com/nokia_lumia_900_vs_htc_titan_2-review-755.php,https://fdn.gsmarena.com/vv/reviewsimg/titan2-vs-lumia900/thumb_.jpg,
Samsung Galaxy Y Duos S6102,https://www.gsmarena.com/samsung_galaxy_y_duos_s6102-review-754.php,https://fdn.gsmarena.com/vv/reviewsimg/samsung-s6120-galaxy-y-duos/thumb_.jpg,
HTC Titan II review,https://www.gsmarena.com/htc_titan_2_att-review-753.php,https://fdn.gsmarena.com/vv/reviewsimg/htc-titan-ii-att/thumb2_.jpg,
GSMArena feature labs,https://www.gsmarena.com/gsmarena_lab_tests-review-751.php,https://fdn.gsmarena.com/vv/reviewsimg/test-lab/thumb_.jpg,
Samsung Galaxy Ace 2 I8160 preview,https://www.gsmarena.com/samsung_galaxy_ace_2_i8160-review-752.php,https://fdn.gsmarena.com/vv/reviewsimg/samsung-galaxy-ace-2-i8160/preview/thumb_.jpg,
HTC One V review,https://www.gsmarena.com/htc_one_v-review-750.php,https://fdn.gsmarena.com/vv/reviewsimg/htc-one-v/thumb1_.jpg,
Samsung Galaxy Tab 2 10.1 review,https://www.gsmarena.com/samsung_galaxy_tab_2_101-review-749.php,https://fdn.gsmarena.com/vv/reviewsimg/samsung-galaxy-tab-2-101/review/thumb_.jpg,
Nokia Lumia 900 for AT&T review,https://www.gsmarena.com/nokia_lumia_900_att-review-748.php,https://fdn.gsmarena.com/vv/reviewsimg/nokia-lumia-900-att/thumb_.jpg,
HTC One X review,https://www.gsmarena.com/htc_one_x-review-747.php,https://fdn.gsmarena.com/vv/reviewsimg/htc-one-x/thumb2_.jpg,
HTC One S review,https://www.gsmarena.com/htc_one_s-review-746.php,https://fdn.gsmarena.com/vv/reviewsimg/htc-one-s/thumb_.jpg,
Samsung I8530 Galaxy Beam preview,https://www.gsmarena.com/samsung_i8530_galaxy_beam-review-745.php,https://fdn.gsmarena.com/vv/reviewsimg/samsung-i8530-galaxy-beam/preview/thumb_.jpg,
Samsung Galaxy Note 10.1 preview,https://www.gsmarena.com/samsung_galaxy_galaxy_note_101-review-744.php,https://fdn.gsmarena.com/vv/reviewsimg/samsung-galaxy-note-101/preview/thumb_.jpg,
Samsung Galaxy Ace Plus review,https://www.gsmarena.com/samsung_galaxy_ace_plus-review-743.php,https://fdn.gsmarena.com/vv/reviewsimg/samsung-galaxy-ace-plus/review/thumb_.jpg,
Samsung Galaxy Tab 7.7 review,https://www.gsmarena.com/samsung_galaxy_tab_7_7-review-742.php,https://fdn.gsmarena.com/vv/reviewsimg/samsung-galaxy-tab-77/review/thumb_.jpg,
Sony Xperia S review,https://www.gsmarena.com/sony_xperia_s-review-741.php,https://fdn.gsmarena.com/vv/reviewsimg/sony-xperia-s/review/thumb_.jpg,
Samsung Galaxy S Blaze 4G,https://www.gsmarena.com/samsung_galaxy_s_blaze_4g-review-740.php,https://fdn.gsmarena.com/vv/reviewsimg/samsung-galaxy-s-blaze-4g/thumb_.jpg,
Apple iPad 3 review,https://www.gsmarena.com/apple_ipad_3-review-739.php,https://fdn.gsmarena.com/vv/reviewsimg/apple-ipad-3/thumb_.jpg,
Pantech Burst review,https://www.gsmarena.com/pantech_burst_att_review-review-738.php,https://fdn.gsmarena.com/vv/reviewsimg/pantech-burst-att/thumb_.jpg,
Samsung Galaxy S II ICS review,https://www.gsmarena.com/samsung_galaxy_s_ii_ics_vs_gingerbread-review-737.php,https://fdn.gsmarena.com/vv/reviewsimg/galaxy-s-ii-ics-vs-gingerbread/thumb_.jpg,
Nokia X2-02 review,https://www.gsmarena.com/nokia_x2_02-review-736.php,https://fdn.gsmarena.com/vv/reviewsimg/nokia-x2-02/thumb_.jpg,
Huawei Vision review,https://www.gsmarena.com/huawei_u8850_vision-review-735.php,https://fdn.gsmarena.com/vv/reviewsimg/huawei-u8850-vision/thumb_.jpg,
Sony Xperia S vs. Samsung Galaxy S II,https://www.gsmarena.com/sony_xperia_s_vs_samsung_galaxy_s_ii-review-734.php,https://fdn.gsmarena.com/vv/reviewsimg/xperia-s-vs-galaxy-s-ii/thumb_.jpg,
Samsung Rugby Smart review,https://www.gsmarena.com/samsung_rugby_smart-review-733.php,https://fdn.gsmarena.com/vv/reviewsimg/samsung-rugby-smart/thumb_.jpg,
Samsung I9070 Galaxy S Advance review,https://www.gsmarena.com/samsung_galaxy_s_advance-review-732.php,https://fdn.gsmarena.com/vv/reviewsimg/samsung-i9070-galaxy-s-advance/thumb_.jpg,
Samsung Galaxy Tab 2 10.1 preview,https://www.gsmarena.com/samsung_galaxy_tab_2_10_1-review-730.php,https://fdn.gsmarena.com/vv/reviewsimg/samsung-galaxy-tab-2-101/preview/thumb_.jpg,
Samsung Wave Y review,https://www.gsmarena.com/samsung_wave_y-review-731.php,https://fdn.gsmarena.com/vv/reviewsimg/samsung-wave-y/thumb_.jpg,
Sony Xperia S preview,https://www.gsmarena.com/sony_xperia_s-review-729.php,https://fdn.gsmarena.com/vv/reviewsimg/sony-xperia-s/preview/thumb_.jpg,
Nokia 808 PureView in focus,https://www.gsmarena.com/d_dinning_interview_nokia_808-review-728.php,https://fdn.gsmarena.com/vv/reviewsimg/d-dinning-nokia-808-interview/thumb_.jpg,
Various brands overview,https://www.gsmarena.com/various_at_mwc_2012-review-727.php,https://fdn.gsmarena.com/vv/reviewsimg/mwc-various-overview/thumb_.jpg,
Samsung overview,https://www.gsmarena.com/samsung_at_mwc_2012-review-726.php,https://fdn.gsmarena.com/vv/reviewsimg/mwc-samsung-overview/thumb_.jpg,
Nokia overview,https://www.gsmarena.com/nokia_at_mwc_2012-review-725.php,https://fdn.gsmarena.com/vv/reviewsimg/mwc-nokia-overview/thumb_.jpg,
HTC overview,https://www.gsmarena.com/htc_at_mwc_2012-review-724.php,https://fdn.gsmarena.com/vv/reviewsimg/mwc-htc-overview/thumb_.jpg,
Sony overview,https://www.gsmarena.com/sony_at_mwc_2012-review-723.php,https://fdn.gsmarena.com/vv/reviewsimg/mwc-sony-overview/thumb_.jpg,
Huawei overview,https://www.gsmarena.com/huawei_at_mwc_2012-review-721.php,https://fdn.gsmarena.com/vv/reviewsimg/mwc-huawei-overview/thumb_.jpg,
LG overview,https://www.gsmarena.com/lg_at_mwc_2012-review-722.php,https://fdn.gsmarena.com/vv/reviewsimg/mwc-lg-hands-on/thumb_.jpg,
LG Prada 3.0,https://www.gsmarena.com/lg_prada_3_0-review-720.php,https://fdn.gsmarena.com/vv/reviewsimg/lg-prada-30/thumb_.jpg,
Huawei MediaPad review,https://www.gsmarena.com/huawei_mediapad-review-719.php,https://fdn.gsmarena.com/vv/reviewsimg/huawei-mediapad/thumb_.jpg,
Samsung Galaxy Note I717 review,https://www.gsmarena.com/samsung_galaxy_note_i717-review-718.php,https://fdn.gsmarena.com/vv/reviewsimg/samsung-galaxy-note-i717/thumb_.jpg,
Amazon Kindle Fire review,https://www.gsmarena.com/amazon_kindle_fire-review-717.php,https://fdn.gsmarena.com/vv/reviewsimg/amazon-kindle-fire/thumb1_.jpg,
Galaxy W vs. Xperia Neo V,https://www.gsmarena.com/samsung_galaxy_w_vs_sony_ericsson_xperia_neo_v-review-716.php,https://fdn.gsmarena.com/vv/reviewsimg/galaxy-w-vs-xperia-neo-v/thumb_.jpg,
Nokia Lumia 710 vs. Samsung I8350 Omnia W,https://www.gsmarena.com/samsung_omnia_w_vs_nokia_lumia_710-review-715.php,https://fdn.gsmarena.com/vv/reviewsimg/nokia-lumia-710-vs-samsung-omnia-w/thumb_.jpg,
Nokia Asha 200 review,https://www.gsmarena.com/nokia_asha_200-review-714.php,https://fdn.gsmarena.com/vv/reviewsimg/nokia-asha-200/thumb1_.jpg,
Samsung Galaxy R vs. LG Optimus 2X,https://www.gsmarena.com/samsung_galaxy_r_vs_lg_optimus_2x-review-713.php,https://fdn.gsmarena.com/vv/reviewsimg/galaxy-r-vs-optimus-2x/thumb_.jpg,
Samsung Galaxy Ace Plus S7500 preview,https://www.gsmarena.com/samsung_galaxy_ace_plus-review-712.php,https://fdn.gsmarena.com/vv/reviewsimg/samsung-galaxy-ace-plus/thumb_.jpg,
BlackBerry Bold 9790 review,https://www.gsmarena.com/blackberry_bold_9790-review-711.php,https://fdn.gsmarena.com/vv/reviewsimg/blackberry-bold-9790/thumb_.jpg,
Samsung I9103 Galaxy R review,https://www.gsmarena.com/samsung_i9103_galaxy_r-review-710.php,https://fdn.gsmarena.com/vv/reviewsimg/samsung-i9103-galaxy-r/thumb_.jpg,
Nokia Asha 300 review,https://www.gsmarena.com/nokia_asha_300-review-709.php,https://fdn.gsmarena.com/vv/reviewsimg/nokia-asha-300/thumb_.jpg,
Nokia Lumia 710 review,https://www.gsmarena.com/nokia_lumia_710-review-708.php,https://fdn.gsmarena.com/vv/reviewsimg/nokia-lumia-710/thumb_.jpg,
Huawei U8860 Honor review,https://www.gsmarena.com/huawei_u8860_honor-review-707.php,https://fdn.gsmarena.com/vv/reviewsimg/huawei-u8860-honor/thumb_.jpg,
Samsung Galaxy Tab 7.0 Plus review,https://www.gsmarena.com/samsung_galaxy_tab_7_0_plus-review-706.php,https://fdn.gsmarena.com/vv/reviewsimg/samsung-galaxy-tab-7-0-plus/thumb1_.jpg,
Now in HD,https://www.gsmarena.com/720p_screen_shootout-review-705.php,https://fdn.gsmarena.com/vv/reviewsimg/720p-screen-shootout/thumb_.jpg,
Various brands overview,https://www.gsmarena.com/ces_2012_various_brands_overview-review-704.php,https://fdn.gsmarena.com/vv/reviewsimg/ces-2012-various/thumb_.jpg,
Nokia Lumia 900 hands-on,https://www.gsmarena.com/nokia_lumia_900_handson-review-701.php,https://fdn.gsmarena.com/vv/reviewsimg/nokia-ces-handson/thumb_.jpg,
Sony overview,https://www.gsmarena.com/ces_2012_sony_overview-review-702.php,https://fdn.gsmarena.com/vv/reviewsimg/sony-xperia-ion-handson/thumb1_.jpg,
Samsung overview,https://www.gsmarena.com/ces_2012_samsung_overview-review-703.php,https://fdn.gsmarena.com/vv/reviewsimg/samsung-ces-2012/thumb_.jpg,
Nokia Asha 303 review,https://www.gsmarena.com/nokia_asha_303-review-700.php,https://fdn.gsmarena.com/vv/reviewsimg/nokia-asha-303/thumb_.jpg,
Samsung Galaxy Nexus review,https://www.gsmarena.com/samsung_galaxy_nexus-review-699.php,https://fdn.gsmarena.com/vv/reviewsimg/samsung-galaxy-nexus/thumb_.jpg,
BlackBerry Curve 9380 review,https://www.gsmarena.com/blackberry_curve_9380-review-698.php,https://fdn.gsmarena.com/vv/reviewsimg/blackberry-curve-9380/thumb_.jpg,
HTC Vivid review,https://www.gsmarena.com/htc_vivid-review-697.php,https://fdn.gsmarena.com/vv/reviewsimg/htc-vivid/thumb_.jpg,
Meizu MX review,https://www.gsmarena.com/meizu_mx-review-696.php,https://fdn.gsmarena.com/vv/reviewsimg/meizu-mx/thumb_.jpg,
Sony Ericsson Xperia neo V review,https://www.gsmarena.com/sony_ericsson_xperia_neo_v-review-695.php,https://fdn.gsmarena.com/vv/reviewsimg/sony-ericsson-xperia-neo-v/thumb_.jpg,
Samsung Captivate Glide review,https://www.gsmarena.com/samsung_captivate_glide-review-694.php,https://fdn.gsmarena.com/vv/reviewsimg/samsung-i927-captivate-glide/thumb_.jpg,
Samsung I8350 Omnia W review,https://www.gsmarena.com/samsung_omnia_w-review-693.php,https://fdn.gsmarena.com/vv/reviewsimg/samsung-omnia-w-i8350/thumb_.jpg,
HTC Explorer review,https://www.gsmarena.com/htc_explorer-review-692.php,https://fdn.gsmarena.com/vv/reviewsimg/htc-explorer/thumb_.jpg,
HTC Rhyme review,https://www.gsmarena.com/htc_rhyme-review-691.php,https://fdn.gsmarena.com/vv/reviewsimg/htc-rhyme/thumb5_.jpg,
Samsung Focus S review,https://www.gsmarena.com/samsung_focus_s-review-690.php,https://fdn.gsmarena.com/vv/reviewsimg/samsung-focus-s/thumb_.jpg,
Samsung Galaxy W I8150 review,https://www.gsmarena.com/samsung_galaxy_w_i8150-review-689.php,https://fdn.gsmarena.com/vv/reviewsimg/samsung-galaxy-w-i8150/review/thumb_.jpg,
Samsung S8600 Wave 3 review,https://www.gsmarena.com/samsung_s8600_wave_3-review-688.php,https://fdn.gsmarena.com/vv/reviewsimg/samsung-s8600-wave-iii/review/thumb_.jpg,
LG Nitro HD review,https://www.gsmarena.com/lg_nitro_hd-review-687.php,https://fdn.gsmarena.com/vv/reviewsimg/lg-nitro-hd/thumb_.jpg,
Nokia Lumia 800 review,https://www.gsmarena.com/nokia_lumia_800-review-686.php,https://fdn.gsmarena.com/vv/reviewsimg/nokia-lumia-800/thumb_.jpg,
Samsung Exhibit II 4G review,https://www.gsmarena.com/samsung_exhibit_2_4g-review-685.php,https://fdn.gsmarena.com/vv/reviewsimg/samsung-exhibit-2-4g/thumb_.jpg,
HTC Radar review,https://www.gsmarena.com/htc_radar-review-684.php,https://fdn.gsmarena.com/vv/reviewsimg/htc-radar/thumb_.jpg,
Motorola RAZR XT910 review,https://www.gsmarena.com/motorola_razr_xt910-review-683.php,https://fdn.gsmarena.com/vv/reviewsimg/motorola-razr-xt910/thumb_.jpg,
BlackBerry Curve 9360 review,https://www.gsmarena.com/blackberry_curve_9360-review-682.php,https://fdn.gsmarena.com/vv/reviewsimg/blackberry-curve-9360/thumb_.jpg,
Sony Ericsson Mix Walkman review,https://www.gsmarena.com/sony_ericsson_mix_walkman-review-681.php,https://fdn.gsmarena.com/vv/reviewsimg/sony-ericsson-mix-walkman/thumb_.jpg,
Samsung Galaxy Y S5360 review,https://www.gsmarena.com/samsung_s5360_galaxy_y-review-680.php,https://fdn.gsmarena.com/vv/reviewsimg/samsung-s5360-galaxy-y/thumb1_.jpg,
HTC Sensation XL review,https://www.gsmarena.com/htc_sensation_xl-review-679.php,https://fdn.gsmarena.com/vv/reviewsimg/htc-sensation-xl/review/thumb2_.jpg,
Sony Ericsson Xperia pro review,https://www.gsmarena.com/sony_ericsson_xperia_pro-review-678.php,https://fdn.gsmarena.com/vv/reviewsimg/sony-ericsson-xperia-pro/thumb_.jpg,
Samsung Galaxy S II Skyrocket review,https://www.gsmarena.com/samsung_galaxy_s2_skyrocket-review-677.php,https://fdn.gsmarena.com/vv/reviewsimg/samsung-galaxy-s2-skyrocket/thumb_.jpg,
Samsung Galaxy Note N7000 review,https://www.gsmarena.com/samsung_galaxy_note_n7000-review-676.php,https://fdn.gsmarena.com/vv/reviewsimg/samsung-galaxy-note/review/thumb1_.jpg,
HTC Titan review,https://www.gsmarena.com/htc_titan-review-675.php,https://fdn.gsmarena.com/vv/reviewsimg/htc-titan/thumb2_.jpg,
Samsung Focus Flash review,https://www.gsmarena.com/samsung_focus_flash-review-674.php,https://fdn.gsmarena.com/vv/reviewsimg/samsung-focus-flash/thumb_.jpg,
8 megapixel mega shootout,https://www.gsmarena.com/8mp_shootout_2011-review-673.php,https://fdn.gsmarena.com/vv/reviewsimg/8mp-shootout-2011/thumb_.jpg,
HTC Sensation XE review,https://www.gsmarena.com/htc_sensation_xe-review-672.php,https://fdn.gsmarena.com/vv/reviewsimg/htc-sensation-xe/thumb_.jpg,
Sony Ericsson Xperia active review,https://www.gsmarena.com/sony_ericsson_xperia_active_review-review-671.php,https://fdn.gsmarena.com/vv/reviewsimg/se-xperia-active/thumb2_.jpg,
Nokia 700 review,https://www.gsmarena.com/nokia_700_review-review-670.php,https://fdn.gsmarena.com/vv/reviewsimg/nokia-700/review/thumb_.jpg,
Sony Ericsson Live with Walkman review,https://www.gsmarena.com/sony_ericsson_live_with_walkman_review-review-669.php,https://fdn.gsmarena.com/vv/reviewsimg/se-live-with-walkman/thumb4_.jpg,
Nokia World 2011,https://www.gsmarena.com/nokia_world_lumia_800_lumia_710-review-668.php,https://fdn.gsmarena.com/vv/reviewsimg/nokia-world/thumb2_.jpg,
Motorola RAZR hands-on,https://www.gsmarena.com/motorola_razr-review-667.php,https://fdn.gsmarena.com/vv/reviewsimg/motorola-razr/thumb_.jpg,
Nokia 500 review,https://www.gsmarena.com/nokia_500-review-666.php,https://fdn.gsmarena.com/vv/reviewsimg/nokia-500/review/thumb1_.jpg,
Apple iPhone 4S review,https://www.gsmarena.com/apple_iphone_4s-review-665.php,https://fdn.gsmarena.com/vv/reviewsimg/apple-iphone-4s/thumb3_.jpg,
iPhone 4S over iPhone 4,https://www.gsmarena.com/iphone_4s_over_iphone_4-review-664.php,https://fdn.gsmarena.com/vv/reviewsimg/apple-iphone-4s/head-to-head/thumb2_.jpg,
Samsung Galaxy Nexus hands-on,https://www.gsmarena.com/samsung_galaxy_nexus_hands_on-review-663.php,https://fdn.gsmarena.com/vv/reviewsimg/samsung-galaxy-nexus/thumb_.jpg,
Android 4.0 Ice Cream Sandwich,https://www.gsmarena.com/android_ice_cream_sandwich_first_look-review-662.php,https://fdn.gsmarena.com/vv/reviewsimg/android-ice-cream-sandwich-first-look/thumb_.jpg,
HTC Amaze 4G review,https://www.gsmarena.com/htc_amaze_4g-review-661.php,https://fdn.gsmarena.com/vv/reviewsimg/htc-amaze-4g/thumb_.jpg,
Nokia 701 review,https://www.gsmarena.com/nokia_701-review-660.php,https://fdn.gsmarena.com/vv/reviewsimg/nokia-701/review/thumb_.jpg,
Nokia N9 review,https://www.gsmarena.com/nokia_n9-review-659.php,https://fdn.gsmarena.com/vv/reviewsimg/nokia-n9/review/thumb_.jpg,
Sony Ericsson Xperia arc S review,https://www.gsmarena.com/sony_ericsson_xperia_arc_s-review-658.php,https://fdn.gsmarena.com/vv/reviewsimg/sony-ericsson-xperia-arc-s/thumb_.jpg,
Apple iOS 5 review,https://www.gsmarena.com/apple_ios_5-review-657.php,https://fdn.gsmarena.com/vv/reviewsimg/apple-ios-5/review/thumb_.jpg,
Samsung Galaxy S II T-Mobile review,https://www.gsmarena.com/samsung_galaxy_s_2_tmobile-review-656.php,https://fdn.gsmarena.com/vv/reviewsimg/samsung-galaxy-s-2-tmobile/thumb_.jpg,
Windows Phone 7.5 review,https://www.gsmarena.com/windows_phone_7_5-review-655.php,https://fdn.gsmarena.com/vv/reviewsimg/windows-phone-75/thumb_.jpg,
HTC Sensation XL hands-on,https://www.gsmarena.com/htc_sensation_xl-review-654.php,https://fdn.gsmarena.com/vv/reviewsimg/htc-sensation-xl/thumb1_.jpg,
BlackBerry Torch 9810 review,https://www.gsmarena.com/blackberry_torch_9810-review-653.php,https://fdn.gsmarena.com/vv/reviewsimg/blackberry-torch-9810/thumb_.jpg,
Samsung Galaxy S II for AT&T review,https://www.gsmarena.com/samsung_galaxy_s_2_att-review-652.php,https://fdn.gsmarena.com/vv/reviewsimg/samsung-galaxy-s-2-att/thumb_.jpg,
Samsung Galaxy Note preview,https://www.gsmarena.com/samsung_galaxy_note-review-651.php,https://fdn.gsmarena.com/vv/reviewsimg/samsung-galaxy-note/preview/thumb_.jpg,
BlackBerry Torch 9860 review,https://www.gsmarena.com/blackberry_torch_9860-review-650.php,https://fdn.gsmarena.com/vv/reviewsimg/blackberry-torch-9860/thumb1_.jpg,
Sony Ericsson Xperia ray review,https://www.gsmarena.com/sony_ericsson_xperia_ray-review-649.php,https://fdn.gsmarena.com/vv/reviewsimg/sony-ericsson-xperia-ray/review/thumb_.jpg,
Samsung Galaxy Note hands-on,https://www.gsmarena.com/samsung_galaxy_note-review-648.php,https://fdn.gsmarena.com/vv/reviewsimg/samsung-galaxy-note/hands-on/thumb_.jpg,
Nokia C2-03 review,https://www.gsmarena.com/nokia_c2_03-review-646.php,https://fdn.gsmarena.com/vv/reviewsimg/nokia-c2-03/thumb_.jpg,
HTC Sensation XE hands-on,https://www.gsmarena.com/htc_sensation_xe-review-647.php,https://fdn.gsmarena.com/vv/reviewsimg/htc-sensation-xe/hands-on/thumb_.jpg,
BlackBerry Bold 9900 review,https://www.gsmarena.com/blackberry_bold_touch_9900-review-645.php,https://fdn.gsmarena.com/vv/reviewsimg/blackberry-bold-touch-9900/thumb1_.jpg,
Nokia 500 preview,https://www.gsmarena.com/nokia_500-review-644.php,https://fdn.gsmarena.com/vv/reviewsimg/nokia-500/preview/thumb_.jpg,
Nokia 700 preview,https://www.gsmarena.com/nokia_700-review-643.php,https://fdn.gsmarena.com/vv/reviewsimg/nokia-700/preview/thumb_.jpg,
Samsung Galaxy Tab 10.1 review,https://www.gsmarena.com/samsung_galaxy_tab_101-review-642.php,https://fdn.gsmarena.com/vv/reviewsimg/samsung-galaxy-tab-101-3g/thumb2_.jpg,
Nokia 701 preview,https://www.gsmarena.com/nokia_701-review-640.php,https://fdn.gsmarena.com/vv/reviewsimg/nokia-701/preview/thumb_.jpg,
Samsung Galaxy S5690 Xcover preview,https://www.gsmarena.com/samsung_galaxy_s5690_xcover-review-641.php,https://fdn.gsmarena.com/vv/reviewsimg/samsung-galaxy-xcover/preview/thumb_.jpg,
HTC Titan and HTC Radar hands-on,https://www.gsmarena.com/htc_titan_and_htc_radar_hands_on-review-639.php,https://fdn.gsmarena.com/vv/reviewsimg/htc-september-1-2011-event/thumb2_.jpg,
Samsung Galaxy Tab 7.7 preview,https://www.gsmarena.com/samsung_galaxy_tab_7_7-review-638.php,https://fdn.gsmarena.com/vv/reviewsimg/samsung-galaxy-tab-77/thumb_.jpg,
Samsung S5360 Galaxy Y preview,https://www.gsmarena.com/samsung_s5360_galaxy_y-review-637.php,https://fdn.gsmarena.com/vv/reviewsimg/samsung-s5360-galaxy-y/preview/thumb_.jpg,
Samsung S8600 Wave 3 preview,https://www.gsmarena.com/samsung_s8600_wave_3-review-636.php,https://fdn.gsmarena.com/vv/reviewsimg/samsung-s8600-wave-iii/preview/thumb_.jpg,
Samsung Galaxy W I8150 preview,https://www.gsmarena.com/samsung_galaxy_w_i8150-review-635.php,https://fdn.gsmarena.com/vv/reviewsimg/samsung-galaxy-w-i8150/preview/thumb_.jpg,
Sony Ericsson Xperia mini review,https://www.gsmarena.com/sony_ericsson_xperia_mini-review-634.php,https://fdn.gsmarena.com/vv/reviewsimg/sony-ericsson-xperia-mini/thumb_.jpg,
Sony Ericsson Xperia mini pro review,https://www.gsmarena.com/sony_ericsson_xperia_mini_pro-review-633.php,https://fdn.gsmarena.com/vv/reviewsimg/sony-ericsson-xperia-mini-pro/thumb_.jpg,
HTC EVO 3D review,https://www.gsmarena.com/htc_evo_3d-review-632.php,https://fdn.gsmarena.com/vv/reviewsimg/htc-evo-3d/thumb_.jpg,
Nokia C2-02 review,https://www.gsmarena.com/nokia_c2_02-review-631.php,https://fdn.gsmarena.com/vv/reviewsimg/nokia-c2-02/thumb_.jpg,
Samsung Exhibit 4G review,https://www.gsmarena.com/samsung_exhibit_4g-review-630.php,https://fdn.gsmarena.com/vv/reviewsimg/samsung-exhibit-4g/thumb_.jpg,
Nokia X1-01 review,https://www.gsmarena.com/nokia_x1_01-review-629.php,https://fdn.gsmarena.com/vv/reviewsimg/nokia-x1-01/thumb_.jpg,
Samsung Galaxy Fit S5670 review,https://www.gsmarena.com/sansung_galaxy_fit-review-628.php,https://fdn.gsmarena.com/vv/reviewsimg/samsung-galaxy-fit/thumb_.jpg,
Nokia C2-00 review,https://www.gsmarena.com/nokia_c2_00-review-627.php,https://fdn.gsmarena.com/vv/reviewsimg/nokia-c2-00/thumb_.jpg,
HTC EVO 3D vs. HTC Sensation 4G,https://www.gsmarena.com/htc_evo_3d_vs_htc_sensation_4g_head_to_head-review-626.php,https://fdn.gsmarena.com/vv/reviewsimg/evo-3d-vs-sensation-4g/thumb_.jpg,
BlackBerry Media event,https://www.gsmarena.com/blackberry_media_event_london-review-625.php,https://fdn.gsmarena.com/vv/reviewsimg/bb-media-event-london-august/thumb_.jpg,
LG Optimus Pad review,https://www.gsmarena.com/lg_optimus_pad-review-624.php,https://fdn.gsmarena.com/vv/reviewsimg/lg-optimus-pad-v900/review/thumb_.jpg,
Samsung Galaxy S Plus review,https://www.gsmarena.com/samsung_galaxy_s_plus-review-623.php,https://fdn.gsmarena.com/vv/reviewsimg/samsung-i9001-galaxy-s-plus/review/thumb_.jpg,
LG Optimus 3D review,https://www.gsmarena.com/lg_optimus_3d-review-622.php,https://fdn.gsmarena.com/vv/reviewsimg/lg-optimus-3d/thumbr_.jpg,
Sony Ericsson txt pro preview,https://www.gsmarena.com/sony_ericsson_txt_pro-review-621.php,https://fdn.gsmarena.com/vv/reviewsimg/sony-ericsson-txt-pro/preview/thumb.jpg,
Samsung Gravity SMART review,https://www.gsmarena.com/samsung_gravity_smart-review-620.php,https://fdn.gsmarena.com/vv/reviewsimg/samsung-gravity-smart/thumb_001.jpg,
HTC Salsa review,https://www.gsmarena.com/htc_salsa-review-619.php,https://fdn.gsmarena.com/vv/reviewsimg/htc-salsa/thumb.jpg,
Sony Ericsson Xperia ray preview,https://www.gsmarena.com/sony_ericsson_xperia_ray-review-618.php,https://fdn.gsmarena.com/vv/reviewsimg/sony-ericsson-xperia-ray/preview/thumb.jpg,
HTC ChaCha,https://www.gsmarena.com/htc_chacha-review-617.php,https://fdn.gsmarena.com/vv/reviewsimg/htc-chacha/thumb.jpg,
Nokia E6 review,https://www.gsmarena.com/nokia_e6_00-review-616.php,https://fdn.gsmarena.com/vv/reviewsimg/nokia-e6-00/review/thumb2.jpg,
HTC Flyer review,https://www.gsmarena.com/htc_flyer-review-615.php,https://fdn.gsmarena.com/vv/reviewsimg/htc-flyer/thumb.jpg,
LG Optimus Pad preview,https://www.gsmarena.com/lg_optimus_pad_v900-review-611.php,https://fdn.gsmarena.com/vv/reviewsimg/lg-optimus-pad-v900/preview/thumb2.jpg,
Samsung I9103 Galaxy R preview,https://www.gsmarena.com/samsung_i9103_galaxy_z-review-614.php,https://fdn.gsmarena.com/vv/reviewsimg/samsung-i9103-galaxy-z/preview/thumb.jpg,
Nokia X7-00 review,https://www.gsmarena.com/nokia_x7_00-review-613.php,https://fdn.gsmarena.com/vv/reviewsimg/nokia-x7-00/thumb.jpg,
Sony Ericsson W8 review,https://www.gsmarena.com/sony_ericsson_w8-review-612.php,https://fdn.gsmarena.com/vv/reviewsimg/sony-ericsson-w8/thumb.jpg,
Nokia N9 hands-on,https://www.gsmarena.com/nokia_n9-review-610.php,https://fdn.gsmarena.com/vv/reviewsimg/nokia-n9/preview/thumb.jpg,
LG Optimus 3D preview,https://www.gsmarena.com/lg_optimus_3d-review-609.php,https://fdn.gsmarena.com/vv/reviewsimg/lg-optimus-3d/review/thumb1.jpg,
HTC Sensation vs. Galaxy S II vs. Optimus 2X,https://www.gsmarena.com/htc_sensation_vs_galaxy_sii_vs_optimus_2x-review-608.php,https://fdn.gsmarena.com/vv/reviewsimg/htc-sensation-head-to-head/thumb2.jpg,
Samsung Galaxy Tab 10.1 preview,https://www.gsmarena.com/samsung_galaxy_tab_10_1-review-607.php,https://fdn.gsmarena.com/vv/reviewsimg/samsung-galaxy-tab-101/thumb.jpg,
Apple iOS 5 review,https://www.gsmarena.com/apple_ios_5-review-606.php,https://fdn.gsmarena.com/vv/reviewsimg/apple-ios-5/preview/thumb4.jpg,
HTC Sensation review,https://www.gsmarena.com/htc_sensation-review-605.php,https://fdn.gsmarena.com/vv/reviewsimg/htc-sensation/thumb.jpg,
Samsung Galaxy S i9001 Plus preview,https://www.gsmarena.com/samsung_galaxy_s_plus_preview-review-604.php,https://fdn.gsmarena.com/vv/reviewsimg/samsung-galaxy-s-plus/preview/thumb.jpg,
Samsung Galaxy Tab 8.9 preview,https://www.gsmarena.com/samsung_galaxy_tab_8_9_preview-review-603.php,https://fdn.gsmarena.com/vv/reviewsimg/samsung-galaxy-tab-89-3g/thumb.jpg,
Galaxy S II vs. Galaxy S Plus vs. Optimus 2X,https://www.gsmarena.com/galaxy_s_ii_vs_galaxy_s_plus_vs_optimus_2x-review-602.php,https://fdn.gsmarena.com/vv/reviewsimg/dual-core-head-to-head/thumb.jpg,
Samsung Galaxy Pro B7510 review,https://www.gsmarena.com/samsung_galaxy_pro_b7510-review-601.php,https://fdn.gsmarena.com/vv/reviewsimg/samsung-galaxy-pro-b7510/review/thumb4.jpg,
Motorola XOOM review,https://www.gsmarena.com/motorola_xoom-review-600.php,https://fdn.gsmarena.com/vv/reviewsimg/motorola-xoom-mz601/thumb.jpg,
Samsung Infuse 4G review,https://www.gsmarena.com/samsung_i997_infuse_4g-review-599.php,https://fdn.gsmarena.com/vv/reviewsimg/samsung-i997-infuse-4g/thumb.jpg,
HTC Wildfire S review,https://www.gsmarena.com/htc_wildfire_s-review-598.php,https://fdn.gsmarena.com/vv/reviewsimg/htc-wildfire-s/review/thumb.jpg,
Samsung I9100 Galaxy S II review,https://www.gsmarena.com/samsung_i9100_galaxy_s_ii-review-597.php,https://fdn.gsmarena.com/vv/reviewsimg/samsung-i9100-galaxy-s-ii/review/thumb3.jpg,
LG Optimus Black review,https://www.gsmarena.com/lg_optimus_black_p970-review-596.php,https://fdn.gsmarena.com/vv/reviewsimg/lg-optimus-black/review/thumb.jpg,
Sony Ericsson XPERIA Neo review,https://www.gsmarena.com/sony_ericsson_xperia_neo-review-595.php,https://fdn.gsmarena.com/vv/reviewsimg/sony-ericsson-xperia-neo/review/thumb2.jpg,
Samsung Galaxy Gio S5660 review,https://www.gsmarena.com/samsung_galaxy_gio_s5660-review-594.php,https://fdn.gsmarena.com/vv/reviewsimg/samsung-galaxy-gio-s5660/review/thumb2.jpg,
LG Optimus Black display shootout,https://www.gsmarena.com/nova_display_test-review-593.php,https://fdn.gsmarena.com/vv/reviewsimg/nova-display-test/thumb.jpg,
Mobile phone usage report 2011,https://www.gsmarena.com/mobile_phone_usage_survey-review-592.php,https://fdn.gsmarena.com/vv/reviewsimg/phone-usage-report/thumb2.jpg,
Sony Ericsson XPERIA Play review,https://www.gsmarena.com/sony_ericsson_xperia_play-review-591.php,https://fdn.gsmarena.com/vv/reviewsimg/sony-ericsson-xperia-play/review/thumb.jpg,
HTC Desire S review,https://www.gsmarena.com/htc_desire_s-review-590.php,https://fdn.gsmarena.com/vv/reviewsimg/htc-desire-s/thumb.jpg,
Motorola Atrix 4G review,https://www.gsmarena.com/motorola_atrix_4g-review-589.php,https://fdn.gsmarena.com/vv/reviewsimg/motorola-atrix/review/thumb.jpg,
Samsung I9100 Galaxy S II preview,https://www.gsmarena.com/samsung_i9100_galaxy_s_ii-review-588.php,https://fdn.gsmarena.com/vv/reviewsimg/samsung-i9100-galaxy-s-ii/preview/thumb4.jpg,
Nokia E6 hands-on,https://www.gsmarena.com/nokia_e6-review-587.php,https://fdn.gsmarena.com/vv/reviewsimg/nokia-e6-00/preview/thumb4.jpg,
HTC 2011 event coverage,https://www.gsmarena.com/htc_london_2011-review-586.php,https://fdn.gsmarena.com/vv/reviewsimg/htc-event-london-2011/thumb.jpg,
Samsung Galaxy S II vs LG Optimus 2X,https://www.gsmarena.com/samsung_galaxy_s_ii_vs_lg_optimus_2x-review-585.php,https://fdn.gsmarena.com/vv/reviewsimg/samsung-i9100-galaxy-s-ii/comparison/thumb2.jpg,
Sony Ericsson XPERIA Arc review,https://www.gsmarena.com/sony_ericsson_xperia_arc-review-584.php,https://fdn.gsmarena.com/vv/reviewsimg/sony-ericsson-xperia-arc/review/thumb4.jpg,
Sony Ericsson XPERIA Arc April joke,https://www.gsmarena.com/sony_ericsson_xperia_arc_april_joke-review-583.php,https://fdn.gsmarena.com/vv/reviewsimg/sony-ericsson-xperia-arc/review/thumb3.jpg,
Sony Ericsson XPERIA Play preview,https://www.gsmarena.com/sony_ericsson_xperia_play-review-582.php,https://fdn.gsmarena.com/vv/reviewsimg/sony-ericsson-xperia-play/preview/thumb.jpg,
Apple iPad 2 review,https://www.gsmarena.com/apple_ipad_2-review-581.php,https://fdn.gsmarena.com/vv/reviewsimg/apple-ipad-2/thumb5.jpg,
HTC Incredible S review,https://www.gsmarena.com/htc_incredible_s-review-580.php,https://fdn.gsmarena.com/vv/reviewsimg/htc-incredible-s/thumb2.jpg,
Nokia C2-01 review,https://www.gsmarena.com/nokia_c2_01-review-579.php,https://fdn.gsmarena.com/vv/reviewsimg/nokia-c2-01/thumb2.jpg,
Samsung Galaxy Mini S5570 review,https://www.gsmarena.com/samsung_galaxy_mini_s5570-review-578.php,https://fdn.gsmarena.com/vv/reviewsimg/samsung-galaxy-mini-s5570/review/thumb_003.jpg,
Sony Ericsson Xperia Neo preview,https://www.gsmarena.com/sony_ericsson_xperia_neo-review-577.php,https://fdn.gsmarena.com/vv/reviewsimg/sony-ericsson-xperia-neo/preview/thumb5.jpg,
Samsung S3850 Corby II preview,https://www.gsmarena.com/samsung_s3850_corby_ii-review-576.php,https://fdn.gsmarena.com/vv/reviewsimg/samsung-s3850-corby-ii/thumb.jpg,
Nokia E7 review,https://www.gsmarena.com/nokia_e7-review-575.php,https://fdn.gsmarena.com/vv/reviewsimg/nokia-e7/thumb2.jpg,
Samsung S5260 Star II review,https://www.gsmarena.com/samsung_s5260_star_ii-review-574.php,https://fdn.gsmarena.com/vv/reviewsimg/samsung-s5260/review/thumb.jpg,
Samsung Galaxy Ace S5830 review,https://www.gsmarena.com/samsung_galaxy_ace_s5830-review-573.php,https://fdn.gsmarena.com/vv/reviewsimg/samsung-galaxy-ace-s5830/review/thumb.jpg,
HTC overview,https://www.gsmarena.com/mwc_2011_htc-review-572.php,https://fdn.gsmarena.com/vv/reviewsimg/mwc-11-htc/thumb2.jpg,
Motorola overview,https://www.gsmarena.com/mwc_2011_motorola-review-571.php,https://fdn.gsmarena.com/vv/reviewsimg/mwc-11-motorola/thumb.jpg,
HP overview,https://www.gsmarena.com/mwc_2011_hp-review-570.php,https://fdn.gsmarena.com/vv/reviewsimg/mwc-11-hp/thumb2.jpg,
LG overview,https://www.gsmarena.com/mwc_2011_lg-review-569.php,https://fdn.gsmarena.com/vv/reviewsimg/mwc-11-lg/thumb.jpg,
Various brands overview,https://www.gsmarena.com/mwc_2011_various_brands-review-568.php,https://fdn.gsmarena.com/vv/reviewsimg/mwc-2011-various/thumb2.jpg,
Samsung overview,https://www.gsmarena.com/mwc_2011_samsung-review-567.php,https://fdn.gsmarena.com/vv/reviewsimg/mwc-11-samsung/thumb1.jpg,
Sony Ericsson overiew,https://www.gsmarena.com/mwc_2011_sony_ericsson-review-566.php,https://fdn.gsmarena.com/vv/reviewsimg/mwc-2011-se-event/thumb4.jpg,
Samsung Google Nexus S review,https://www.gsmarena.com/google_nexus_s-review-565.php,https://fdn.gsmarena.com/vv/reviewsimg/google-nexus-s/thumb.jpg,
LG Optimus 2X review,https://www.gsmarena.com/lg_optimus_2x-review-564.php,https://fdn.gsmarena.com/vv/reviewsimg/lg-optimus-2x/optimus-2x-thumb.jpg,
Nokia X2-01 review,https://www.gsmarena.com/nokia_x2_01-review-563.php,https://fdn.gsmarena.com/vv/reviewsimg/nokia-x2-01/thumb.jpg,
Samsung I9003 Galaxy SL review,https://www.gsmarena.com/samsung_i9003_galaxy_sl-review-562.php,https://fdn.gsmarena.com/vv/reviewsimg/samsung-i9003-galaxy-sl/thumb2.jpg,
LG Optimus 2X first encounter,https://www.gsmarena.com/lg_optimus_2x-review-561.php,https://fdn.gsmarena.com/vv/reviewsimg/lg-optimus-2x/preview/thumb.jpg,
Samsung Galaxy Mini S5570 Preview,https://www.gsmarena.com/samsung_galaxy_mini_s5570-review-560.php,https://fdn.gsmarena.com/vv/reviewsimg/samsung-galaxy-mini-s5570/preview/thumb_002.jpg,
Motorola MILESTONE 2 review,https://www.gsmarena.com/motorola_milesone_2-review-559.php,https://fdn.gsmarena.com/vv/reviewsimg/motorola-milestone-2/thumb.jpg,
Samsung Galaxy Ace S5830 preview,https://www.gsmarena.com/samsung_galaxy_ace_s5830-review-558.php,https://fdn.gsmarena.com/vv/reviewsimg/samsung-galaxy-ace-s5830/preview/thumb.jpg,
Samsung Galaxy 551 review,https://www.gsmarena.com/samsung_galaxy_551-review-557.php,https://fdn.gsmarena.com/vv/reviewsimg/samsung-galaxy-551/thumb04.jpg,
BlackBerry Bold 9780 review,https://www.gsmarena.com/blackberry_bold_9780-review-556.php,https://fdn.gsmarena.com/vv/reviewsimg/blackberry-bold-9780/thumb.jpg,
Samsung S5260 Star II preview,https://www.gsmarena.com/samsung_s5260_star_ii-review-555.php,https://fdn.gsmarena.com/vv/reviewsimg/samsung-s5260/preview/thumb2.jpg,
Samsung I9010 Galaxy S Giorgio Armani review,https://www.gsmarena.com/samsung_i9010_galaxy_s_giorgio_armani-review-554.php,https://fdn.gsmarena.com/vv/reviewsimg/samsung-i9010-galaxy-s-giorgio-armani/thumb.jpg,
Sony Ericsson XPERIA Arc preview,https://www.gsmarena.com/sony_ericsson_xperia_arc-review-553.php,https://fdn.gsmarena.com/vv/reviewsimg/sony-ericsson-xperia-arc/preview/thumb1.jpg,
HTC Gratia review,https://www.gsmarena.com/htc_gratia-review-552.php,https://fdn.gsmarena.com/vv/reviewsimg/htc-gratia/thumb.jpg,
Bluetooth 3.0 and Wireless N speed test,https://www.gsmarena.com/wireless_n_bluetooth_3_speed_test-review-551.php,https://fdn.gsmarena.com/vv/reviewsimg/bt-30-wifi-n/thumb.jpg,
Nokia C3-01 Touch and Type review,https://www.gsmarena.com/nokia_c3_01-review-550.php,https://fdn.gsmarena.com/vv/reviewsimg/nokia-c3-01/thumb1.jpg,
Sony Ericsson Yendo review,https://www.gsmarena.com/sony_ericsson_yendo-review-549.php,https://fdn.gsmarena.com/vv/reviewsimg/sony-ericsson-yendo/review/thumb.jpg,
Nokia C5-03 review,https://www.gsmarena.com/nokia_c5_03-review-548.php,https://fdn.gsmarena.com/vv/reviewsimg/nokia-c5-03/thumb.jpg,
LG Cookie Lite T300 and LG Cookie 3G T320 preview,https://www.gsmarena.com/lg_cookie_lite_t300_cookie_3g_t320-review-547.php,https://fdn.gsmarena.com/vv/reviewsimg/lg-cookie-t300/thumb-3.jpg,
Motorola DEFY review,https://www.gsmarena.com/motorola_defy-review-546.php,https://fdn.gsmarena.com/vv/reviewsimg/motorola-defy/review/thumb.jpg,
HTC 7 Mozart review,https://www.gsmarena.com/htc_7_mozart-review-545.php,https://fdn.gsmarena.com/vv/reviewsimg/htc-7-mozart/thumb3.jpg,
LG Optimus One P500 review,https://www.gsmarena.com/lg_optimus_one_p500-review-544.php,https://fdn.gsmarena.com/vv/reviewsimg/lg-optimus-one-p500/thumb.jpg,
Our 2010 holiday gift guide,https://www.gsmarena.com/holiday_gift_guide-review-543.php,https://fdn.gsmarena.com/vv/reviewsimg/gift-guide-2010/thumb.jpg,
HTC HD7 review,https://www.gsmarena.com/htc_hd7-review-542.php,https://fdn.gsmarena.com/vv/reviewsimg/htc-hd7/thumb2.jpg,
Mobile phone display mega shootout,https://www.gsmarena.com/display_shootout-review-541.php,https://fdn.gsmarena.com/vv/reviewsimg/display-shootout/thumb.jpg,
HTC 7 Trophy review,https://www.gsmarena.com/htc_7_trophy-review-540.php,https://fdn.gsmarena.com/vv/reviewsimg/htc-trophy/thumb8.jpg,
Zune software review,https://www.gsmarena.com/zune_software-review-539.php,https://fdn.gsmarena.com/vv/reviewsimg/zune-review/thumb.jpg,
Samsung S8530 Wave II review,https://www.gsmarena.com/samsung_s8530_wave_ii-review-538.php,https://fdn.gsmarena.com/vv/reviewsimg/samsung-s8530-wave-ii/thumb0.jpg,
Nokia C6-01 review,https://www.gsmarena.com/nokia_c6_01-review-537.php,https://fdn.gsmarena.com/vv/reviewsimg/nokia-c6-01/thumb.jpg,
Sony Ericsson XPERIA X10 (Android 2.1) review,https://www.gsmarena.com/sony_ericsson_xperia_x10-review-536.php,https://fdn.gsmarena.com/vv/reviewsimg/sony-ericsson-xperia-x10/eclair/thumb2.jpg,
HTC Desire Z review,https://www.gsmarena.com/htc_desire_z-review-535.php,https://fdn.gsmarena.com/vv/reviewsimg/htc-desire-z/thumb.jpg,
HTC Desire HD review,https://www.gsmarena.com/htc_desire_hd-review-534.php,https://fdn.gsmarena.com/vv/reviewsimg/htc-desire-hd/thumb.jpg,
LG E900 Optimus 7 review,https://www.gsmarena.com/lg_e900_optimus_7-review-533.php,https://fdn.gsmarena.com/vv/reviewsimg/lg-e900-optimus-7/thumb.jpg,
Samsung S7230E Wave 723 review,https://www.gsmarena.com/samsung_s7230e_wave_723-review-532.php,https://fdn.gsmarena.com/vv/reviewsimg/samsung-s7230e-wave-723/thumb4.jpg,
Dell Streak review,https://www.gsmarena.com/dell_streak-review-531.php,https://fdn.gsmarena.com/vv/reviewsimg/dell-streak/thumb3.jpg,
Nokia C7 review,https://www.gsmarena.com/nokia_c7-review-530.php,https://fdn.gsmarena.com/vv/reviewsimg/nokia-c7/thumb4.jpg,
Nokia X5-01 review,https://www.gsmarena.com/nokia_x5_01-review-529.php,https://fdn.gsmarena.com/vv/reviewsimg/nokia-x5-01/review/thumb0.jpg,
Nokia X3-02 Touch and Type review,https://www.gsmarena.com/nokia_x3_02-review-528.php,https://fdn.gsmarena.com/vv/reviewsimg/nokia-x3-02/thumb.jpg,
Samsung Galaxy Tab review,https://www.gsmarena.com/samsung_p1000_galaxy_tab-review-527.php,https://fdn.gsmarena.com/vv/reviewsimg/samsung-p1000-galaxy-tab/review/thumb2.jpg,
Nokia 5250 review,https://www.gsmarena.com/nokia_5250-review-526.php,https://fdn.gsmarena.com/vv/reviewsimg/nokia-5250/thumb00.jpg,
Sony Ericsson X8 review,https://www.gsmarena.com/sony_ericsson_xperia_x8_-review-525.php,https://fdn.gsmarena.com/vv/reviewsimg/sony-ericsson-xperia-x8/review/thumb.jpg,
Nokia X2 review,https://www.gsmarena.com/nokia_x2-review-524.php,https://fdn.gsmarena.com/vv/reviewsimg/nokia-x2/thumb.jpg,
Nokia N8 review,https://www.gsmarena.com/nokia_n8-review-523.php,https://fdn.gsmarena.com/vv/reviewsimg/nokia-n8/review/thumb.jpg,
Samsung I8700 Omnia 7 review,https://www.gsmarena.com/samsung_i8700_omnia_7-review-522.php,https://fdn.gsmarena.com/vv/reviewsimg/samsung-i8700-omnia-7/thumb.jpg,
Windows Phone 7 OS review,https://www.gsmarena.com/windows_phone_7-review-521.php,https://fdn.gsmarena.com/vv/reviewsimg/windows-phone-7/thumb1.jpg,
Nokia N8 preview,https://www.gsmarena.com/nokia_n8-review-520.php,https://fdn.gsmarena.com/vv/reviewsimg/nokia-n8/preview/thumb.jpg,
Nokia N8 vs. Samsung Pixon12 vs. Sony HX5,https://www.gsmarena.com/nokia_n8_vs_samsung_pixon12_vs_sony_dsc_hx5v-review-519.php,https://fdn.gsmarena.com/vv/reviewsimg/nokia-n8-blind-test/thumb04.jpg,
BlackBerry Pearl 3G 9105 review,https://www.gsmarena.com/blackberry_pearl_3g_9105-review-515.php,https://fdn.gsmarena.com/vv/reviewsimg/blackberry-pearl-3g-9105/thumb_01.jpg,
Motorola Flipout review,https://www.gsmarena.com/motorola_flipout-review-518.php,https://fdn.gsmarena.com/vv/reviewsimg/motorola-flipout/thumb4.jpg,
Nokia C1-00 review,https://www.gsmarena.com/nokia_c1_00-review-517.php,https://fdn.gsmarena.com/vv/reviewsimg/nokia-c1-00/thumb.jpg,
BlackBerry Torch 9800 review,https://www.gsmarena.com/blackberry_torch_9800-review-516.php,https://fdn.gsmarena.com/vv/reviewsimg/blackberry-torch-9800/thumb2.jpg,
LG Viewty Snap and Viewty Smile review,https://www.gsmarena.com/lg_gm360_viewty_snap_gt400_viewty_smile-review-514.php,https://fdn.gsmarena.com/vv/reviewsimg/lg-viewty-snap-smile-preview/thumb.jpg,
Samsung I5500 Galaxy 5 review,https://www.gsmarena.com/samsung_i5500_galaxy_5-review-513.php,https://fdn.gsmarena.com/vv/reviewsimg/samsung-i5500-galaxy-5/thumb.jpg,
HTC 2010 event coverage,https://www.gsmarena.com/htc_london_2010-review-512.php,https://fdn.gsmarena.com/vv/reviewsimg/htc-london-2010/thumb.jpg,
Nokia World 2010 live coverage,https://www.gsmarena.com/nokia_world_2010-review-511.php,https://fdn.gsmarena.com/vv/reviewsimg/nokia-world-2010/thumb_03.jpg,
Samsung C3300K Champ review,https://www.gsmarena.com/samsung_c3300k_champ-review-510.php,https://fdn.gsmarena.com/vv/reviewsimg/samsung-c3300k-champ/thumb3.jpg,
LG GD550 Pure review,https://www.gsmarena.com/lg_gd550_pure-review-509.php,https://fdn.gsmarena.com/vv/reviewsimg/lg-gd550/thumb2.jpg,
Samsung P1000 Galaxy Tab preview,https://www.gsmarena.com/samsung_galaxy_tab-review-508.php,https://fdn.gsmarena.com/vv/reviewsimg/samsung-p1000-galaxy-tab/thumb2.jpg,
Fashion phones overview,https://www.gsmarena.com/fashion_phones_overview-review-507.php,https://fdn.gsmarena.com/vv/reviewsimg/fashion-phones-overview/thumb2.jpg,
HTC Aria review,https://www.gsmarena.com/htc_aria-review-506.php,https://fdn.gsmarena.com/vv/reviewsimg/htc-aria/review/thumb-aria-2.jpg,
Motorola MILESTONE XT720 review,https://www.gsmarena.com/motorola_milestone_xt720-review-505.php,https://fdn.gsmarena.com/vv/reviewsimg/motorola-milestone-xt720/thumb1.jpg,
Nokia E5 review,https://www.gsmarena.com/nokia_e5-review-504.php,https://fdn.gsmarena.com/vv/reviewsimg/nokia-e5/thumb3.jpg,
Samsung B7722 review,https://www.gsmarena.com/samsung_b7722-review-503.php,https://fdn.gsmarena.com/vv/reviewsimg/samsung-b7722/review/thumb.jpg,
Samsung Galaxy 3 and Galaxy Apollo review,https://www.gsmarena.com/samsung_i5800_galaxy_3-review-502.php,https://fdn.gsmarena.com/vv/reviewsimg/samsung-i5800/review/thumb2.jpg,
Mobile phones evolution,https://www.gsmarena.com/mobile_phones_evolution_features-review-501.php,https://fdn.gsmarena.com/vv/reviewsimg/evolution-2/thumb.jpg,
Samsung Galaxy S vs. Apple iPhone 4,https://www.gsmarena.com/samsung_i9000_galaxy_s_vs_apple_iphone_4-review-500.php,https://fdn.gsmarena.com/vv/reviewsimg/samsung-galaxy-s-vs-iphone-4/thumb.jpg,
Acer Stream review,https://www.gsmarena.com/acer_stream-review-499.php,https://fdn.gsmarena.com/vv/reviewsimg/acer-stream/thumb04.jpg,
Sony Ericsson Zylo review,https://www.gsmarena.com/sony_ericsson_zylo-review-498.php,https://fdn.gsmarena.com/vv/reviewsimg/sonyericsson-zylo/review/thumb000.jpg,
Nokia C6 review,https://www.gsmarena.com/nokia_c6_review-review-497.php,https://fdn.gsmarena.com/vv/reviewsimg/nokia-c6/review/thumb_002.jpg,
Mobile phones go scalp hunting,https://www.gsmarena.com/mobile_phones_evolution_the_red_list-review-496.php,https://fdn.gsmarena.com/vv/reviewsimg/the-red-list/thumb4.jpg,
HTC Wildfire review,https://www.gsmarena.com/htc_wildfire-review-495.php,https://fdn.gsmarena.com/vv/reviewsimg/htc-wildfire/thumb02.jpg,
Nokia C3 review,https://www.gsmarena.com/nokia_c3-review-494.php,https://fdn.gsmarena.com/vv/reviewsimg/nokia-c3/review/thumb1.jpg,
Mobile phone evolution,https://www.gsmarena.com/mobile_phone_evolution-review-493.php,https://fdn.gsmarena.com/vv/reviewsimg/shapes-and-sizes-study/thumb1.jpg,
Sony Ericsson Aspen review,https://www.gsmarena.com/sony_ericsson_aspen-review-492.php,https://fdn.gsmarena.com/vv/reviewsimg/sony-ericsson-aspen/thumb1.jpg,
Sony Ericsson XPERIA X10 mini pro review,https://www.gsmarena.com/sony_ericsson_xperia_x10_mini_pro-review-491.php,https://fdn.gsmarena.com/vv/reviewsimg/sony-ericsson-xperia-x10-mini-pro/thumb.jpg,
Apple iPhone 4 review,https://www.gsmarena.com/apple_iphone_4-review-490.php,https://fdn.gsmarena.com/vv/reviewsimg/apple-iphone-4/review/thumb.jpg,
Apple iOS 4 review,https://www.gsmarena.com/apple_ios4-review-489.php,https://fdn.gsmarena.com/vv/reviewsimg/apple-ios4-review/thumb.jpg,
Sony Ericsson XPERIA X8 preview,https://www.gsmarena.com/sony_ericsson_xperia_x8-review-488.php,https://fdn.gsmarena.com/vv/reviewsimg/sony-ericsson-xperia-x8/thumb01.jpg,
Gigabyte GSmart S1205 review,https://www.gsmarena.com/gigabyte_gsmart_s1205-review-487.php,https://fdn.gsmarena.com/vv/reviewsimg/gigabyte-gsmart-s1205-cougar/thumb.jpg,
Samsung I5800 Galaxy 3 preview,https://www.gsmarena.com/samsung_i5800_galaxy_3-review-486.php,https://fdn.gsmarena.com/vv/reviewsimg/samsung-i5800/preview/thumb.jpg,
Nokia 5330 Mobile TV Edition review,https://www.gsmarena.com/nokia_5330_mobile_tv_edition-review-485.php,https://fdn.gsmarena.com/vv/reviewsimg/nokia-5330-mobile-tv-edition/thumb0.jpg,
Nokia 2710 Navigation Edition review,https://www.gsmarena.com/nokia_2710_navigation_edition-review-484.php,https://fdn.gsmarena.com/vv/reviewsimg/nokia-2710-navigation-edition/review/thumb00.jpg,
HTC Smart review,https://www.gsmarena.com/htc_smart-review-483.php,https://fdn.gsmarena.com/vv/reviewsimg/htc-smart/thumb.jpg,
Sony Ericsson Vivaz pro review,https://www.gsmarena.com/sony_ericsson_vivaz_pro-review-482.php,https://fdn.gsmarena.com/vv/reviewsimg/sony-ericsson-vivaz-pro/thumb04.jpg,
Sony Ericsson XPERIA X10 mini review,https://www.gsmarena.com/sony_ericsson_xperia_x10_mini-review-481.php,https://fdn.gsmarena.com/vv/reviewsimg/sony-ericsson-xperia-x10-mini/review/thumb.jpg,
Samsung S8500 Wave review,https://www.gsmarena.com/samsung_s8500_wave-review-480.php,https://fdn.gsmarena.com/vv/reviewsimg/samsung-s8500-wave/review/thumb5.jpg,
LG KM570 Cookie Gig review,https://www.gsmarena.com/lg_km570_cookie_gig-review-479.php,https://fdn.gsmarena.com/vv/reviewsimg/lg-km570-cookie-gig/thumb2.jpg,
Samsung I9000 Galaxy S review,https://www.gsmarena.com/samsung_i9000_galaxy_s-review-478.php,https://fdn.gsmarena.com/vv/reviewsimg/samsung-i9000-galaxy-s/review/thumb2.jpg,
Sony Ericsson Hazel review,https://www.gsmarena.com/sony_ericsson_hazel-review-477.php,https://fdn.gsmarena.com/vv/reviewsimg/sony-ericsson-hazel/review/thumb0.jpg,
An interview with Damian Dinning,https://www.gsmarena.com/nokia_n8_camera-review-476.php,https://fdn.gsmarena.com/vv/reviewsimg/d-dinning-interview/thumb.jpg,
Samsung S5620 Monte review,https://www.gsmarena.com/samsung_s5620_monte-review-475.php,https://fdn.gsmarena.com/vv/reviewsimg/samsung-s5620/review/thumb2.jpg,
Nokia C5 review,https://www.gsmarena.com/nokia_c5-review-474.php,https://fdn.gsmarena.com/vv/reviewsimg/nokia-c5/thumb.jpg,
Nokia 6700 slide review,https://www.gsmarena.com/nokia_6700_slide-review-473.php,https://fdn.gsmarena.com/vv/reviewsimg/nokia-6700-slide/thumb4.jpg,
LG GT540 Optimus review,https://www.gsmarena.com/lg_gt540_optimus-review-472.php,https://fdn.gsmarena.com/vv/reviewsimg/lg-gt540-optimus/thumb03.jpg,
LG GD880 Mini review,https://www.gsmarena.com/lg_gd880_mini-review-471.php,https://fdn.gsmarena.com/vv/reviewsimg/lg-gd880-mini/review/thumb.jpg,
HTC HD mini review,https://www.gsmarena.com/htc_hd_mini-review-470.php,https://fdn.gsmarena.com/vv/reviewsimg/htc-hd-mini/thumb.jpg,
Nokia 6303i classic review,https://www.gsmarena.com/nokia_6303i_classic-review-469.php,https://fdn.gsmarena.com/vv/reviewsimg/nokia-6303i-classic/thumb.jpg,
HTC Desire review,https://www.gsmarena.com/htc_desire-review-468.php,https://fdn.gsmarena.com/vv/reviewsimg/htc-desire/review/thumb.jpg,
Samsung I9000 Galaxy S preview,https://www.gsmarena.com/samsung_i9000_galaxy_s-review-467.php,https://fdn.gsmarena.com/vv/reviewsimg/samsung-i9000-galaxy-s/preview/thumb2.jpg,
Sony Ericsson Elm,https://www.gsmarena.com/sony_ericsson_elm-review-466.php,https://fdn.gsmarena.com/vv/reviewsimg/sony-ericsson-elm/review/thumb2.jpg,
Sony Ericsson XPERIA X10 review,https://www.gsmarena.com/sony_ericsson_xperia_x10-review-463.php,https://fdn.gsmarena.com/vv/reviewsimg/sony-ericsson-xperia-x10/review/thumb.jpg,
Samsung I5700 Galaxy Spica review,https://www.gsmarena.com/samsung_i5700_galaxy_spica-review-465.php,https://fdn.gsmarena.com/vv/reviewsimg/samsung-i5700-galaxy-spica/review/thumb2.jpg,
LG GW620 review,https://www.gsmarena.com/lg_gw620-review-464.php,https://fdn.gsmarena.com/vv/reviewsimg/lg-gw620/review/thumb.jpg,
HTC Legend review,https://www.gsmarena.com/htc_legend-review-462.php,https://fdn.gsmarena.com/vv/reviewsimg/htc-legend/thumb02.jpg,
Motorola BACKFLIP review,https://www.gsmarena.com/motorola_backflip-review-461.php,https://fdn.gsmarena.com/vv/reviewsimg/motorola-backflip/thumb2.jpg,
HTC Tattoo review,https://www.gsmarena.com/htc_tattoo-review-460.php,https://fdn.gsmarena.com/vv/reviewsimg/htc-tattoo/thumb1.jpg,
Sony Ericsson XPERIA Pureness review,https://www.gsmarena.com/sony_ericsson_xperia_pureness-review-459.php,https://fdn.gsmarena.com/vv/reviewsimg/sony-ericsson-xperia-pureness/thumb02.jpg,
Sony Ericsson XPERIA X10 mini preview,https://www.gsmarena.com/sony_ericsson_xperia_x10_mini-review-458.php,https://fdn.gsmarena.com/vv/reviewsimg/sony-ericsson-xperia-x10-mini/thumb.jpg,
Samsung S8500 Wave preview,https://www.gsmarena.com/samsung_s8500_wave-review-450.php,https://fdn.gsmarena.com/vv/reviewsimg/samsung-s8500/thumb2.jpg,
Google Nexus One review,https://www.gsmarena.com/google_nexus_one-review-457.php,https://fdn.gsmarena.com/vv/reviewsimg/google-nexus-one/thumb.jpg,
Microsoft Windows Phone 7 Series,https://www.gsmarena.com/mwc_2010_microsoft_windows_phone_7-review-455.php,https://fdn.gsmarena.com/vv/reviewsimg/mwc-10-microsoft/thumb01.jpg,
HTC overview,https://www.gsmarena.com/mwc_2010_htc-review-456.php,https://fdn.gsmarena.com/vv/reviewsimg/mwc-10-htc/thumb01.jpg,
LG overview,https://www.gsmarena.com/mwc_2010_lg-review-454.php,https://fdn.gsmarena.com/vv/reviewsimg/mwc-10-lg/thumb.jpg,
Various brands overview,https://www.gsmarena.com/mwc_2010_various_brands-review-453.php,https://fdn.gsmarena.com/vv/reviewsimg/mwc-10-various/thumb06.jpg,
Samsung overview,https://www.gsmarena.com/mwc_2010_samsung-review-452.php,https://fdn.gsmarena.com/vv/reviewsimg/mwc-10-samsung/thumb03.jpg,
Sony Ericsson overview,https://www.gsmarena.com/mwc_2010_sony_ericsson-review-451.php,https://fdn.gsmarena.com/vv/reviewsimg/mwc-10-se/thumb03.jpg,
LG GD880 Mini preview,https://www.gsmarena.com/lg_gd880_mini-review-449.php,https://fdn.gsmarena.com/vv/reviewsimg/lg-gd880-mini/preview/thumb_001.jpg,
Touch web browser mega shootout,https://www.gsmarena.com/browser_shootout-review-448.php,https://fdn.gsmarena.com/vv/reviewsimg/browser-shootout/thumb.jpg,
Sony Ericsson Vivaz review,https://www.gsmarena.com/sony_ericsson_vivaz-review-447.php,https://fdn.gsmarena.com/vv/reviewsimg/sony-ericsson-vivaz/thumb.jpg,
Samsung S5620 Monte preview,https://www.gsmarena.com/samsung_s5620_monte-review-446.php,https://fdn.gsmarena.com/vv/reviewsimg/samsung-s5620/preview/thumb.jpg,
Acer Liquid review,https://www.gsmarena.com/acer_liquid-review-445.php,https://fdn.gsmarena.com/vv/reviewsimg/acer-liquid/review/thumb.jpg,
Sony Ericsson Yari review,https://www.gsmarena.com/sony_ericsson_yari-review-444.php,https://fdn.gsmarena.com/vv/reviewsimg/sony-ericsson-yari/review/thumb.jpg,
Sony Ericsson XPERIA X2 review,https://www.gsmarena.com/sony_ericsson_xperia_x2-review-443.php,https://fdn.gsmarena.com/vv/reviewsimg/sony-ericsson-xperia-x2/review/thumb.jpg,
Nokia 2730 classic review,https://www.gsmarena.com/nokia_2730_classic-review-442.php,https://fdn.gsmarena.com/vv/reviewsimg/nokia-2730-classic/thumb.jpg,
Motorola MILESTONE review,https://www.gsmarena.com/motorola_milestone-review-441.php,https://fdn.gsmarena.com/vv/reviewsimg/motorola-milestone/review/thumb1.jpg,
Samsung B5310 CorbyPRO review,https://www.gsmarena.com/samsung_b5310_corbypro-review-440.php,https://fdn.gsmarena.com/vv/reviewsimg/samsung-b5310-corbypro/review/thumb.jpg,
Nokia X6 review,https://www.gsmarena.com/nokia_x6-review-439.php,https://fdn.gsmarena.com/vv/reviewsimg/nokia-x6/thumb.jpg,
Samsung S5550 Shark 2 preview,https://www.gsmarena.com/samsung_s5550_shark2-review-438.php,https://fdn.gsmarena.com/vv/reviewsimg/samsung-s5550-shark2/preview/thumb01.jpg,
Samsung M5650 Lindy review,https://www.gsmarena.com/samsung_m5650_lindy-review-437.php,https://fdn.gsmarena.com/vv/reviewsimg/samsung-m5650-lindy/review/thumb2.jpg,
BlackBerry Storm2 9520 review,https://www.gsmarena.com/blackberry_storm2_9520-review-436.php,https://fdn.gsmarena.com/vv/reviewsimg/blackberry-storm2-9520/thumb1.jpg,
LG GW300 review,https://www.gsmarena.com/lg_gw300-review-435.php,https://fdn.gsmarena.com/vv/reviewsimg/lg-gw300/thumb.jpg,
Motorola MILESTONE preview,https://www.gsmarena.com/motorola_milestone-review-434.php,https://fdn.gsmarena.com/vv/reviewsimg/motorola-milestone/preview/ofic/thumb.jpg,
Sony Ericsson Hazel preview,https://www.gsmarena.com/sony_ericsson_hazel-review-433.php,https://fdn.gsmarena.com/vv/reviewsimg/sony-ericsson-hazel/preview/thumb.jpg,
Sony Ericsson Elm preview,https://www.gsmarena.com/sony_ericsson_elm-review-432.php,https://fdn.gsmarena.com/vv/reviewsimg/sony-ericsson-elm/preview/thumb.jpg,
Nokia X3 review,https://www.gsmarena.com/nokia_x3-review-431.php,https://fdn.gsmarena.com/vv/reviewsimg/nokia-x3/thumb2.jpg,
BlackBerry Curve 8520 review,https://www.gsmarena.com/blackberry_curve_8520-review-430.php,https://fdn.gsmarena.com/vv/reviewsimg/blackberry-curve-8520/thumb.jpg,
Palm Pre review,https://www.gsmarena.com/palm_pre-review-429.php,https://fdn.gsmarena.com/vv/reviewsimg/palm-pre/review/thumb1.jpg,
Samsung S5560 preview,https://www.gsmarena.com/samsung_s5560-review-428.php,https://fdn.gsmarena.com/vv/reviewsimg/samsung-s5560/preview/thumb.jpg,
Nokia 5230 review,https://www.gsmarena.com/nokia_5230-review-427.php,https://fdn.gsmarena.com/vv/reviewsimg/nokia-5230/thumb.jpg,
LG BL20 New Chocolate review,https://www.gsmarena.com/lg_bl20_new_chocolate-review-426.php,https://fdn.gsmarena.com/vv/reviewsimg/lg-bl20/thumb.jpg,
BlackBerry Bold 9700 review,https://www.gsmarena.com/blackberry_bold_9700-review-425.php,https://fdn.gsmarena.com/vv/reviewsimg/blackberry-bold-9700/thumb.jpg,
Sony Ericsson XPERIA X10 preview,https://www.gsmarena.com/sony_ericsson_xperia_x10-review-423.php,https://fdn.gsmarena.com/vv/reviewsimg/sony-ericsson-xperia-x10/preview/thumb2.jpg,
Samsung S7070 Diva preview,https://www.gsmarena.com/samsung_s7070_diva-review-424.php,https://fdn.gsmarena.com/vv/reviewsimg/samsung-s7070/preview/thumb.jpg,
Nokia E72 review,https://www.gsmarena.com/nokia_e72-review-422.php,https://fdn.gsmarena.com/vv/reviewsimg/nokia-e72/thumb.jpg,
Nokia N900 review,https://www.gsmarena.com/nokia_n900-review-421.php,https://fdn.gsmarena.com/vv/reviewsimg/nokia-n900/thumb3.jpg,
Samsung B7610 OmniaPRO review,https://www.gsmarena.com/samsung_b7610_omniapro-review-420.php,https://fdn.gsmarena.com/vv/reviewsimg/samsung-b7610-omniapro/review/thumb_002.jpg,
Nokia N900 preview,https://www.gsmarena.com/nokia_n900-review-419.php,https://fdn.gsmarena.com/vv/reviewsimg/nokia-n900/thumb.jpg,
HTC HD2 review,https://www.gsmarena.com/htc_hd2-review-418.php,https://fdn.gsmarena.com/vv/reviewsimg/htc-hd2-review/thumb.jpg,
Nokia N97 mini review,https://www.gsmarena.com/nokia_n97_mini-review-417.php,https://fdn.gsmarena.com/vv/reviewsimg/nokia-n97-mini/thumb3.jpg,
Nokia 6760 slide review,https://www.gsmarena.com/nokia_6760_slide-review-416.php,https://fdn.gsmarena.com/vv/reviewsimg/nokia-6760-slide/thumb3.jpg,
HTC HD2 preview,https://www.gsmarena.com/htc_hd2-review-415.php,https://fdn.gsmarena.com/vv/reviewsimg/htc-hd2/thumb4.jpg,
Acer neoTouch review,https://www.gsmarena.com/acer_neotouch-review-414.php,https://fdn.gsmarena.com/vv/reviewsimg/acer-neotouch/thumb1.jpg,
Sony Ericsson Aino review,https://www.gsmarena.com/sony_ericsson_aino-review-413.php,https://fdn.gsmarena.com/vv/reviewsimg/se-aino/thumb03.jpg,
Sony Ericsson XPERIA X10 preview,https://www.gsmarena.com/sony_ericsson_xperia_x10-review-412.php,https://fdn.gsmarena.com/vv/reviewsimg/xperia-x10-hands-on/thumb3.jpg,
HTC Touch2 review,https://www.gsmarena.com/htc_touch2-review-411.php,https://fdn.gsmarena.com/vv/reviewsimg/htc-touch2/thumb2.jpg,
Samsung B7300 OmniaLITE review,https://www.gsmarena.com/samsung_b7300_omnialite-review-410.php,https://fdn.gsmarena.com/vv/reviewsimg/samsung-b7300-omnialite/thumb2.jpg,
LG BL40 New Chocolate review,https://www.gsmarena.com/lg_bl40_new_chocolate-review-409.php,https://fdn.gsmarena.com/vv/reviewsimg/lg-bl40-new-chocolate-review/thumb02.jpg,
Sony Ericsson Satio review,https://www.gsmarena.com/sony_ericsson_satio_idou-review-408.php,https://fdn.gsmarena.com/vv/reviewsimg/sony-ericsson-satio/thumb.jpg,
LG GD510 Pop review,https://www.gsmarena.com/lg_gd510_pop-review-407.php,https://fdn.gsmarena.com/vv/reviewsimg/lg-gd510-pop/thumb.jpg,
Sony Ericsson Satio vs. Samsung Pixon12,https://www.gsmarena.com/12mp_shootout_satio_pixon12-review-406.php,https://fdn.gsmarena.com/vv/reviewsimg/12mp-shootout/thumb3.jpg,
Satio vs. Pixon12,https://www.gsmarena.com/12_megapixel_shootout-review-405.php,https://fdn.gsmarena.com/vv/reviewsimg/12mp-shootout-teaser/thumb.jpg,
Samsung I7500 Galaxy review,https://www.gsmarena.com/samsung_i7500_galaxy-review-404.php,https://fdn.gsmarena.com/vv/reviewsimg/samsung-i7500-galaxy/thumb1.jpg,
Windows Mobile 6.5 review,https://www.gsmarena.com/windows_mobile_6_5-review-403.php,https://fdn.gsmarena.com/vv/reviewsimg/winmo-65/thumb.jpg,
Samsung B7620 Giorgio Armani preview,https://www.gsmarena.com/samsung_b7620_giorgio_armani-review-402.php,https://fdn.gsmarena.com/vv/reviewsimg/samsung-b7620-giorgio-armani/thumb.jpg,
Sony Ericsson C901 review,https://www.gsmarena.com/sony_ericsson_c901-review-401.php,https://fdn.gsmarena.com/vv/reviewsimg/sony-ericsson-c901/thumb4.jpg,
Nokia 6600i slide review,https://www.gsmarena.com/nokia_6600i_slide-review-400.php,https://fdn.gsmarena.com/vv/reviewsimg/nokia-6600i-slide/thumb-0.jpg,
The million dollar review,https://www.gsmarena.com/the_million_dollar-review-399.php,https://fdn.gsmarena.com/vv/reviewsimg/million-dollar-review/thumb11.jpg,
Samsung W880 AMOLED 12M preview,https://www.gsmarena.com/samsung_sch_w880_amoled_12m-review-398.php,https://fdn.gsmarena.com/vv/reviewsimg/samsung-w880/thumb4.jpg,
Samsung B5310 CorbyPRO and B3210 CorbyTXT preview,https://www.gsmarena.com/samsung_b5310_corbypro_samsung_b3210_corbytxt-review-397.php,https://fdn.gsmarena.com/vv/reviewsimg/samsung-corby-event/thumb1.jpg,
Nokia E55 review,https://www.gsmarena.com/nokia_e55-review-396.php,https://fdn.gsmarena.com/vv/reviewsimg/nokia-e55/thumb1.jpg,
Samsung B7330 OmniaPRO preview,https://www.gsmarena.com/samsung_b7330_omniapro-review-395.php,https://fdn.gsmarena.com/vv/reviewsimg/samsung-b7330-omniapro-preview/thumb3.jpg,
Samsung S7550 Blue Earth review,https://www.gsmarena.com/samsung_s7550_blue_earth-review-394.php,https://fdn.gsmarena.com/vv/reviewsimg/samsung-s7550-blue-earh/thumb.jpg,
Samsung S3650 Corby review,https://www.gsmarena.com/samsung_s3650_corby-review-393.php,https://fdn.gsmarena.com/vv/reviewsimg/samsung-s3650-corby/thumb.jpg,
Sony Ericsson XPERIA X2 preview,https://www.gsmarena.com/sony_ericsson_xperia_x2-review-392.php,https://fdn.gsmarena.com/vv/reviewsimg/sony-ericsson-xperia-x2-preview/xperia-x2-thumb2.jpg,
LG BL40 New Chocolate preview,https://www.gsmarena.com/lg_bl40_new_chocolate-review-391.php,https://fdn.gsmarena.com/vv/reviewsimg/lg-bl40-new-chocolate/thumb09.jpg,
LG GW520 review,https://www.gsmarena.com/lg_gw520-review-390.php,https://fdn.gsmarena.com/vv/reviewsimg/lg-gw520/thumb.jpg,
Nokia 3720 classic review,https://www.gsmarena.com/nokia_3720_classic-review-389.php,https://fdn.gsmarena.com/vv/reviewsimg/nokia-3720-classic/thumb.jpg,
Samsung I8000 Omnia II review,https://www.gsmarena.com/samsung_i8000_omnia_ii-review-388.php,https://fdn.gsmarena.com/vv/reviewsimg/samsung-i8000-omnia-ii/thumb6.jpg,
Nokia 5530 XpressMusic review,https://www.gsmarena.com/nokia_5530_xpressmusic-review-387.php,https://fdn.gsmarena.com/vv/reviewsimg/nokia-5530-xpressmusic/thumb03.jpg,
Nokia 6710 Navigator review,https://www.gsmarena.com/nokia_6710_navigator-review-386.php,https://fdn.gsmarena.com/vv/reviewsimg/nokia-6710-navigator/thumb01.jpg,
Nokia 5730 XpressMusic review,https://www.gsmarena.com/nokia_5730_xpressmusic-review-385.php,https://fdn.gsmarena.com/vv/reviewsimg/nokia-5730-xpressmusic/thumb05.jpg,
Nokia E52 review,https://www.gsmarena.com/nokia_e52-review-384.php,https://fdn.gsmarena.com/vv/reviewsimg/nokia-e52/thumb2.jpg,
LG GD910 review,https://www.gsmarena.com/lg_gd910-review-383.php,https://fdn.gsmarena.com/vv/reviewsimg/lg-gd910/thumb4.jpg,
HTC Hero review,https://www.gsmarena.com/htc_hero-review-382.php,https://fdn.gsmarena.com/vv/reviewsimg/htc-hero/thumb01.jpg,
Nokia 6720 classic review,https://www.gsmarena.com/nokia_6720_classic-review-381.php,https://fdn.gsmarena.com/vv/reviewsimg/nokia-6720-classic/thumb06.jpg,
Samsung i8910 Omnia HD review,https://www.gsmarena.com/samsung_i8910_omnia_hd-review-380.php,https://fdn.gsmarena.com/vv/reviewsimg/samsung-i8910-omnia-hd-review/thumb_001.jpg,
LG GD900 Crystal review,https://www.gsmarena.com/lg_gd900_crystal-review-379.php,https://fdn.gsmarena.com/vv/reviewsimg/lg-gd900-crystal/thumb.jpg,
Samsung B7610 OmniaPRO preview,https://www.gsmarena.com/samsung_b7610_omniapro-review-378.php,https://fdn.gsmarena.com/vv/reviewsimg/samsung-b7610-omniapro/thumb.jpg,
HTC Magic review,https://www.gsmarena.com/htc_magic-review-377.php,https://fdn.gsmarena.com/vv/reviewsimg/htc-magic/thumb.jpg,
Nokia 6700 classic review,https://www.gsmarena.com/nokia_6700_classic-review-376.php,https://fdn.gsmarena.com/vv/reviewsimg/nokia-6700-classic/thumb1.jpg,
LG GC900 Viewty Smart review,https://www.gsmarena.com/lg_gc900_viewty_smart-review-375.php,https://fdn.gsmarena.com/vv/reviewsimg/lg-gc900-viewty-smart-review/thumb2.jpg,
Samsung S8000 Jet review,https://www.gsmarena.com/samsung_s8000_jet-review-374.php,https://fdn.gsmarena.com/vv/reviewsimg/samsung-s8000-jet/thumb.jpg,
Samsung S5230 Star review,https://www.gsmarena.com/samsung_s5230_star-review-372.php,https://fdn.gsmarena.com/vv/reviewsimg/samsung-s5230-star/thumb-8.jpg,
Samsung M8910 Pixon12 review,https://www.gsmarena.com/samsung_m8910_pixon12-review-371.php,https://fdn.gsmarena.com/vv/reviewsimg/samsung-m8910-pixon12/thumb8.jpg,
Nokia 5630 XpressMusic review,https://www.gsmarena.com/nokia_5630_xpressmusic-review-370.php,https://fdn.gsmarena.com/vv/reviewsimg/nokia-5630-xpressmusic/thumb.jpg,
Apple iPhone 3GS review,https://www.gsmarena.com/apple_iphone_3gs-review-369.php,https://fdn.gsmarena.com/vv/reviewsimg/apple-iphone-3gs/thumb7.jpg,
Samsung M8910 Pixon12 preview 2,https://www.gsmarena.com/samsung_m8910_pixon12-review-368.php,https://fdn.gsmarena.com/vv/reviewsimg/samsung-m8910-pixon12-second-preview/thumb1.jpg,
Samsung M8910 Pixon12 preview 1,https://www.gsmarena.com/samsung_m8910_pixon12-review-367.php,https://fdn.gsmarena.com/vv/reviewsimg/samsung-m8910-pixon12-first-shot/thumb.jpg,
Nokia N86 8MP review,https://www.gsmarena.com/nokia_n86_8mp-review-366.php,https://fdn.gsmarena.com/vv/reviewsimg/nokia-n86-8mp/thumb2.jpg,
HTC MAX 4G review,https://www.gsmarena.com/htc_max_4g_review-review-365.php,https://fdn.gsmarena.com/vv/reviewsimg/htc-max-4g/thumb.jpg,
Nokia N86 8MP preview,https://www.gsmarena.com/nokia_n86_8mp-review-364.php,https://fdn.gsmarena.com/vv/reviewsimg/nokia-n86-8mp-preview/thumb1.jpg,
Nokia N97 review,https://www.gsmarena.com/nokia_n97-review-363.php,https://fdn.gsmarena.com/vv/reviewsimg/nokia-n97/thumb3.jpg,
Samsung I8000 Omnia II preview,https://www.gsmarena.com/samsung_i8000_omnia_2-review-362.php,https://fdn.gsmarena.com/vv/reviewsimg/samsung-i8000-preview/thumb.jpg,
Samsung S8000 Jet preview,https://www.gsmarena.com/samsung_s8000_jet-review-361.php,https://fdn.gsmarena.com/vv/reviewsimg/samsung-s8000-jet-preview/thumb2.jpg,
Samsung M7600 Beat DJ review,https://www.gsmarena.com/samsung_m7600_beat_dj-review-360.php,https://fdn.gsmarena.com/vv/reviewsimg/samsung-m7600-beat-dj/thumb3.jpg,
Nokia 6303 classic review,https://www.gsmarena.com/nokia_6303_classic-review-359.php,https://fdn.gsmarena.com/vv/reviewsimg/nokia-6303-classic/thumb.jpg,
Sony Ericsson Satio (Idou) preview,https://www.gsmarena.com/sony_ericsson_satio_idou-review-358.php,https://fdn.gsmarena.com/vv/reviewsimg/sony-ericsson-idou/thumb.jpg,
HTC Touch Pro2 review,https://www.gsmarena.com/htc_touch_pro2-review-357.php,https://fdn.gsmarena.com/vv/reviewsimg/htc-touch-pro2/thumb0.jpg,
Samsung S7350 Ultra s review,https://www.gsmarena.com/samsung_s7350_ultra_s-review-356.php,https://fdn.gsmarena.com/vv/reviewsimg/samsung-s7350-ultra-s/thumb.jpg,
Sony Ericsson Aino preview,https://www.gsmarena.com/sony_ericsson_aino-review-355.php,https://fdn.gsmarena.com/vv/reviewsimg/se-aino-preview/thumb.jpg,
Sony Ericsson Yari preview,https://www.gsmarena.com/sony_ericsson_yari-review-354.php,https://fdn.gsmarena.com/vv/reviewsimg/se-yari-preview/thumb.jpg,
LG GD900 Crystal preview,https://www.gsmarena.com/lg_gd900_crystal-review-352.php,https://fdn.gsmarena.com/vv/reviewsimg/lg-gd900-crystal-preview/thumb5.jpg,
Samsung I7500 preview,https://www.gsmarena.com/samsung_i7500-review-351.php,https://fdn.gsmarena.com/vv/reviewsimg/samsung-i7500-preview/thumb.jpg,
Samsung S7220 Ultra b review,https://www.gsmarena.com/samsung_s7220_ultra_b-review-350.php,https://fdn.gsmarena.com/vv/reviewsimg/samsung-s7220-ultra-b/thumb2.jpg,
Samsung i8910 Omnia HD preview,https://www.gsmarena.com/samsung_i8910_omnia_hd-review-349.php,https://fdn.gsmarena.com/vv/reviewsimg/samsung-i8910-preview-2/thumb1.jpg,
LG GC900 Viewty Smart preview,https://www.gsmarena.com/lg_gc900_viewty_smart-review-348.php,https://fdn.gsmarena.com/vv/reviewsimg/lg-gc900-viewty-smart/thumb1.jpg,
HTC Touch Diamond2 review,https://www.gsmarena.com/htc_touch_diamond2-review-347.php,https://fdn.gsmarena.com/vv/reviewsimg/htc-touch-diamond2/thumb1.jpg,
Samsung S8300 UltraTOUCH review,https://www.gsmarena.com/samsung_s8300_ultratouch-review-346.php,https://fdn.gsmarena.com/vv/reviewsimg/samsung-s8300-review/thumb4.jpg,
LG KM900 Arena review,https://www.gsmarena.com/lg_km900_arena-review-345.php,https://fdn.gsmarena.com/vv/reviewsimg/lg-km900-arena/thumb3.jpg,
Nokia 5130 XpressMusic review,https://www.gsmarena.com/nokia_5130_xpressmusic-review-344.php,https://fdn.gsmarena.com/vv/reviewsimg/nokia-5130-xpressmusic/thumb.jpg,
Nokia 8800 Gold Arte review,https://www.gsmarena.com/nokia_8800_gold_arte-review-343.php,https://fdn.gsmarena.com/vv/reviewsimg/nokia-8800-gold-arte/thumb8.jpg,
Nokia E75 review,https://www.gsmarena.com/nokia_e75-review-342.php,https://fdn.gsmarena.com/vv/reviewsimg/nokia-e75/thumb5.jpg,
Sony Ericsson W508 review,https://www.gsmarena.com/sony_ericsson_w508-review-341.php,https://fdn.gsmarena.com/vv/reviewsimg/sony-ericsson-w508/thumb.jpg,
BlackBerry Bold 9000 review,https://www.gsmarena.com/blackberry_9000_bold-review-340.php,https://fdn.gsmarena.com/vv/reviewsimg/blackberry-bold-9000/thumb2.jpg,
Sony Ericsson T707 review,https://www.gsmarena.com/sony_ericsson_t707-review-339.php,https://fdn.gsmarena.com/vv/reviewsimg/sony-ericsson-t707/thumb02.jpg,
LG KM900 Arena preview,https://www.gsmarena.com/lg_km900_arena-review-338.php,https://fdn.gsmarena.com/vv/reviewsimg/lg-km900-arena-preview/thumb3.jpg,
T-Mobile G1 review,https://www.gsmarena.com/t_mobile_g1-review-337.php,https://fdn.gsmarena.com/vv/reviewsimg/t-mobile-g1/thumb4.jpg,
BlackBerry Curve 8900 review,https://www.gsmarena.com/blackberry_curve_8900-review-336.php,https://fdn.gsmarena.com/vv/reviewsimg/blackberry-curve-8900/thumb5.jpg,
Samsung S5230 preview,https://www.gsmarena.com/samsung_s5230-review-335.php,https://fdn.gsmarena.com/vv/reviewsimg/samsung-s5230-preview/thumb.jpg,
Sony Ericsson Media Go review,https://www.gsmarena.com/sony_ericsson_media_go-review-334.php,https://fdn.gsmarena.com/vv/reviewsimg/sony-ericsson-media-go/thumb2.jpg,
BlackBerry Storm 9500 review,https://www.gsmarena.com/blackberry_storm_9500-review-332.php,https://fdn.gsmarena.com/vv/reviewsimg/blackberry-storm-9500/thumb2.jpg,
Samsung S5600 preview,https://www.gsmarena.com/samsung_s5600-review-331.php,https://fdn.gsmarena.com/vv/reviewsimg/samsung-s5600-preview/thumb.jpg,
Sony Ericsson C903 review,https://www.gsmarena.com/sony_ericsson_c903-review-330.php,https://fdn.gsmarena.com/vv/reviewsimg/se-c903/thumb5.jpg,
Sony Ericsson W995 review,https://www.gsmarena.com/sony_ericsson_w995-review-329.php,https://fdn.gsmarena.com/vv/reviewsimg/se-w995/front1.jpg,
The top 7 things we wish we took home,https://www.gsmarena.com/best_of_mwc_09-review-327.php,https://fdn.gsmarena.com/vv/reviewsimg/mwc09-best/thumb3.jpg,
Sony Ericsson W595 review,https://www.gsmarena.com/sony_ericsson_w595-review-328.php,https://fdn.gsmarena.com/vv/reviewsimg/se-w595/thumb.jpg,
Various brands overview,https://www.gsmarena.com/various_mwc_09-review-326.php,https://fdn.gsmarena.com/vv/reviewsimg/mwc09-various/thumb.jpg,
Samsung overview,https://www.gsmarena.com/samsung_mwc_09-review-324.php,https://fdn.gsmarena.com/vv/reviewsimg/mwc09-samsung/thumb.jpg,
HTC overview,https://www.gsmarena.com/htc_mwc_09-review-325.php,https://fdn.gsmarena.com/vv/reviewsimg/mwc09-htc/thumb.jpg,
Samsung S3500 preview,https://www.gsmarena.com/samsung_s3500_preview-review-323.php,https://fdn.gsmarena.com/vv/reviewsimg/samsung-s3500-preview/thumb.jpg,
Samsung S7350 Ultra s preview,https://www.gsmarena.com/samsung_s7350_ultra_s_preview-review-320.php,https://fdn.gsmarena.com/vv/reviewsimg/samsung-s7350-preview/thumb.jpg,
Samsung S7220 Ultra b preview,https://www.gsmarena.com/samsung_s7220_ultra_b_preview-review-321.php,https://fdn.gsmarena.com/vv/reviewsimg/samsung-s7220-preview/thumb.jpg,
Samsung C5212 Duos preview,https://www.gsmarena.com/samsung_c5212_duos_preview-review-322.php,https://fdn.gsmarena.com/vv/reviewsimg/samsung-c5212-duos-preview/thumb4.jpg,
Nokia overview,https://www.gsmarena.com/nokia_mwc_09-review-318.php,https://fdn.gsmarena.com/vv/reviewsimg/mwc09-nokia/front.jpg,
LG overview,https://www.gsmarena.com/lg_mwc_09-review-319.php,https://fdn.gsmarena.com/vv/reviewsimg/mwc09-lg/thumb.jpg,
Samsung i8910 Omnia HD preview,https://www.gsmarena.com/samsung_i8910_omnia_hd-review-317.php,https://fdn.gsmarena.com/vv/reviewsimg/samsung-i8910-preview/thumb.jpg,
Samsung M7600 Beat DJ preview,https://www.gsmarena.com/samsung_m7600_beat_dj-review-316.php,https://fdn.gsmarena.com/vv/reviewsimg/samsung-m7600-preview/front.jpg,
Sony Ericsson overview,https://www.gsmarena.com/sony_ericsson_mwc_09-review-315.php,https://fdn.gsmarena.com/vv/reviewsimg/mwc09-se/thumb.jpg,
Samsung S8300 UltraTOUCH preview,https://www.gsmarena.com/samsung_s8300_ultratouch-review-314.php,https://fdn.gsmarena.com/vv/reviewsimg/samsung-s8300-preview/thumb3.jpg,
Sony Ericsson W902 review,https://www.gsmarena.com/sony_ericsson_w902-review-313.php,https://fdn.gsmarena.com/vv/reviewsimg/se-w902/thumb3.jpg,
LG KP500 Cookie review,https://www.gsmarena.com/lg_kp500_cookie-review-312.php,https://fdn.gsmarena.com/vv/reviewsimg/lg-kp500-cookie/front.jpg,
LG KF900 Prada review,https://www.gsmarena.com/lg_kf900_prada-review-311.php,https://fdn.gsmarena.com/vv/reviewsimg/lg-kf900-prada/front2.jpg,
Samsung M7500 Emporio Armani review,https://www.gsmarena.com/samsung_m7500_emporio_armani_night_effect-review-310.php,https://fdn.gsmarena.com/vv/reviewsimg/samsung-m7500-emporio-armani/thumb.jpg,
LG KS360 review,https://www.gsmarena.com/lg_ks360-review-309.php,https://fdn.gsmarena.com/vv/reviewsimg/lg-ks360/front3.jpg,
Nokia 5800 XpressMusic review,https://www.gsmarena.com/nokia_5800_xpressmusic-review-308.php,https://fdn.gsmarena.com/vv/reviewsimg/nokia-5800-xpressmusic/front5.jpg,
Sony Ericsson W715 and C510 preview,https://www.gsmarena.com/sony_ericsson_w715_c510-review-307.php,https://fdn.gsmarena.com/vv/reviewsimg/se-w715-c510-preview/front2.jpg,
Nokia E63 review,https://www.gsmarena.com/nokia_e63-review-305.php,https://fdn.gsmarena.com/vv/reviewsimg/nokia-e63/front.jpg,
LG KC910 Renoir review,https://www.gsmarena.com/lg_kc910_renoir-review-304.php,https://fdn.gsmarena.com/vv/reviewsimg/lg-kc910-renoir/front1.jpg,
Sony Ericsson XPERIA X1 review,https://www.gsmarena.com/sony_ericsson_xperia_x1-review-303.php,https://fdn.gsmarena.com/vv/reviewsimg/se-x1/front3.jpg,
Samsung i8510 INNOV8 review,https://www.gsmarena.com/samsung_i8510_innov8-review-302.php,https://fdn.gsmarena.com/vv/reviewsimg/samsung-i8510-innov8/front10.jpg,
Sony Ericsson G705 review,https://www.gsmarena.com/sony_ericsson_g705-review-301.php,https://fdn.gsmarena.com/vv/reviewsimg/se-g705/front4.jpg,
HTC Touch HD review,https://www.gsmarena.com/htc_touch_hd-review-300.php,https://fdn.gsmarena.com/vv/reviewsimg/htc-touch-hd/front-n.jpg,
Nokia N79 review,https://www.gsmarena.com/nokia_n79-review-299.php,https://fdn.gsmarena.com/vv/reviewsimg/nokia-n79/front.jpg,
Nokia N85 review,https://www.gsmarena.com/nokia_n85-review-297.php,https://fdn.gsmarena.com/vv/reviewsimg/nokia-n85/front2.jpg,
Grand 8 megapixel shootout,https://www.gsmarena.com/8_megapixel_grand_shootout-review-296.php,https://fdn.gsmarena.com/vv/reviewsimg/8mp-shootout/thumb4.jpg,
Sony Ericsson C905 review,https://www.gsmarena.com/sony_ericsson_c905-review-295.php,https://fdn.gsmarena.com/vv/reviewsimg/se-c905/front1.jpg,
Samsung M8800 Pixon review,https://www.gsmarena.com/samsung_m8800_pixon-review-294.php,https://fdn.gsmarena.com/vv/reviewsimg/samsung-m8800-pixon/thumb2.jpg,
HTC Touch HD preview,https://www.gsmarena.com/htc_touch_hd-review-293.php,https://fdn.gsmarena.com/vv/reviewsimg/htc-touch-hd/thumb4.jpg,
Samsung i7110 preview,https://www.gsmarena.com/samsung_i7110-review-292.php,https://fdn.gsmarena.com/vv/reviewsimg/samsung-i7110-preview/front.jpg,
Nokia 5220 XpressMusic review,https://www.gsmarena.com/nokia_5220_xpressmusic-review-291.php,https://fdn.gsmarena.com/vv/reviewsimg/nokia-5220/front3.jpg,
Sony Ericsson C902 review,https://www.gsmarena.com/sony_ericsson_c902-review-290.php,https://fdn.gsmarena.com/vv/reviewsimg/se-c902-review/front.jpg,
Nokia 6600 slide review,https://www.gsmarena.com/nokia_6600_slide-review-289.php,https://fdn.gsmarena.com/vv/reviewsimg/nokia-6600-slide/front-new.jpg,
Nokia 6600 fold  review,https://www.gsmarena.com/nokia_6600_fold-review-288.php,https://fdn.gsmarena.com/vv/reviewsimg/nokia-6600-fold/front-new.jpg,
Samsung L700 review,https://www.gsmarena.com/samsung_l700-review-287.php,https://fdn.gsmarena.com/vv/reviewsimg/samsung-l700/front-new.jpg,
Nokia N96 review,https://www.gsmarena.com/nokia_n96-review-286.php,https://fdn.gsmarena.com/vv/reviewsimg/nokia-n96/front2-new.jpg,
LG KC910 Renoir preview,https://www.gsmarena.com/lg_kc910_renoir-review-285.php,https://fdn.gsmarena.com/vv/reviewsimg/lg-renoir-preview/front-new.jpg,
Nokia 8800 Carbon Arte review,https://www.gsmarena.com/nokia_8800_carbon_arte-review-284.php,https://fdn.gsmarena.com/vv/reviewsimg/nokia-8800-carbon-arte/front-new.jpg,
Nokia 3600 slide review,https://www.gsmarena.com/nokia_3600_slide-review-283.php,https://fdn.gsmarena.com/vv/reviewsimg/nokia-3600-slide/front5-new.jpg,
Samsung M3200 Beat s review,https://www.gsmarena.com/samsung_m3200_beat_s-review-282.php,https://fdn.gsmarena.com/vv/reviewsimg/samsung-m3200-beat-s/front3-new.jpg,
Nokia 6220 classic review,https://www.gsmarena.com/nokia_6220_classic-review-281.php,https://fdn.gsmarena.com/vv/reviewsimg/nokia-6220-classic/front2-new.jpg,
Samsung S7330 review,https://www.gsmarena.com/samsung_s7330-review-280.php,https://fdn.gsmarena.com/vv/reviewsimg/samsung-s7330/front1.jpg,
Samsung B2700 review,https://www.gsmarena.com/samsung_b2700-review-279.php,https://fdn.gsmarena.com/vv/reviewsimg/samsung-b2700/front2.jpg,
HTC Touch Pro review,https://www.gsmarena.com/htc_touch_pro-review-278.php,https://fdn.gsmarena.com/vv/reviewsimg/htc-touch-pro/front-new.jpg,
Nokia N85 and Nokia N79 preview,https://www.gsmarena.com/nokia_n85_nokia_n79-review-277.php,https://fdn.gsmarena.com/vv/reviewsimg/nokia-n79-n85-preview/front1-new.jpg,
LG KT610 review,https://www.gsmarena.com/lg_kt610-review-276.php,https://fdn.gsmarena.com/vv/reviewsimg/lg-kt610/front2.jpg,
LG KF700 review,https://www.gsmarena.com/lg_kf700-review-275.php,https://fdn.gsmarena.com/vv/reviewsimg/lg-kf700/front.jpg,
Nokia E66 review,https://www.gsmarena.com/nokia_e66-review-274.php,https://fdn.gsmarena.com/vv/reviewsimg/nokia-e66/front3.jpg,
Sonim XP1 review,https://www.gsmarena.com/sonim_xp1-review-273.php,https://fdn.gsmarena.com/vv/reviewsimg/sonim-xp1/front7.jpg,
iPhone 3G review,https://www.gsmarena.com/iphone_3g-review-272.php,https://fdn.gsmarena.com/vv/reviewsimg/apple-iphone-3g/front5.jpg,
Nokia 5320 review,https://www.gsmarena.com/nokia_5320-review-271.php,https://fdn.gsmarena.com/vv/reviewsimg/nokia-5320/front4.jpg,
Nokia 6210 Navigator review,https://www.gsmarena.com/nokia_6210_navigator-review-270.php,https://fdn.gsmarena.com/vv/reviewsimg/nokia-6210-navigator/front2.jpg,
Samsung i8510 INNOV8 preview,https://www.gsmarena.com/samsung_i8510_innov8-review-269.php,https://fdn.gsmarena.com/vv/reviewsimg/samsung-i8510-innov8/front6.jpg,
LG KC550 review,https://www.gsmarena.com/lg_kc550-review-268.php,https://fdn.gsmarena.com/vv/reviewsimg/lg-kc550/front6.jpg,
Samsung i900 Omnia review,https://www.gsmarena.com/samsung_i900_omnia-review-267.php,https://fdn.gsmarena.com/vv/reviewsimg/samsung-i900-omnia/front.jpg,
Nokia E71 review,https://www.gsmarena.com/nokia_e71-review-266.php,https://fdn.gsmarena.com/vv/reviewsimg/nokia-e71/front.jpg,
"W902, W595, W302 preview",https://www.gsmarena.com/sony_ericsson_w902_w595_w302-review-265.php,https://fdn.gsmarena.com/vv/reviewsimg/se-w902-w302-w595/front3.jpg,
HTC Touch Diamond review,https://www.gsmarena.com/htc_touch_diamond-review-264.php,https://fdn.gsmarena.com/vv/reviewsimg/htc-touch-diamond/front3.jpg,
Samsung G400 Soul review,https://www.gsmarena.com/samsung_g400_soul-review-263.php,https://fdn.gsmarena.com/vv/reviewsimg/samsung-g400-soul/front.jpg,
HTC Touch Diamond vs. Samsung i900 Omnia,https://www.gsmarena.com/htc_touch_diamond_vs_samsung_i900_omnia-review-262.php,https://fdn.gsmarena.com/vv/reviewsimg/htc-diamond-vs-samsung-omnia/front1.jpg,
Nokia 3120 classic review,https://www.gsmarena.com/nokia_3120_classic-review-261.php,https://fdn.gsmarena.com/vv/reviewsimg/nokia-3120-classic/front.jpg,
Asus P750 review,https://www.gsmarena.com/asus_p750_review-review-260.php,https://fdn.gsmarena.com/vv/reviewsimg/asus-p750-review/front.jpg,
Samsung U800 Soul b review,https://www.gsmarena.com/samsung_u800_soul_b-review-259.php,https://fdn.gsmarena.com/vv/reviewsimg/samsung-u800-soul-b/front1.jpg,
Sony Ericsson C905 Cyber-shot hands-on,https://www.gsmarena.com/sony_ericsson_c905_8mp-review-258.php,https://fdn.gsmarena.com/vv/reviewsimg/se-c905-preview/front1.jpg,
Nokia E71 and Nokia E66 preview,https://www.gsmarena.com/nokia_e71_nokia_e66_review-review-257.php,https://fdn.gsmarena.com/vv/reviewsimg/nokia-e71-e66-preview/front.jpg,
HTC Touch Diamond preview,https://www.gsmarena.com/htc_touch_diamond-review-256.php,https://fdn.gsmarena.com/vv/reviewsimg/htc-touch-diamond-preview/front1.jpg,
Nokia N78 review,https://www.gsmarena.com/nokia_n78-review-255.php,https://fdn.gsmarena.com/vv/reviewsimg/nokia-n78/thumb3.jpg,
LG KF750 Secret review,https://www.gsmarena.com/lg_kf750_secret-review-254.php,https://fdn.gsmarena.com/vv/reviewsimg/lg-kf750-secret/front.jpg,
Nokia N78 preview,https://www.gsmarena.com/nokia_n78-review-253.php,https://fdn.gsmarena.com/vv/reviewsimg/nokia-n78/front.jpg,
T-Mobile MDA Vario IV and Compact IV,https://www.gsmarena.com/t_mobile_mda_compact_iv_mda_vario_iv-review-252.php,https://fdn.gsmarena.com/vv/reviewsimg/mda-compact-vario-iv/front3.jpg,
Samsung D780 review,https://www.gsmarena.com/samsung_d780-review-251.php,https://fdn.gsmarena.com/vv/reviewsimg/samsung-d780/front2.jpg,
Sony Ericsson W980 Walkman review,https://www.gsmarena.com/sony_ericsson_w980-review-250.php,https://fdn.gsmarena.com/vv/reviewsimg/se-w980/front_r2.jpg,
Sony Ericsson R306 Radio review,https://www.gsmarena.com/sony_ericsson_r306_radio-review-249.php,https://fdn.gsmarena.com/vv/reviewsimg/se-r306/front3.jpg,
O2 Cocoon review,https://www.gsmarena.com/o2_cocoon-review-248.php,https://fdn.gsmarena.com/vv/reviewsimg/o2-cocoon/front.jpg,
LG KF750 Secret preview,https://www.gsmarena.com/lg_kf750_secret-review-247.php,https://fdn.gsmarena.com/vv/reviewsimg/lg-kf750-secret/front1.jpg,
Sony Ericsson G502 review,https://www.gsmarena.com/sony_ericsson_g502-review-246.php,https://fdn.gsmarena.com/vv/reviewsimg/se-g502/front1.jpg,
Sony Ericsson W980 preview,https://www.gsmarena.com/sony_ericsson_w980-review-245.php,https://fdn.gsmarena.com/vv/reviewsimg/se-w980/front.jpg,
LG KF700 preview,https://www.gsmarena.com/lg_kf700_review-review-244.php,https://fdn.gsmarena.com/vv/reviewsimg/lg-kf700-preview/front.jpg,
Nokia midrange roundup,https://www.gsmarena.com/nokia_roundup_review-review-243.php,https://fdn.gsmarena.com/vv/reviewsimg/nokia-midrange-roundup/front.jpg,
Sony Ericsson T303 review,https://www.gsmarena.com/sony_ericsson_t303-review-242.php,https://fdn.gsmarena.com/vv/reviewsimg/se-t303/front.jpg,
Sony Ericsson G502 preview,https://www.gsmarena.com/sony_ericsson_g502-review-241.php,https://fdn.gsmarena.com/vv/reviewsimg/se-g502/front.jpg,
Samsung D880 Duos review,https://www.gsmarena.com/samsung_d880_duos-review-240.php,https://fdn.gsmarena.com/vv/reviewsimg/samsung-d880/front.jpg,
LG KF510 review,https://www.gsmarena.com/lg_kf510-review-239.php,https://fdn.gsmarena.com/vv/reviewsimg/lg-kf510/front2.jpg,
Nokia 3500 classic review,https://www.gsmarena.com/nokia_3500_classic-review-238.php,https://fdn.gsmarena.com/vv/reviewsimg/nokia-3500c/front.jpg,
Samsung i550 review,https://www.gsmarena.com/samsung_i550-review-237.php,https://fdn.gsmarena.com/vv/reviewsimg/samsung-i550/front.jpg,
Samsung F480 review,https://www.gsmarena.com/samsung_f480-review-236.php,https://fdn.gsmarena.com/vv/reviewsimg/samsung-f480-review/front.jpg,
Samsung F110 Adidas review,https://www.gsmarena.com/samsung_f110_adidas-review-235.php,https://fdn.gsmarena.com/vv/reviewsimg/samsung-f110/front.jpg,
Samsung i620 review,https://www.gsmarena.com/samsung_i620-review-234.php,https://fdn.gsmarena.com/vv/reviewsimg/samsung-i620/front3.jpg,
Samsung F480 preview,https://www.gsmarena.com/samsung_f480-review-233.php,https://fdn.gsmarena.com/vv/reviewsimg/samsung-f480-preview/front.jpg,
Sony Ericsson W760 review,https://www.gsmarena.com/sony_ericsson_w760-review-232.php,https://fdn.gsmarena.com/vv/reviewsimg/se-w760/front.jpg,
Samsung G810 review,https://www.gsmarena.com/samsung_g810-review-231.php,https://fdn.gsmarena.com/vv/reviewsimg/samsung-g810/front.jpg,
Sony Ericsson C702 review,https://www.gsmarena.com/sony_ericsson_c702-review-230.php,https://fdn.gsmarena.com/vv/reviewsimg/se-c702/front2.jpg,
Samsung U900 Soul review,https://www.gsmarena.com/samsung_u900_soul-review-229.php,https://fdn.gsmarena.com/vv/reviewsimg/samsung-u900-soul/front1.jpg,
Samsung F700 review,https://www.gsmarena.com/samsung_f700-review-227.php,https://fdn.gsmarena.com/vv/reviewsimg/samsung-f700/front1.jpg,
LG KF600 review,https://www.gsmarena.com/lg_kf600-review-226.php,https://fdn.gsmarena.com/vv/reviewsimg/lg-kf600/front.jpg,
Samsung U900 Soul preview,https://www.gsmarena.com/samsung_u900_soul-review-225.php,https://fdn.gsmarena.com/vv/reviewsimg/samsung-u900-soul/front.jpg,
Samsung i780 review,https://www.gsmarena.com/samsung_i780-review-224.php,https://fdn.gsmarena.com/vv/reviewsimg/samsung-i780/front1.jpg,
Samsung F490 review,https://www.gsmarena.com/samsung_f490-review-210.php,https://fdn.gsmarena.com/vv/reviewsimg/samsung-f490/front5.jpg,
Sony Ericsson C902 preview,https://www.gsmarena.com/sony_ericsson_c902-review-223.php,https://fdn.gsmarena.com/vv/reviewsimg/se-c902/front1.jpg,
Sony Ericsson G900 preview,https://www.gsmarena.com/sony_ericsson_g900-review-221.php,https://fdn.gsmarena.com/vv/reviewsimg/se-g900-preview/front.jpg,
Sony Ericsson G700 preview,https://www.gsmarena.com/sony_ericsson_g700-review-220.php,https://fdn.gsmarena.com/vv/reviewsimg/se-g700-preview/front.jpg,
Various brands overview,https://www.gsmarena.com/various_mwc_08-review-219.php,https://fdn.gsmarena.com/vv/reviewsimg/mwc08-various/front2.jpg,
Motorola overview,https://www.gsmarena.com/motorola_mwc_08-review-218.php,https://fdn.gsmarena.com/vv/reviewsimg/mwc08-motorola/front.jpg,
LG overview,https://www.gsmarena.com/lg_mwc_08-review-217.php,https://fdn.gsmarena.com/vv/reviewsimg/mwc08-lg/front.jpg,
Nokia overview,https://www.gsmarena.com/nokia_mwc_08-review-216.php,https://fdn.gsmarena.com/vv/reviewsimg/mwc08-nokia/front2.jpg,
Sony Ericsson overview,https://www.gsmarena.com/sony_ericsson_mwc_08-review-214.php,https://fdn.gsmarena.com/vv/reviewsimg/mwc08-se/front.jpg,
Samsung overview,https://www.gsmarena.com/samsung_mwc_08-review-215.php,https://fdn.gsmarena.com/vv/reviewsimg/mwc08-samsung/front3.jpg,
Nokia 8800 Arte review,https://www.gsmarena.com/nokia_8800_arte-review-213.php,https://fdn.gsmarena.com/vv/reviewsimg/nokia-8800arte/front.jpg,
Sony Ericsson K660 preview,https://www.gsmarena.com/sony_ericsson_k660-review-212.php,https://fdn.gsmarena.com/vv/reviewsimg/se-k660-preview/front2.jpg,
HTC Touch Cruise review,https://www.gsmarena.com/htc_touch_cruise-review-211.php,https://fdn.gsmarena.com/vv/reviewsimg/htc-touch-cruise/front2.jpg,
"W380, Z555, W350, T280 preview",https://www.gsmarena.com/sony_ericsson_w380_z555_w350_t280-review-209.php,https://fdn.gsmarena.com/vv/reviewsimg/se-roundup/front.jpg,
LG KS20 review,https://www.gsmarena.com/lg_ks20-review-208.php,https://fdn.gsmarena.com/vv/reviewsimg/lg-ks20/front2.jpg,
Nokia 6555 review,https://www.gsmarena.com/nokia_6555-review-207.php,https://fdn.gsmarena.com/vv/reviewsimg/nokia-6555/front1.jpg,
Grand 5 megapixel shootout,https://www.gsmarena.com/grand_five_megapixel_shootout-review-206.php,https://fdn.gsmarena.com/vv/reviewsimg/grand-5-megapixel-shootout/front.jpg,
Nokia 7900 Prism review,https://www.gsmarena.com/nokia_7900_prism-review-205.php,https://fdn.gsmarena.com/vv/reviewsimg/nokia-7900/front2.jpg,
Motorola RIZR Z8 review,https://www.gsmarena.com/motorola_rizr_z8-review-204.php,https://fdn.gsmarena.com/vv/reviewsimg/motorola-z8/front.jpg,
Nokia 5310 review,https://www.gsmarena.com/nokia_5310_xpressmusic-review-203.php,https://fdn.gsmarena.com/vv/reviewsimg/nokia-5310/front6.jpg,
Samsung Armani review,https://www.gsmarena.com/samsung_armani_p520-review-202.php,https://fdn.gsmarena.com/vv/reviewsimg/samsung-armani/front.jpg,
Sony Ericsson W890 review,https://www.gsmarena.com/sony_ericsson_w890-review-201.php,https://fdn.gsmarena.com/vv/reviewsimg/se-w890/front2.jpg,
Samsung i450 review,https://www.gsmarena.com/samsung_i450-review-200.php,https://fdn.gsmarena.com/vv/reviewsimg/samsung-i450/front0.jpg,
Nokia 5610 review,https://www.gsmarena.com/nokia_5610_xpressmusic-review-199.php,https://fdn.gsmarena.com/vv/reviewsimg/nokia-5610/front2.jpg,
Nokia 6500 slide review,https://www.gsmarena.com/nokia_6500_slide-review-198.php,https://fdn.gsmarena.com/vv/reviewsimg/nokia-6500s/front1.jpg,
Samsung G800 review,https://www.gsmarena.com/samsung_g800-review-197.php,https://fdn.gsmarena.com/vv/reviewsimg/samsung-g800/front1.jpg,
Vertu Constellation hands-on,https://www.gsmarena.com/vertu_constellation-review-196.php,https://fdn.gsmarena.com/vv/reviewsimg/vertu-constellation/front.jpg,
Nokia N82 review,https://www.gsmarena.com/nokia_n82-review-195.php,https://fdn.gsmarena.com/vv/reviewsimg/nokia-n82-preview/front2.jpg,
Holiday gift guide 2007,https://www.gsmarena.com/holiday_gift_guide_2007-review-194.php,https://fdn.gsmarena.com/vv/reviewsimg/holiday-gift-guide-2007/front.jpg,
Nokia E51 review,https://www.gsmarena.com/nokia_e51-review-193.php,https://fdn.gsmarena.com/vv/reviewsimg/nokia-e51/front2.jpg,
Nokia N82 preview,https://www.gsmarena.com/nokia_n82-review-192.php,https://fdn.gsmarena.com/vv/reviewsimg/nokia-n82-preview/front2.jpg,
5 megapixel face-off,https://www.gsmarena.com/5_megapixel_faceoff-review-191.php,https://fdn.gsmarena.com/vv/reviewsimg/5mp-blindfold/front.jpg,
GPS navigation overview,https://www.gsmarena.com/gps_navigation_review-review-190.php,https://fdn.gsmarena.com/vv/reviewsimg/gps-review/front.jpg,
HTC Touch review,https://www.gsmarena.com/htc_touch-review-189.php,https://fdn.gsmarena.com/vv/reviewsimg/htc-touch/front1.jpg,
Nokia N95 8GB review,https://www.gsmarena.com/nokia_n95_8gb-review-188.php,https://fdn.gsmarena.com/vv/reviewsimg/nokia-n95-8gb/front.jpg,
Samsung G600 review,https://www.gsmarena.com/samsung_g600-review-187.php,https://fdn.gsmarena.com/vv/reviewsimg/samsung-g600/front1.jpg,
Sony Ericsson W910 review,https://www.gsmarena.com/sony_ericsson_w910-review-186.php,https://fdn.gsmarena.com/vv/reviewsimg/se-w910/front3.jpg,
Toshiba Portege G900 review,https://www.gsmarena.com/toshiba_g900-review-185.php,https://fdn.gsmarena.com/vv/reviewsimg/toshiba-g900/front.jpg,
Sony Ericsson S500 review,https://www.gsmarena.com/sony_ericsson_s500-review-184.php,https://fdn.gsmarena.com/vv/reviewsimg/se-s500/front3.jpg,
Apple iPhone in & out,https://www.gsmarena.com/iphone_apps-review-183.php,https://fdn.gsmarena.com/vv/reviewsimg/iphone-apps/front.jpg,
Motorola Q 9h review,https://www.gsmarena.com/motorola_q_9h-review-182.php,https://fdn.gsmarena.com/vv/reviewsimg/moto-q9h/front1.jpg,
HTC TyTN II review,https://www.gsmarena.com/htc_tytn_2-review-181.php,https://fdn.gsmarena.com/vv/reviewsimg/htc-tytn2/front.jpg,
Nokia N81 8GB review,https://www.gsmarena.com/nokia_n81_8gb-review-180.php,https://fdn.gsmarena.com/vv/reviewsimg/nokia-n81/front1.jpg,
Samsung G800 launch event,https://www.gsmarena.com/samsung_g800_london-review-179.php,https://fdn.gsmarena.com/vv/reviewsimg/samsung-london/front.jpg,
Motorola RAZR2 V8 review,https://www.gsmarena.com/motorola_razr2_v8-review-178.php,https://fdn.gsmarena.com/vv/reviewsimg/motorola-razr2-v8/front.jpg,
Nokia 6500 classic review,https://www.gsmarena.com/nokia_6500_classic-review-177.php,https://fdn.gsmarena.com/vv/reviewsimg/nokia-6500c/front.jpg,
Nokia N81 preview,https://www.gsmarena.com/nokia_n81_8gb-review-176.php,https://fdn.gsmarena.com/vv/reviewsimg/nokia-n81/front.jpg,
LG KE500 review,https://www.gsmarena.com/lg_ke500-review-175.php,https://fdn.gsmarena.com/vv/reviewsimg/lg-ke500/front.jpg,
Neonode N2 review,https://www.gsmarena.com/neonode_n2-review-174.php,https://fdn.gsmarena.com/vv/reviewsimg/neonode-n2/front.jpg,
Nokia 6110 Navigator review,https://www.gsmarena.com/nokia_6110_navigator-review-173.php,https://fdn.gsmarena.com/vv/reviewsimg/nokia-6110/front.jpg,
Sony Ericsson W960 review,https://www.gsmarena.com/sony_ericsson_w960-review-172.php,https://fdn.gsmarena.com/vv/reviewsimg/se-w960/front.jpg,
GSMArena feature lab,https://www.gsmarena.com/latest_features-review-171.php,https://fdn.gsmarena.com/vv/reviewsimg/audio-3d/front1.jpg,
Samsung U600 review,https://www.gsmarena.com/samsung_u600-review-170.php,https://fdn.gsmarena.com/vv/reviewsimg/samsung-u600/front.jpg,
Sony Ericsson K530 review,https://www.gsmarena.com/sony_ericsson_k530-review-169.php,https://fdn.gsmarena.com/vv/reviewsimg/se-k530/front.jpg,
Sony Ericsson K770 review,https://www.gsmarena.com/sony_ericsson_k770-review-168.php,https://fdn.gsmarena.com/vv/reviewsimg/se-k770/front.jpg,
LG KU990 Viewty review,https://www.gsmarena.com/lg_ku990_viewty-review-167.php,https://fdn.gsmarena.com/vv/reviewsimg/lg-ku990/front.jpg,
Nokia 7500 Prism review,https://www.gsmarena.com/nokia_7500_prism-review-166.php,https://fdn.gsmarena.com/vv/reviewsimg/nokia-7500/front.jpg,
Sony Ericsson K850 review,https://www.gsmarena.com/sony_ericsson_k850-review-165.php,https://fdn.gsmarena.com/vv/reviewsimg/se-k850/front.jpg,
Nokia E90 review,https://www.gsmarena.com/nokia_e90-review-164.php,https://fdn.gsmarena.com/vv/reviewsimg/nokia-e90/front.jpg,
Nokia 5700 review,https://www.gsmarena.com/nokia_5700-review-163.php,https://fdn.gsmarena.com/vv/reviewsimg/nokia-5700/front2.jpg,
Sony Ericsson K850 vs. Nokia N95,https://www.gsmarena.com/sony_ericsson_k850_vs_nokia_n95-review-162.php,https://fdn.gsmarena.com/vv/reviewsimg/n95-vs-k850/front.jpg,
Nokia 6120 classic review,https://www.gsmarena.com/nokia_6120_classic-review-161.php,https://fdn.gsmarena.com/vv/reviewsimg/review_nokia_6120_classic.jpg,
Samsung E590 review,https://www.gsmarena.com/samsung_e590-review-160.php,https://fdn.gsmarena.com/vv/reviewsimg/review_samsung_e590.jpg,
Sony Ericsson W580 review,https://www.gsmarena.com/sony_ericsson_w580-review-159.php,https://fdn.gsmarena.com/vv/reviewsimg/review_se_w580.jpg,
Samsung E950 review,https://www.gsmarena.com/samsung_e950-review-158.php,https://fdn.gsmarena.com/vv/reviewsimg/review_samsung_e950.jpg,
Sony Ericsson W660 review,https://www.gsmarena.com/sony_ericsson_w660-review-157.php,https://fdn.gsmarena.com/vv/reviewsimg/review_se_w660.jpg,
Samsung i600 review,https://www.gsmarena.com/samsung_i600-review-156.php,https://fdn.gsmarena.com/vv/reviewsimg/review_samsung_i600.jpg,
iPhone overview,https://www.gsmarena.com/apple_iphone-review-155.php,https://fdn.gsmarena.com/vv/reviewsimg/overview_iphone.jpg,
Dual SIM review,https://www.gsmarena.com/dual_sim-review-154.php,https://fdn.gsmarena.com/vv/reviewsimg/review_dualsim.jpg,
Nokia 8600 Luna review,https://www.gsmarena.com/nokia_8600_luna-review-153.php,https://fdn.gsmarena.com/vv/reviewsimg/review_nokia_8600.jpg,
Samsung U100 review,https://www.gsmarena.com/samsung_u100-review-152.php,https://fdn.gsmarena.com/vv/reviewsimg/review_samsung_u100.jpg,
Motorola KRZR K3 review,https://www.gsmarena.com/motorola_krzr_k3-review-151.php,https://fdn.gsmarena.com/vv/reviewsimg/review_motorola_k3.jpg,
Samsung U700 review,https://www.gsmarena.com/samsung_u700-review-150.php,https://fdn.gsmarena.com/vv/reviewsimg/review_samsung_u700.jpg,
Sony Ericsson T650 review,https://www.gsmarena.com/sony_ericsson_t650-review-149.php,https://fdn.gsmarena.com/vv/reviewsimg/review_sony_ericsson_t650.jpg,
Nokia N76 review,https://www.gsmarena.com/nokia_n76-review-148.php,https://fdn.gsmarena.com/vv/reviewsimg/review_nokia_n76.jpg,
Motorola RAZR maxx V6 review,https://www.gsmarena.com/motorola_razr_maxx_v6-review-147.php,https://fdn.gsmarena.com/vv/reviewsimg/review_motorola_v6.jpg,
Samsung Z560 review,https://www.gsmarena.com/samsung_z560-review-146.php,https://fdn.gsmarena.com/vv/reviewsimg/review_samsung_z560.jpg,
LG Prada review,https://www.gsmarena.com/lg_ke850_prada-review-145.php,https://fdn.gsmarena.com/vv/reviewsimg/review_lg_prada.jpg,
Samsung F300 review,https://www.gsmarena.com/samsung_f300-review-144.php,https://fdn.gsmarena.com/vv/reviewsimg/review_samsung_f300.jpg,
Sony Ericsson P1 review,https://www.gsmarena.com/sony_ericsson_p1-review-143.php,https://fdn.gsmarena.com/vv/reviewsimg/review_sony_ericsson_p1.jpg,
Nokia E61i review,https://www.gsmarena.com/nokia_e61i-review-142.php,https://fdn.gsmarena.com/vv/reviewsimg/rv_noe61i_t.jpg,
Nokia N95 review,https://www.gsmarena.com/nokia_n95-review-141.php,https://fdn.gsmarena.com/vv/reviewsimg/review_nokia_n95.jpg,
Nokia E65 review,https://www.gsmarena.com/nokia_e65-review-140.php,https://fdn.gsmarena.com/vv/reviewsimg/rv_noe65_t.jpg,
Nokia N95 camera review,https://www.gsmarena.com/nokia_n95_camera-review-139.php,https://fdn.gsmarena.com/vv/reviewsimg/rv_non95cam_t.jpg,
LG KU970 Shine review,https://www.gsmarena.com/lg_ku970_shine-review-138.php,https://fdn.gsmarena.com/vv/reviewsimg/rv_lgku970_t.jpg,
Motorola L9 review,https://www.gsmarena.com/motorola_slvr_l9-review-137.php,https://fdn.gsmarena.com/vv/reviewsimg/rv_mol9_t.jpg,
LG KE970 Shine review,https://www.gsmarena.com/lg_ke970_shine-review-136.php,https://fdn.gsmarena.com/vv/reviewsimg/rv_lgke970_t.jpg,
Nokia 6300 review,https://www.gsmarena.com/nokia_6300-review-135.php,https://fdn.gsmarena.com/vv/reviewsimg/rv_no6300_t.jpg,
Motorola MOTOFONE F3 review,https://www.gsmarena.com/motorola_motofone_f3-review-134.php,https://fdn.gsmarena.com/vv/reviewsimg/rv_motof3_t.jpg,
Sony Ericsson K810 review,https://www.gsmarena.com/sony_ericsson_k810-review-133.php,https://fdn.gsmarena.com/vv/reviewsimg/rv_sek810_t.jpg,
Nokia 7390 review,https://www.gsmarena.com/nokia_7390-review-132.php,https://fdn.gsmarena.com/vv/reviewsimg/rv_no7390_t.jpg,
Samsung P310 review,https://www.gsmarena.com/samsung_p310-review-131.php,https://fdn.gsmarena.com/vv/reviewsimg/rv_sap310_t.jpg,
LG KG920 review,https://www.gsmarena.com/lg_kg920-review-130.php,https://fdn.gsmarena.com/vv/reviewsimg/rv_lgkg920_t.jpg,
3GSM Barcelona 2007 live coverage,https://www.gsmarena.com/3gsm_2007_report-review-129.php,https://fdn.gsmarena.com/vv/reviewsimg/3gsm07_t.jpg,
Sony Ericsson K550 review,https://www.gsmarena.com/sony_ericsson_k550-review-128.php,https://fdn.gsmarena.com/vv/reviewsimg/rv_sek550_t.jpg,
Sony Ericsson W880 review,https://www.gsmarena.com/sony_ericsson_w880-review-127.php,https://fdn.gsmarena.com/vv/reviewsimg/rv_sew880_t.jpg,
Motorola RIZR Z3 review,https://www.gsmarena.com/motorola_rizr_z3-review-126.php,https://fdn.gsmarena.com/vv/reviewsimg/rv_morizr_t.jpg,
LG KG920 vs. SE K800 vs. Nokia N73,https://www.gsmarena.com/kg920_k800_n73_photo-review-125.php,https://fdn.gsmarena.com/vv/reviewsimg/kg920_k800_n93_t.jpg,
Sony Ericsson W710 review,https://www.gsmarena.com/sony_ericsson_w710-review-124.php,https://fdn.gsmarena.com/vv/reviewsimg/rv_sew710_t.jpg,
Samsung X830 review,https://www.gsmarena.com/samsung_x830-review-123.php,https://fdn.gsmarena.com/vv/reviewsimg/rv_sax830_t.jpg,
HP iPAQ rw6815 review,https://www.gsmarena.com/hp_ipaq_rw6815-review-122.php,https://fdn.gsmarena.com/vv/reviewsimg/rv_hprw6815_t.jpg,
LG KE800 Platinum review,https://www.gsmarena.com/lg_ke800_platinum_chocolate-review-121.php,https://fdn.gsmarena.com/vv/reviewsimg/rv_lgke800_t.jpg,
Nokia 6270 review,https://www.gsmarena.com/nokia_6270-review-120.php,https://fdn.gsmarena.com/vv/reviewsimg/rv_no6270_t.jpg,
Holiday photo contest,https://www.gsmarena.com/holiday_photo_contest-review-119.php,https://fdn.gsmarena.com/vv/reviewsimg/review_photo-contest_t.jpg,
Holiday gift guide 2006,https://www.gsmarena.com/holiday_gift_guide_2006-review-118.php,https://fdn.gsmarena.com/vv/reviewsimg/review_gift-guide-2006_t.jpg,
Nokia 5300 review,https://www.gsmarena.com/nokia_5300-review-117.php,https://fdn.gsmarena.com/vv/reviewsimg/rv_no5300_t.jpg,
Nokia 8800 Sirocco review,https://www.gsmarena.com/nokia_8800_sirocco-review-116.php,https://fdn.gsmarena.com/vv/reviewsimg/rv_no8800se_t.jpg,
Motorola KRZR K1 review,https://www.gsmarena.com/motorola_krzr_k1-review-115.php,https://fdn.gsmarena.com/vv/reviewsimg/rv_mok1_t.jpg,
Sony Ericsson W850 review,https://www.gsmarena.com/sony_ericsson_w850-review-114.php,https://fdn.gsmarena.com/vv/reviewsimg/rv_sew850_t.jpg,
HTC P3300 review,https://www.gsmarena.com/htc_p3300-review-113.php,https://fdn.gsmarena.com/vv/reviewsimg/rv_htcp3300_t.jpg,
Nokia 5500 Sport review,https://www.gsmarena.com/nokia_5500_sport-review-112.php,https://fdn.gsmarena.com/vv/reviewsimg/rv_no5500_t.jpg,
Sony Ericsson W950 review,https://www.gsmarena.com/sony_ericsson_w950-review-111.php,https://fdn.gsmarena.com/vv/reviewsimg/rv_sew950_t.jpg,
Sony Ericsson Z610 review,https://www.gsmarena.com/sony_ericsson_z610-review-110.php,https://fdn.gsmarena.com/vv/reviewsimg/rv_sez610_t.jpg,
Nokia E50 review,https://www.gsmarena.com/nokia_e50-review-109.php,https://fdn.gsmarena.com/vv/reviewsimg/rv_noe50_t.jpg,
Samsung D900 review,https://www.gsmarena.com/samsung_d900-review-108.php,https://fdn.gsmarena.com/vv/reviewsimg/rv_sad900_t.jpg,
Nokia N93 review,https://www.gsmarena.com/nokia_n93-review-107.php,https://fdn.gsmarena.com/vv/reviewsimg/rv_non93_t.jpg,
Nokia N73 review,https://www.gsmarena.com/nokia_n73-review-106.php,https://fdn.gsmarena.com/vv/reviewsimg/review_nokia_n73_t.jpg,
Nokia N72 review,https://www.gsmarena.com/nokia_n72-review-105.php,https://fdn.gsmarena.com/vv/reviewsimg/review_nokia_n72_t.jpg,
Samsung X820 review,https://www.gsmarena.com/samsung_x820-review-104.php,https://fdn.gsmarena.com/vv/reviewsimg/review_sasmung_x820_t.jpg,
Samsung i320 review,https://www.gsmarena.com/samsung_i320-review-103.php,https://fdn.gsmarena.com/vv/reviewsimg/review_sasmung_i320_t.jpg,
Nokia N73 vs. Samsung D900 vs. SE K800,https://www.gsmarena.com/n73_d900_k800_photo-review-102.php,https://fdn.gsmarena.com/vv/reviewsimg/n73_d900_k800_t.jpg,
Sony Ericsson P990 review,https://www.gsmarena.com/sony_ericsson_p990-review-101.php,https://fdn.gsmarena.com/vv/reviewsimg/review_sony_ericsson_p990_t.jpg,
Nokia N93,https://www.gsmarena.com/nokia_n93_photo-review-100.php,https://fdn.gsmarena.com/vv/reviewsimg/preview_nokia_n93_t.jpg,
"BenQ-Siemens E71, E81, SL91",https://www.gsmarena.com/benq_siemens_e71_e81_sl91-review-99.php,https://fdn.gsmarena.com/vv/reviewsimg/preview_benq_sl91_t.jpg,
Nokia 6233 review,https://www.gsmarena.com/nokia_6233-review-98.php,https://fdn.gsmarena.com/vv/reviewsimg/review_nokia_6233_t.jpg,
Samsung Z540 review,https://www.gsmarena.com/samsung_z540-review-97.php,https://fdn.gsmarena.com/vv/reviewsimg/review_samsung_z540_t.jpg,
Nokia E70 review,https://www.gsmarena.com/nokia_e70-review-96.php,https://fdn.gsmarena.com/vv/reviewsimg/review_nokia_e70_t.jpg,
Sony Ericsson K610 review,https://www.gsmarena.com/sony_ericsson_k610-review-95.php,https://fdn.gsmarena.com/vv/reviewsimg/review_sony_ericsson_k610_.jpg,
Nokia 6131 review,https://www.gsmarena.com/nokia_6131-review-94.php,https://fdn.gsmarena.com/vv/reviewsimg/review_nokia_6131_t.jpg,
Sony Ericsson K800 review,https://www.gsmarena.com/sony_ericsson_k800-review-93.php,https://fdn.gsmarena.com/vv/reviewsimg/review_sony_ericsson_k800_.jpg,
Nokia N71 review,https://www.gsmarena.com/nokia_n71-review-92.php,https://fdn.gsmarena.com/vv/reviewsimg/review_nokia_n71_t.jpg,
Qtek 9600 and 8600 (HTC Hermes and Breeze),https://www.gsmarena.com/qtek_9600_8600_htc_hermes_breeze-review-91.php,https://fdn.gsmarena.com/vv/reviewsimg/review_qtek_9600_8600_t.jpg,
Motorola PEBL U6 & RAZR V3i review,https://www.gsmarena.com/motorola_razr_v3i_pebl_u6-review-90.php,https://fdn.gsmarena.com/vv/reviewsimg/review_motorola_v3i_pebl_t.jpg,
Qtek S200 review,https://www.gsmarena.com/qtek_s200_htc_prophet-review-89.php,https://fdn.gsmarena.com/vv/reviewsimg/review_qtek_s200_t.jpg,
LG KG800 Chocolate review,https://www.gsmarena.com/lg_kg800_chocolate-review-88.php,https://fdn.gsmarena.com/vv/reviewsimg/review_lg_kg800_t.jpg,
Sony Ericsson K510 review,https://www.gsmarena.com/sony_ericsson_k510-review-87.php,https://fdn.gsmarena.com/vv/reviewsimg/review_sony_ericsson_k510_t.jpg,
Nokia E60 review,https://www.gsmarena.com/nokia_e60-review-86.php,https://fdn.gsmarena.com/vv/reviewsimg/review_nokia_e60_t.jpg,
BenQ-Siemens EF81 review,https://www.gsmarena.com/benq_siemens_ef81-review-85.php,https://fdn.gsmarena.com/vv/reviewsimg/review_benq_ef81_t.jpg,
Nokia N80 review,https://www.gsmarena.com/nokia_n80-review-84.php,https://fdn.gsmarena.com/vv/reviewsimg/review_nokia_n80_t.jpg,
Nokia 5500 Sport,https://www.gsmarena.com/nokia_5500_sport-review-83.php,https://fdn.gsmarena.com/vv/reviewsimg/preview_nokia_5500_t.jpg,
Sony Ericsson W810 review,https://www.gsmarena.com/sony_ericsson_w810-review-82.php,https://fdn.gsmarena.com/vv/reviewsimg/review_sony_ericsson_w810_t.jpg,
Nokia N91 review,https://www.gsmarena.com/nokia_n91-review-81.php,https://fdn.gsmarena.com/vv/reviewsimg/review_nokia_n91_t.jpg,
Samsung X700 review,https://www.gsmarena.com/samsung_x700-review-80.php,https://fdn.gsmarena.com/vv/reviewsimg/review_samsung_x700_t.jpg,
Nokia N80 vs. Sony Ericsson K800,https://www.gsmarena.com/3mp_test_nokia_n80_se_k800-review-79.php,https://fdn.gsmarena.com/vv/reviewsimg/photo_test_nokia_n80_se_k800_t.jpg,
Sony Ericsson Z530 review,https://www.gsmarena.com/sony_ericsson_z530-review-78.php,https://fdn.gsmarena.com/vv/reviewsimg/review_sony_ericsson_z530_t.jpg,
Motorola E1070 review,https://www.gsmarena.com/motorola_e1070-review-77.php,https://fdn.gsmarena.com/vv/reviewsimg/review_motorola_e1070_t.jpg,
Samsung D800 review,https://www.gsmarena.com/samsung_d800-review-76.php,https://fdn.gsmarena.com/vv/reviewsimg/review_samsung_d800_t.jpg,
Nokia 3250 review,https://www.gsmarena.com/nokia_3250-review-75.php,https://fdn.gsmarena.com/vv/reviewsimg/review_nokia_3250_t.jpg,
Motorola SLVR L7 review,https://www.gsmarena.com/motorola_slvr_l7-review-74.php,https://fdn.gsmarena.com/vv/reviewsimg/review_motorola_l7_t.jpg,
Motorola RAZR V3x review,https://www.gsmarena.com/motorola_v3x-review-73.php,https://fdn.gsmarena.com/vv/reviewsimg/review_motorola_v3x_t.jpg,
New Sony Ericsson models,https://www.gsmarena.com/sony_ericsson_preview-review-72.php,https://fdn.gsmarena.com/vv/reviewsimg/preview_sony_ericsson_k800_t.jpg,
Nokia 6280 review,https://www.gsmarena.com/nokia_6280-review-71.php,https://fdn.gsmarena.com/vv/reviewsimg/review_nokia_6280_t.jpg,
2 MP camera test,https://www.gsmarena.com/2mp_test_6280_n70_d750-review-70.php,https://fdn.gsmarena.com/vv/reviewsimg/photo_6280_n70_d750_t.jpg,
3GSM Barcelona 2006 live coverage,https://www.gsmarena.com/3gsm_2006_report-review-69.php,https://fdn.gsmarena.com/vv/reviewsimg/3GSM06_t.jpg,
Siemens S75 review,https://www.gsmarena.com/siemens_s75-review-68.php,https://fdn.gsmarena.com/vv/reviewsimg/review_siemens_s75_t.jpg,
Motorola L6 review,https://www.gsmarena.com/motorola_l6-review-67.php,https://fdn.gsmarena.com/vv/reviewsimg/review_motorola_l6_t.jpg,
Nokia 7370 review,https://www.gsmarena.com/nokia_7370-review-66.php,https://fdn.gsmarena.com/vv/reviewsimg/review_nokia_7370_t.jpg,
Alcatel OT-S853 review,https://www.gsmarena.com/alcatel_ot_s853-review-65.php,https://fdn.gsmarena.com/vv/reviewsimg/review_alcatel_s853_t.jpg,
Nokia 7380 review,https://www.gsmarena.com/nokia_7380-review-64.php,https://fdn.gsmarena.com/vv/reviewsimg/review_nokia_7380_t.jpg,
Sony Ericsson W900 review,https://www.gsmarena.com/sony_ericsson_w900-review-63.php,https://fdn.gsmarena.com/vv/reviewsimg/review_sony_ericsson_w900_t.jpg,
Qtek 8310 review,https://www.gsmarena.com/qtek_8310-review-62.php,https://fdn.gsmarena.com/vv/reviewsimg/review_qtek_8310_t.jpg,
Nokia 6111 review,https://www.gsmarena.com/nokia_6111-review-61.php,https://fdn.gsmarena.com/vv/reviewsimg/review_nokia_6111_t.jpg,
Qtek 9100 review,https://www.gsmarena.com/qtek_9100-review-60.php,https://fdn.gsmarena.com/vv/reviewsimg/review_qtek_9100_t.jpg,
Sony Ericsson W550 review,https://www.gsmarena.com/sony_ericsson_w550-review-59.php,https://fdn.gsmarena.com/vv/reviewsimg/review_sony_ericsson_w550_t.jpg,
Nokia N80,https://www.gsmarena.com/nokia_n80-review-58.php,https://fdn.gsmarena.com/vv/reviewsimg/preview_nokia_n80_t.jpg,
Samsung i300 review,https://www.gsmarena.com/samsung_i300-review-57.php,https://fdn.gsmarena.com/vv/reviewsimg/review_samsung_i300_t.jpg,
Nokia 6060 review,https://www.gsmarena.com/nokia_6060-review-56.php,https://fdn.gsmarena.com/vv/reviewsimg/review_nokia_6060_t.jpg,
Samsung D600 review,https://www.gsmarena.com/samsung_d600-review-55.php,https://fdn.gsmarena.com/vv/reviewsimg/review_sasmung_d600_t.jpg,
Sony Ericsson K600 review,https://www.gsmarena.com/sony_ericsson_k600-review-54.php,https://fdn.gsmarena.com/vv/reviewsimg/review_sony_ericsson_k600_t.jpg,
Nokia N70 review,https://www.gsmarena.com/nokia_n70-review-53.php,https://fdn.gsmarena.com/vv/reviewsimg/review_nokia_n70_t.jpg,
Nokia N70 camera review,https://www.gsmarena.com/nokia_n70-review-52.php,https://fdn.gsmarena.com/vv/reviewsimg/photo_test_nokia_n70_t.jpg,
Samsung D600 camera review,https://www.gsmarena.com/samsung_d600-review-51.php,https://fdn.gsmarena.com/vv/reviewsimg/photo_test_samsung_d600_t.jpg,
Motorola ROKR E1 review,https://www.gsmarena.com/motorola_rokr_e1-review-50.php,https://fdn.gsmarena.com/vv/reviewsimg/review_motorola_rokr_e1_t.jpg,
Samsung E530 review,https://www.gsmarena.com/samsung_e530-review-49.php,https://fdn.gsmarena.com/vv/reviewsimg/review_sasmung_e530_t.jpg,
Nokia 8800 review,https://www.gsmarena.com/nokia_8800-review-48.php,https://fdn.gsmarena.com/vv/reviewsimg/review_nokia_8800_t.jpg,
Sony Ericsson W800 review,https://www.gsmarena.com/sony_ericsson_w800-review-47.php,https://fdn.gsmarena.com/vv/reviewsimg/review_sony_ericsson_w800_t.jpg,
Nokia N90 vs. Sony Ericsson W800,https://www.gsmarena.com/nokia_n90_vs_sonyericsson_w800-review-46.php,https://fdn.gsmarena.com/vv/reviewsimg/nokia_n90_vs_sonyericsson_w800_t.jpg,
Nokia N90 camera review,https://www.gsmarena.com/nokia_n90-review-45.php,https://fdn.gsmarena.com/vv/reviewsimg/photo_test_nokia_n90_t.jpg,
Nokia N90 review,https://www.gsmarena.com/nokia_n90-review-44.php,https://fdn.gsmarena.com/vv/reviewsimg/review_nokia_n90_t.jpg,
Nokia 6030 review,https://www.gsmarena.com/nokia_6030-review-43.php,https://fdn.gsmarena.com/vv/reviewsimg/review_nokia_6030_t.jpg,
Panasonic VS3 review,https://www.gsmarena.com/panasonic_vs3-review-42.php,https://fdn.gsmarena.com/vv/reviewsimg/review_panasonic_vs3_t.jpg,
Sony Ericsson K750 review,https://www.gsmarena.com/sony_ericsson_k750-review-41.php,https://fdn.gsmarena.com/vv/reviewsimg/review_sony_ericsson_k750_t.jpg,
Nokia 6101 review,https://www.gsmarena.com/nokia_6101-review-40.php,https://fdn.gsmarena.com/vv/reviewsimg/review_nokia_6101_t.jpg,
Siemens CX75 review,https://www.gsmarena.com/siemens_cx75-review-39.php,https://fdn.gsmarena.com/vv/reviewsimg/review_siemens_cx75_1.jpg,
Nokia 6681 review,https://www.gsmarena.com/nokia_6681-review-38.php,https://fdn.gsmarena.com/vv/reviewsimg/review_nokia_6681_t.jpg,
Sony Ericsson K300 review,https://www.gsmarena.com/sony_ericsson_k300-review-37.php,https://fdn.gsmarena.com/vv/reviewsimg/review_sony_ericsson_k300_t.jpg,
Samsung E720 review,https://www.gsmarena.com/samsung_e720-review-36.php,https://fdn.gsmarena.com/vv/reviewsimg/review_sasmung_e720_t.jpg,
Nokia 6230i review,https://www.gsmarena.com/nokia_6230i-review-35.php,https://fdn.gsmarena.com/vv/reviewsimg/review_nokia_6230i_t.jpg,
Sony Ericsson K750 camera review,https://www.gsmarena.com/sony_ericsson_k750-review-34.php,https://fdn.gsmarena.com/vv/reviewsimg/rvc_sek750_t.jpg,
Nokia 3230 review,https://www.gsmarena.com/nokia_3230-review-33.php,https://fdn.gsmarena.com/vv/reviewsimg/rv_no3230_t.jpg,
Siemens SF65 review,https://www.gsmarena.com/siemens_sf65-review-32.php,https://fdn.gsmarena.com/vv/reviewsimg/rv_sisf65_t.jpg,
Nokia 7710 review,https://www.gsmarena.com/nokia_7710-review-31.php,https://fdn.gsmarena.com/vv/reviewsimg/rv_no7710_v3_t.jpg,
"Sony Ericsson K750, W800",https://www.gsmarena.com/sony_ericsson_k750-review-30.php,https://fdn.gsmarena.com/vv/reviewsimg/prv_sek750_t.jpg,
Nokia 6230i,https://www.gsmarena.com/nokia_6230i-review-29.php,https://fdn.gsmarena.com/vv/reviewsimg/prv_no6230i_t.jpg,
"Nokia 6680, 6681",https://www.gsmarena.com/nokia_6680-review-28.php,https://fdn.gsmarena.com/vv/reviewsimg/review_nokia_6681_t.jpg,
Nokia 6101,https://www.gsmarena.com/nokia_6101-review-27.php,https://fdn.gsmarena.com/vv/reviewsimg/review_nokia_6101_t.jpg,
Motorola MPx220 review,https://www.gsmarena.com/motorola_mpx220-review-26.php,https://fdn.gsmarena.com/vv/reviewsimg/rv_mompx220_t.jpg,
Samsung D500 review,https://www.gsmarena.com/samsung_d500-review-25.php,https://fdn.gsmarena.com/vv/reviewsimg/rv_sad500_t.jpg,
Nokia 7280 review,https://www.gsmarena.com/nokia_7280-review-24.php,https://fdn.gsmarena.com/vv/reviewsimg/rv_no7280_t.jpg,
Panasonic X700 review,https://www.gsmarena.com/panasonic_x700-review-23.php,https://fdn.gsmarena.com/vv/reviewsimg/rv_pax700_t.jpg,
Samsung E630 review,https://www.gsmarena.com/samsung_e630-review-22.php,https://fdn.gsmarena.com/vv/reviewsimg/rv_sa630_t.jpg,
Nokia 9500 review,https://www.gsmarena.com/nokia_9500-review-21.php,https://fdn.gsmarena.com/vv/reviewsimg/rv_no9500_t.jpg,
Nokia 6630 review,https://www.gsmarena.com/nokia_6630-review-20.php,https://fdn.gsmarena.com/vv/reviewsimg/rv_no6630-t.jpg,
Siemens CFX65 review,https://www.gsmarena.com/siemens_cfx65-review-19.php,https://fdn.gsmarena.com/vv/reviewsimg/rv_sicfx65_t.jpg,
Sony Ericsson S700 review,https://www.gsmarena.com/sony_ericsson_s700-review-18.php,https://fdn.gsmarena.com/vv/reviewsimg/rv_ses700_t.jpg,
Nokia 6260 review,https://www.gsmarena.com/nokia_6260-review-17.php,https://fdn.gsmarena.com/vv/reviewsimg/rv_no6260_t.jpg,
Nokia 6170 review,https://www.gsmarena.com/nokia_6170-review-16.php,https://fdn.gsmarena.com/vv/reviewsimg/rv_no6170_t.jpg,
Samsung E800 review,https://www.gsmarena.com/samsung_e800-review-15.php,https://fdn.gsmarena.com/vv/reviewsimg/rv_sae800_t.jpg,
Siemens S65 review,https://www.gsmarena.com/siemens_s65-review-14.php,https://fdn.gsmarena.com/vv/reviewsimg/rv_sis65_t.jpg,
Nokia 9300 live photos,https://www.gsmarena.com/nokia_9300-review-13.php,https://fdn.gsmarena.com/vv/reviewsimg/rv_no9300_t.jpg,
Nokia 3220 review,https://www.gsmarena.com/nokia_3220-review-12.php,https://fdn.gsmarena.com/vv/reviewsimg/rv_no3220_t.jpg,
Siemens S65 vs. Nokia 7610,https://www.gsmarena.com/siemens_s65-review-11.php,https://fdn.gsmarena.com/vv/reviewsimg/rv_sis65_t.jpg,
Sony Ericsson S700 vs. Nokia 7610,https://www.gsmarena.com/sony_ericsson_s700-review-10.php,https://fdn.gsmarena.com/vv/reviewsimg/rvc_ses700_t.jpg,
Motorola E398 review,https://www.gsmarena.com/motorola_e398-review-9.php,https://fdn.gsmarena.com/vv/reviewsimg/rv_moe398_t.jpg,
Sony Ericsson K700 review,https://www.gsmarena.com/sony_ericsson_k700-review-8.php,https://fdn.gsmarena.com/vv/reviewsimg/rvc_sek700_t.jpg,
Siemens S65 live photos,https://www.gsmarena.com/siemens_s65-review-7.php,https://fdn.gsmarena.com/vv/reviewsimg/rv_sis65_1_t.jpg,
Siemens C65 review,https://www.gsmarena.com/siemens_c65-review-5.php,https://fdn.gsmarena.com/vv/reviewsimg/rv_sic65_t.jpg,
Nokia 7610 review,https://www.gsmarena.com/nokia_7610-review-2.php,https://fdn.gsmarena.com/vv/reviewsimg/rv_no7610_t.jpg,
Motorola V80 review,https://www.gsmarena.com/motorola_v80-review-6.php,https://fdn.gsmarena.com/vv/reviewsimg/rv_mov80_t.jpg,
Nokia 5140 review,https://www.gsmarena.com/nokia_5140-review-4.php,https://fdn.gsmarena.com/vv/reviewsimg/rv_no5140_t.jpg,
Samsung D410 review,https://www.gsmarena.com/samsung_d410-review-1.php,https://fdn.gsmarena.com/vv/reviewsimg/rv_sad410_t.jpg,
Nokia 6230 review,https://www.gsmarena.com/nokia_6230-review-3.php,https://fdn.gsmarena.com/vv/reviewsimg/rv_no6230_t.jpg,
